PRAGMA foreign_keys=OFF;
BEGIN TRANSACTION;
CREATE TABLE android_metadata (locale TEXT);
INSERT INTO android_metadata VALUES('en_NL_#u-fw-mon-mu-celsius');
CREATE TABLE `food_items` (`id` INTEGER PRIMARY KEY AUTOINCREMENT NOT NULL, `name` TEXT NOT NULL, `brand` TEXT, `barcode` TEXT, `caloriesPer100` REAL NOT NULL, `proteinPer100` REAL NOT NULL, `carbsPer100` REAL NOT NULL, `fatPer100` REAL NOT NULL, `gramsPerPiece` REAL, `gramsPerCup` REAL, `gramsPerTbsp` REAL, `gramsPerTsp` REAL, `glycemicIndex` INTEGER, `isFavorite` INTEGER NOT NULL, `lastUsed` INTEGER, `createdAt` INTEGER NOT NULL, `isSystemFood` INTEGER NOT NULL, serverId TEXT, updatedAt INTEGER NOT NULL DEFAULT 0, syncedAt INTEGER, preferredUnit TEXT);
INSERT INTO food_items VALUES(1,'Egg Whole',NULL,NULL,155.0,12.59999999999999965,1.100000000000000089,10.59999999999999965,50.0,NULL,NULL,NULL,0,0,NULL,1770889517544,1,NULL,0,NULL,NULL);
INSERT INTO food_items VALUES(2,'Egg White',NULL,NULL,52.0,10.90000000000000035,0.6999999999999999556,0.2000000000000000111,33.0,NULL,NULL,NULL,0,0,NULL,1770889517551,1,NULL,0,NULL,NULL);
INSERT INTO food_items VALUES(3,'Onion',NULL,NULL,40.0,1.100000000000000089,9.30000000000000072,0.1000000000000000055,NULL,NULL,NULL,NULL,10,0,NULL,1770889517554,1,NULL,0,NULL,NULL);
INSERT INTO food_items VALUES(4,'Tomato',NULL,NULL,18.0,0.9000000000000000222,3.899999999999999912,0.2000000000000000111,NULL,NULL,NULL,NULL,15,0,NULL,1770889517556,1,NULL,0,NULL,NULL);
INSERT INTO food_items VALUES(5,'Capsicum',NULL,NULL,20.0,0.9000000000000000222,4.599999999999999644,0.2000000000000000111,NULL,NULL,NULL,NULL,NULL,0,NULL,1770889517557,1,NULL,0,NULL,NULL);
INSERT INTO food_items VALUES(6,'Red Bell Pepper',NULL,NULL,31.0,1.0,6.0,0.2999999999999999889,NULL,NULL,NULL,NULL,15,0,NULL,1770889517558,1,NULL,0,NULL,NULL);
INSERT INTO food_items VALUES(7,'Yellow Bell Pepper',NULL,NULL,27.0,1.0,6.299999999999999823,0.2000000000000000111,NULL,NULL,NULL,NULL,15,0,NULL,1770889517563,1,NULL,0,NULL,NULL);
INSERT INTO food_items VALUES(8,'Butter',NULL,NULL,717.0,0.9000000000000000222,0.1000000000000000055,81.09999999999999431,NULL,NULL,NULL,NULL,0,0,NULL,1770889517566,1,NULL,0,NULL,NULL);
INSERT INTO food_items VALUES(9,'BB Toast',NULL,NULL,260.0,8.699999999999999289,47.0,3.299999999999999823,30.0,NULL,NULL,NULL,70,1,NULL,1770889517569,1,NULL,0,NULL,NULL);
INSERT INTO food_items VALUES(10,'Red Apple',NULL,NULL,52.0,0.2999999999999999889,14.0,0.2000000000000000111,NULL,NULL,NULL,NULL,36,0,NULL,1770889517572,1,NULL,0,NULL,NULL);
INSERT INTO food_items VALUES(11,'Green Apple',NULL,NULL,52.0,0.2999999999999999889,14.0,0.2000000000000000111,NULL,NULL,NULL,NULL,38,0,NULL,1770889517573,1,NULL,0,NULL,NULL);
INSERT INTO food_items VALUES(12,'Watermelon',NULL,NULL,30.0,0.5999999999999999778,7.599999999999999645,0.2000000000000000111,NULL,NULL,NULL,NULL,72,0,NULL,1770889517577,1,NULL,0,NULL,NULL);
INSERT INTO food_items VALUES(13,'Almonds',NULL,NULL,579.0,21.19999999999999929,21.60000000000000143,49.89999999999999858,NULL,NULL,NULL,NULL,0,0,NULL,1770889517579,1,NULL,0,NULL,NULL);
INSERT INTO food_items VALUES(14,'Cashew',NULL,NULL,553.0,18.19999999999999929,30.19999999999999929,43.89999999999999858,NULL,NULL,NULL,NULL,NULL,0,NULL,1770889517582,1,NULL,0,NULL,NULL);
INSERT INTO food_items VALUES(15,'Walnuts',NULL,NULL,654.0,15.19999999999999929,13.69999999999999929,65.20000000000000284,NULL,NULL,NULL,NULL,15,0,NULL,1770889517587,1,NULL,0,NULL,NULL);
INSERT INTO food_items VALUES(16,'Pista',NULL,NULL,560.0,20.19999999999999929,27.19999999999999929,45.29999999999999715,NULL,NULL,NULL,NULL,15,0,NULL,1770889517591,1,NULL,0,NULL,NULL);
INSERT INTO food_items VALUES(17,'Broccoli',NULL,NULL,34.0,2.799999999999999823,7.0,0.4000000000000000222,NULL,NULL,NULL,NULL,10,0,NULL,1770889517595,1,NULL,0,NULL,NULL);
INSERT INTO food_items VALUES(18,'Carrot',NULL,NULL,41.0,0.9000000000000000222,9.59999999999999965,0.2000000000000000111,NULL,NULL,NULL,NULL,35,0,NULL,1770889517598,1,NULL,0,NULL,NULL);
INSERT INTO food_items VALUES(19,'Potato',NULL,NULL,77.0,2.0,17.5,0.1000000000000000055,NULL,NULL,NULL,NULL,78,0,NULL,1770889517600,1,NULL,0,NULL,NULL);
INSERT INTO food_items VALUES(20,'Matar',NULL,NULL,81.0,5.400000000000000355,14.5,0.4000000000000000222,NULL,NULL,NULL,NULL,40,0,NULL,1770889517604,1,NULL,0,NULL,NULL);
INSERT INTO food_items VALUES(21,'White Rice',NULL,NULL,130.0,2.700000000000000177,28.19999999999999929,0.2999999999999999889,NULL,NULL,NULL,NULL,64,0,NULL,1770889517606,1,NULL,0,NULL,NULL);
INSERT INTO food_items VALUES(22,'Olive Oil',NULL,NULL,884.0,0.0,0.0,100.0,NULL,NULL,NULL,NULL,0,0,NULL,1770889517608,1,NULL,0,NULL,NULL);
INSERT INTO food_items VALUES(23,'Mustard Oil',NULL,NULL,884.0,0.0,0.0,100.0,NULL,NULL,NULL,NULL,0,0,NULL,1770889517613,1,NULL,0,NULL,NULL);
INSERT INTO food_items VALUES(24,'Desi Ghee',NULL,NULL,900.0,0.0,0.0,100.0,NULL,NULL,NULL,NULL,0,0,NULL,1770889517614,1,NULL,0,NULL,NULL);
INSERT INTO food_items VALUES(25,'Hot & Sweet Chilli Sauce',NULL,NULL,100.0,0.5,24.0,0.2000000000000000111,NULL,NULL,NULL,NULL,55,0,NULL,1770889517616,1,NULL,0,NULL,NULL);
INSERT INTO food_items VALUES(26,'Tomato Ketchup',NULL,NULL,112.0,1.0,27.39999999999999858,0.1000000000000000055,NULL,NULL,NULL,NULL,50,0,NULL,1770889517618,1,NULL,0,NULL,NULL);
INSERT INTO food_items VALUES(27,'Paneer',NULL,NULL,265.0,18.30000000000000071,1.199999999999999956,20.80000000000000071,NULL,NULL,NULL,NULL,0,0,NULL,1770889517621,1,NULL,0,NULL,NULL);
INSERT INTO food_items VALUES(28,'Corn',NULL,NULL,86.0,3.299999999999999823,19.0,1.399999999999999912,NULL,NULL,NULL,NULL,52,0,NULL,1770889517624,1,NULL,0,NULL,NULL);
INSERT INTO food_items VALUES(29,'Tofu',NULL,NULL,76.0,8.0,1.899999999999999912,4.799999999999999823,NULL,NULL,NULL,NULL,15,0,NULL,1770889517626,1,NULL,0,NULL,NULL);
INSERT INTO food_items VALUES(30,'Zucchini',NULL,NULL,17.0,1.199999999999999956,3.100000000000000088,0.2999999999999999889,NULL,NULL,NULL,NULL,15,0,NULL,1770889517631,1,NULL,0,NULL,NULL);
INSERT INTO food_items VALUES(31,'Banana',NULL,NULL,89.0,1.100000000000000089,22.80000000000000071,0.2999999999999999889,NULL,NULL,NULL,NULL,52,0,NULL,1770889517632,1,NULL,0,NULL,NULL);
INSERT INTO food_items VALUES(32,'Blueberry',NULL,NULL,57.0,0.6999999999999999556,14.5,0.2999999999999999889,NULL,NULL,NULL,NULL,53,0,NULL,1770889517635,1,NULL,0,NULL,NULL);
INSERT INTO food_items VALUES(33,'Strawberry',NULL,NULL,32.0,0.6999999999999999556,7.700000000000000177,0.2999999999999999889,NULL,NULL,NULL,NULL,40,0,NULL,1770889517636,1,NULL,0,NULL,NULL);
INSERT INTO food_items VALUES(34,'Peanut Butter',NULL,NULL,588.0,25.10000000000000142,20.0,50.39999999999999858,NULL,NULL,NULL,NULL,14,0,NULL,1770889517638,1,NULL,0,NULL,NULL);
INSERT INTO food_items VALUES(35,'Cabbage',NULL,NULL,25.0,1.300000000000000044,5.799999999999999823,0.1000000000000000055,NULL,NULL,NULL,NULL,10,0,NULL,1770889517639,1,NULL,0,NULL,NULL);
INSERT INTO food_items VALUES(36,'Wheat Flour',NULL,NULL,340.0,13.19999999999999929,72.0,1.5,NULL,NULL,NULL,NULL,70,0,NULL,1770889517640,1,NULL,0,NULL,NULL);
INSERT INTO food_items VALUES(37,'Gram Flour',NULL,NULL,356.0,22.0,57.79999999999999716,6.700000000000000177,NULL,NULL,NULL,NULL,35,0,NULL,1770889517642,1,NULL,0,NULL,NULL);
INSERT INTO food_items VALUES(38,'Maida',NULL,NULL,350.0,11.0,74.0,1.199999999999999956,NULL,NULL,NULL,NULL,85,0,NULL,1770889517644,1,NULL,0,NULL,NULL);
INSERT INTO food_items VALUES(39,'Large Tortilla',NULL,NULL,220.0,6.799999999999999823,39.0,5.5,65.0,NULL,NULL,NULL,30,0,NULL,1770889517647,1,NULL,0,NULL,NULL);
INSERT INTO food_items VALUES(40,'Cauliflower',NULL,NULL,25.0,1.899999999999999912,5.0,0.2999999999999999889,NULL,NULL,NULL,NULL,15,0,NULL,1770889517648,1,NULL,0,NULL,NULL);
INSERT INTO food_items VALUES(41,'Mushroom',NULL,NULL,22.0,3.100000000000000088,3.299999999999999823,0.2999999999999999889,NULL,NULL,NULL,NULL,10,0,NULL,1770889517649,1,NULL,0,NULL,NULL);
INSERT INTO food_items VALUES(42,'French Beans',NULL,NULL,31.0,1.800000000000000044,7.0,0.1000000000000000055,NULL,NULL,NULL,NULL,30,0,NULL,1770889517652,1,NULL,0,NULL,NULL);
INSERT INTO food_items VALUES(43,'Chickpea',NULL,NULL,164.0,8.900000000000000355,27.39999999999999858,2.600000000000000088,NULL,NULL,NULL,NULL,28,0,NULL,1770889517654,1,NULL,0,NULL,NULL);
INSERT INTO food_items VALUES(44,'Black Chickpea',NULL,NULL,164.0,8.900000000000000355,27.39999999999999858,2.600000000000000088,NULL,NULL,NULL,NULL,30,0,NULL,1770889517655,1,NULL,0,NULL,NULL);
INSERT INTO food_items VALUES(45,'Kharbooja',NULL,NULL,34.0,0.8000000000000000444,8.199999999999999289,0.2000000000000000111,NULL,NULL,NULL,NULL,65,0,NULL,1770889517656,1,NULL,0,NULL,NULL);
INSERT INTO food_items VALUES(46,'Cantaloupe',NULL,NULL,34.0,0.8000000000000000444,8.199999999999999289,0.2000000000000000111,NULL,NULL,NULL,NULL,65,0,NULL,1770889517657,1,NULL,0,NULL,NULL);
INSERT INTO food_items VALUES(47,'Pasta Penne',NULL,NULL,131.0,5.0,25.0,1.100000000000000089,NULL,NULL,NULL,NULL,49,0,NULL,1770889517658,1,NULL,0,NULL,NULL);
INSERT INTO food_items VALUES(48,'Spaghetti',NULL,NULL,131.0,5.0,25.0,1.100000000000000089,NULL,NULL,NULL,NULL,49,0,NULL,1770889517660,1,NULL,0,NULL,NULL);
INSERT INTO food_items VALUES(49,'Pizza Pasta Sauce',NULL,NULL,50.0,1.5,8.0,1.5,NULL,NULL,NULL,NULL,45,0,NULL,1770889517664,1,NULL,0,NULL,NULL);
INSERT INTO food_items VALUES(50,'Pear',NULL,NULL,57.0,0.4000000000000000222,15.19999999999999929,0.1000000000000000055,NULL,NULL,NULL,NULL,38,0,NULL,1770889517666,1,NULL,0,NULL,NULL);
INSERT INTO food_items VALUES(51,'Kiwi',NULL,NULL,61.0,1.100000000000000089,14.69999999999999929,0.5,NULL,NULL,NULL,NULL,53,0,NULL,1770889517666,1,NULL,0,NULL,NULL);
INSERT INTO food_items VALUES(52,'Grapes',NULL,NULL,69.0,0.6999999999999999556,18.10000000000000143,0.2000000000000000111,NULL,NULL,NULL,NULL,46,0,NULL,1770889517670,1,NULL,0,NULL,NULL);
INSERT INTO food_items VALUES(53,'Yellow Moong Dal',NULL,NULL,347.0,24.0,59.89999999999999858,1.199999999999999956,NULL,NULL,NULL,NULL,38,0,NULL,1770889517671,1,NULL,0,NULL,NULL);
INSERT INTO food_items VALUES(54,'Green Moong',NULL,NULL,347.0,24.0,59.89999999999999858,1.199999999999999956,NULL,NULL,NULL,NULL,38,0,NULL,1770889517673,1,NULL,0,NULL,NULL);
INSERT INTO food_items VALUES(55,'Chana Dal',NULL,NULL,360.0,22.0,60.0,5.0,NULL,NULL,NULL,NULL,36,0,NULL,1770889517674,1,NULL,0,NULL,NULL);
INSERT INTO food_items VALUES(56,'Cheese Slice',NULL,NULL,370.0,23.0,1.300000000000000044,31.0,28.0,NULL,NULL,NULL,0,0,NULL,1770889517675,1,NULL,0,NULL,NULL);
INSERT INTO food_items VALUES(57,'Avocado',NULL,NULL,160.0,2.0,8.5,14.69999999999999929,NULL,NULL,NULL,NULL,10,0,NULL,1770889517676,1,NULL,0,NULL,NULL);
INSERT INTO food_items VALUES(58,'Lettuce',NULL,NULL,15.0,1.399999999999999912,2.899999999999999912,0.2000000000000000111,NULL,NULL,NULL,NULL,10,0,NULL,1770889517678,1,NULL,0,NULL,NULL);
INSERT INTO food_items VALUES(59,'Cucumber',NULL,NULL,15.0,0.6999999999999999556,3.600000000000000088,0.1000000000000000055,NULL,NULL,NULL,NULL,15,0,NULL,1770889517679,1,NULL,0,NULL,NULL);
INSERT INTO food_items VALUES(60,'Beetroot',NULL,NULL,43.0,1.600000000000000088,9.59999999999999965,0.2000000000000000111,NULL,NULL,NULL,NULL,61,0,NULL,1770889517680,1,NULL,0,NULL,NULL);
INSERT INTO food_items VALUES(61,'Spinach',NULL,NULL,23.0,2.899999999999999912,3.600000000000000088,0.4000000000000000222,NULL,NULL,NULL,NULL,10,0,NULL,1770889517689,1,NULL,0,NULL,NULL);
INSERT INTO food_items VALUES(62,'Lauki',NULL,NULL,14.0,0.5999999999999999778,3.399999999999999912,0.1000000000000000055,NULL,NULL,NULL,NULL,10,0,NULL,1770889517694,1,NULL,0,NULL,NULL);
INSERT INTO food_items VALUES(63,'Bhindi',NULL,NULL,33.0,1.899999999999999912,7.5,0.2000000000000000111,NULL,NULL,NULL,NULL,20,0,NULL,1770889517695,1,NULL,0,NULL,NULL);
INSERT INTO food_items VALUES(64,'Boneless Chicken',NULL,NULL,165.0,31.0,0.0,3.600000000000000088,NULL,NULL,NULL,NULL,0,0,NULL,1770889517696,1,NULL,0,NULL,NULL);
INSERT INTO food_items VALUES(65,'Black Dates',NULL,NULL,277.0,1.800000000000000044,75.0,0.2000000000000000111,NULL,NULL,NULL,NULL,100,1,NULL,1770889517697,1,NULL,0,NULL,NULL);
INSERT INTO food_items VALUES(66,'Mango',NULL,NULL,60.0,0.8000000000000000444,15.0,0.4000000000000000222,NULL,NULL,NULL,NULL,51,0,NULL,1770889517698,1,NULL,0,NULL,NULL);
INSERT INTO food_items VALUES(67,'Milk',NULL,NULL,61.0,3.200000000000000177,4.799999999999999823,3.299999999999999823,NULL,NULL,NULL,NULL,27,0,NULL,1770889517698,1,NULL,0,NULL,NULL);
INSERT INTO food_items VALUES(68,'Fresh Cream',NULL,NULL,340.0,2.100000000000000088,2.799999999999999823,35.0,NULL,NULL,NULL,NULL,0,0,NULL,1770889517699,1,NULL,0,NULL,NULL);
INSERT INTO food_items VALUES(69,'Chia Seeds',NULL,NULL,486.0,16.5,42.10000000000000142,30.69999999999999929,NULL,NULL,NULL,NULL,35,0,NULL,1770889517700,1,NULL,0,NULL,NULL);
INSERT INTO food_items VALUES(70,'Ragi Flour',NULL,NULL,336.0,7.299999999999999823,72.0,1.300000000000000044,NULL,NULL,NULL,NULL,68,0,NULL,1770889517701,1,NULL,0,NULL,NULL);
INSERT INTO food_items VALUES(71,'Ashwagandha',NULL,NULL,0.0,0.0,0.0,0.0,NULL,NULL,NULL,NULL,NULL,0,NULL,1770889517702,1,NULL,0,NULL,NULL);
INSERT INTO food_items VALUES(72,'Vitamin E (Evion 400)',NULL,NULL,0.0,0.0,0.0,0.0,NULL,NULL,NULL,NULL,NULL,0,NULL,1770889517703,1,NULL,0,NULL,NULL);
INSERT INTO food_items VALUES(73,'Shilajeet',NULL,NULL,0.0,0.0,0.0,0.0,NULL,NULL,NULL,NULL,NULL,0,NULL,1770889517705,1,NULL,0,NULL,NULL);
INSERT INTO food_items VALUES(74,'Sea Cod Liver Oil',NULL,NULL,0.0,0.0,0.0,0.0,NULL,NULL,NULL,NULL,NULL,0,NULL,1770889517706,1,NULL,0,NULL,NULL);
INSERT INTO food_items VALUES(75,'Vitamin D3',NULL,NULL,0.0,0.0,0.0,0.0,NULL,NULL,NULL,NULL,NULL,0,NULL,1770889517707,1,NULL,0,NULL,NULL);
INSERT INTO food_items VALUES(76,'Black Coffee',NULL,NULL,1.0,0.1000000000000000055,0.0,0.0,NULL,240.0,NULL,NULL,0,0,NULL,1770889517708,1,NULL,0,NULL,NULL);
INSERT INTO food_items VALUES(77,'Luke Warm Water',NULL,NULL,0.0,0.0,0.0,0.0,NULL,NULL,NULL,NULL,NULL,0,NULL,1770889517708,1,NULL,0,NULL,NULL);
INSERT INTO food_items VALUES(78,'Almond Milk',NULL,NULL,15.0,0.5,0.2999999999999999889,1.199999999999999956,NULL,NULL,NULL,NULL,25,0,NULL,1770889517712,1,NULL,0,NULL,NULL);
INSERT INTO food_items VALUES(79,'Whey Isolate',NULL,NULL,373.0,90.0,3.0,1.0,NULL,NULL,NULL,NULL,30,0,NULL,1770889517713,1,NULL,0,NULL,NULL);
INSERT INTO food_items VALUES(80,'Oreo Biscuits',NULL,NULL,473.0,4.599999999999999644,67.0,24.0,11.0,NULL,NULL,NULL,70,0,NULL,1770889517714,1,NULL,0,NULL,NULL);
INSERT INTO food_items VALUES(81,'Oats',NULL,NULL,389.0,16.89999999999999857,66.29999999999999716,6.900000000000000355,NULL,NULL,NULL,NULL,55,0,NULL,1770889517715,1,NULL,0,NULL,NULL);
INSERT INTO food_items VALUES(82,'Maple Syrup',NULL,NULL,260.0,0.0,67.0,0.0,NULL,NULL,NULL,NULL,54,0,NULL,1770889517716,1,NULL,0,NULL,NULL);
INSERT INTO food_items VALUES(83,'Cinnamon Powder',NULL,NULL,247.0,4.0,81.0,1.199999999999999956,NULL,NULL,NULL,NULL,5,0,NULL,1770889517717,1,NULL,0,NULL,NULL);
INSERT INTO food_items VALUES(84,'Raisin',NULL,NULL,299.0,3.100000000000000088,79.0,0.5,NULL,NULL,NULL,NULL,64,0,NULL,1770889517718,1,NULL,0,NULL,NULL);
INSERT INTO food_items VALUES(85,'Honey',NULL,NULL,304.0,0.2999999999999999889,82.0,0.0,NULL,NULL,NULL,NULL,61,0,NULL,1770889517720,1,NULL,0,NULL,NULL);
INSERT INTO food_items VALUES(86,'Cranberry',NULL,NULL,46.0,0.4000000000000000222,12.0,0.1000000000000000055,NULL,NULL,NULL,NULL,45,0,NULL,1770889517721,1,NULL,0,NULL,NULL);
INSERT INTO food_items VALUES(87,'Raspberry',NULL,NULL,52.0,1.199999999999999956,12.0,0.6999999999999999556,NULL,NULL,NULL,NULL,32,0,NULL,1770889517722,1,NULL,0,NULL,NULL);
INSERT INTO food_items VALUES(88,'Jowar Flour',NULL,NULL,349.0,10.40000000000000035,72.59999999999999431,1.899999999999999912,NULL,NULL,NULL,NULL,65,0,NULL,1770889517723,1,NULL,0,NULL,NULL);
INSERT INTO food_items VALUES(89,'Veggie Mayo',NULL,NULL,680.0,0.5,1.0,75.0,NULL,NULL,NULL,NULL,15,0,NULL,1770889517724,1,NULL,0,NULL,NULL);
INSERT INTO food_items VALUES(90,'Roasted Melon Seeds',NULL,NULL,574.0,28.30000000000000071,15.19999999999999929,47.29999999999999716,NULL,NULL,NULL,NULL,35,0,NULL,1770889517724,1,NULL,0,NULL,NULL);
INSERT INTO food_items VALUES(91,'Dahi',NULL,NULL,60.0,3.5,4.700000000000000177,3.299999999999999823,NULL,NULL,NULL,NULL,36,0,NULL,1770889517725,1,NULL,0,NULL,NULL);
INSERT INTO food_items VALUES(92,'Plum',NULL,NULL,46.0,0.6999999999999999556,11.40000000000000035,0.2999999999999999889,NULL,NULL,NULL,NULL,39,0,NULL,1770889517729,1,NULL,0,NULL,NULL);
INSERT INTO food_items VALUES(93,'Soya Chunks',NULL,NULL,345.0,52.0,33.0,0.5,NULL,NULL,NULL,NULL,18,0,NULL,1770889517730,1,NULL,0,NULL,NULL);
INSERT INTO food_items VALUES(94,'Poha Raw',NULL,NULL,358.0,6.799999999999999823,77.0,2.700000000000000177,NULL,NULL,NULL,NULL,70,0,NULL,1770889517731,1,NULL,0,NULL,NULL);
INSERT INTO food_items VALUES(95,'Black Olives',NULL,NULL,115.0,0.8000000000000000444,6.0,11.0,NULL,NULL,NULL,NULL,15,0,NULL,1770889517732,1,NULL,0,NULL,NULL);
INSERT INTO food_items VALUES(96,'Mayo',NULL,NULL,680.0,1.0,1.0,75.0,NULL,NULL,NULL,NULL,15,0,NULL,1770889517732,1,NULL,0,NULL,NULL);
INSERT INTO food_items VALUES(97,'Chocolate Ice Cream',NULL,NULL,216.0,3.799999999999999823,28.0,11.0,NULL,NULL,NULL,NULL,60,0,NULL,1770889517733,1,NULL,0,NULL,NULL);
INSERT INTO food_items VALUES(98,'Corn Flakes',NULL,NULL,357.0,7.5,84.0,0.4000000000000000222,NULL,NULL,NULL,NULL,81,0,NULL,1770889517735,1,NULL,0,NULL,NULL);
INSERT INTO food_items VALUES(99,'Brownie',NULL,NULL,405.0,5.0,50.0,21.0,NULL,NULL,NULL,NULL,50,0,NULL,1770889517737,1,NULL,0,NULL,NULL);
INSERT INTO food_items VALUES(100,'Sourdough Bread',NULL,NULL,289.0,11.0,53.0,3.299999999999999823,NULL,NULL,NULL,NULL,54,0,NULL,1770889517738,1,NULL,0,NULL,NULL);
INSERT INTO food_items VALUES(101,'Boiled Rajma',NULL,NULL,127.0,8.699999999999999289,22.80000000000000071,0.5,NULL,NULL,NULL,NULL,29,0,NULL,1770889517739,1,NULL,0,NULL,NULL);
INSERT INTO food_items VALUES(102,'Soy Sauce',NULL,NULL,53.0,8.0,5.0,0.0,NULL,NULL,NULL,NULL,20,0,NULL,1770889517740,1,NULL,0,NULL,NULL);
INSERT INTO food_items VALUES(103,'Chickpea Raw',NULL,NULL,378.0,20.5,63.0,6.0,NULL,NULL,NULL,NULL,33,0,NULL,1770889517740,1,NULL,0,NULL,NULL);
INSERT INTO food_items VALUES(104,'Pink Salt',NULL,NULL,0.0,0.0,0.0,0.0,NULL,NULL,NULL,NULL,NULL,0,NULL,1770889517741,1,NULL,0,NULL,NULL);
INSERT INTO food_items VALUES(105,'Papaya',NULL,NULL,43.0,0.5,11.0,0.2999999999999999889,NULL,NULL,NULL,NULL,60,0,NULL,1770889517742,1,NULL,0,NULL,NULL);
INSERT INTO food_items VALUES(106,'Fresh Cream Cooking',NULL,NULL,195.0,2.5,3.5,19.0,NULL,NULL,NULL,NULL,0,0,NULL,1770889517744,1,NULL,0,NULL,NULL);
INSERT INTO food_items VALUES(107,'QUINOA','Sunrise Natural Foods',NULL,1339.285714285714448,51.07142857142857651,255.0000000000000285,25.5,NULL,NULL,NULL,NULL,NULL,0,NULL,1774033099061,0,NULL,1774033099061,NULL,NULL);
INSERT INTO food_items VALUES(108,'Mixed nuts','Bites We Love','8711299015577',0.0,19.66666666666669983,9.0,58.0,NULL,NULL,NULL,NULL,NULL,0,NULL,1775138503645,0,NULL,1775138503645,NULL,NULL);
CREATE TABLE `meal_food_items` (`mealId` INTEGER NOT NULL, `foodId` INTEGER NOT NULL, `quantity` REAL NOT NULL, `unit` TEXT NOT NULL, `notes` TEXT, PRIMARY KEY(`mealId`, `foodId`), FOREIGN KEY(`mealId`) REFERENCES `meals`(`id`) ON UPDATE NO ACTION ON DELETE CASCADE , FOREIGN KEY(`foodId`) REFERENCES `food_items`(`id`) ON UPDATE NO ACTION ON DELETE CASCADE );
INSERT INTO meal_food_items VALUES(1,1,1.0,'PIECE',NULL);
INSERT INTO meal_food_items VALUES(1,2,3.0,'PIECE',NULL);
INSERT INTO meal_food_items VALUES(1,3,40.0,'GRAM',NULL);
INSERT INTO meal_food_items VALUES(1,4,40.0,'GRAM',NULL);
INSERT INTO meal_food_items VALUES(1,5,40.0,'GRAM',NULL);
INSERT INTO meal_food_items VALUES(1,8,12.0,'GRAM',NULL);
INSERT INTO meal_food_items VALUES(1,9,2.0,'PIECE',NULL);
INSERT INTO meal_food_items VALUES(2,10,100.0,'GRAM',NULL);
INSERT INTO meal_food_items VALUES(2,12,200.0,'GRAM',NULL);
INSERT INTO meal_food_items VALUES(2,13,10.0,'GRAM',NULL);
INSERT INTO meal_food_items VALUES(2,14,10.0,'GRAM',NULL);
INSERT INTO meal_food_items VALUES(3,76,1.0,'CUP',NULL);
INSERT INTO meal_food_items VALUES(4,67,240.0,'GRAM',NULL);
INSERT INTO meal_food_items VALUES(5,3,80.0,'GRAM',NULL);
INSERT INTO meal_food_items VALUES(5,4,80.0,'GRAM',NULL);
INSERT INTO meal_food_items VALUES(5,17,100.0,'GRAM',NULL);
INSERT INTO meal_food_items VALUES(5,18,100.0,'GRAM',NULL);
INSERT INTO meal_food_items VALUES(5,19,80.0,'GRAM',NULL);
INSERT INTO meal_food_items VALUES(5,6,40.0,'GRAM',NULL);
INSERT INTO meal_food_items VALUES(5,20,40.0,'GRAM',NULL);
INSERT INTO meal_food_items VALUES(5,21,45.0,'GRAM',NULL);
INSERT INTO meal_food_items VALUES(5,22,12.0,'GRAM',NULL);
INSERT INTO meal_food_items VALUES(5,25,12.0,'GRAM',NULL);
INSERT INTO meal_food_items VALUES(6,3,80.0,'GRAM',NULL);
INSERT INTO meal_food_items VALUES(6,4,80.0,'GRAM',NULL);
INSERT INTO meal_food_items VALUES(6,27,100.0,'GRAM',NULL);
INSERT INTO meal_food_items VALUES(6,28,80.0,'GRAM',NULL);
INSERT INTO meal_food_items VALUES(6,6,50.0,'GRAM',NULL);
INSERT INTO meal_food_items VALUES(6,7,50.0,'GRAM',NULL);
INSERT INTO meal_food_items VALUES(6,8,12.0,'GRAM',NULL);
INSERT INTO meal_food_items VALUES(6,9,1.0,'PIECE',NULL);
INSERT INTO meal_food_items VALUES(6,26,12.0,'GRAM',NULL);
INSERT INTO meal_food_items VALUES(6,1,2.0,'PIECE',NULL);
INSERT INTO meal_food_items VALUES(7,12,150.0,'GRAM',NULL);
INSERT INTO meal_food_items VALUES(7,10,100.0,'GRAM',NULL);
INSERT INTO meal_food_items VALUES(7,32,50.0,'GRAM',NULL);
INSERT INTO meal_food_items VALUES(7,33,50.0,'GRAM',NULL);
INSERT INTO meal_food_items VALUES(7,13,14.0,'GRAM',NULL);
INSERT INTO meal_food_items VALUES(7,14,14.0,'GRAM',NULL);
INSERT INTO meal_food_items VALUES(8,76,1.0,'CUP',NULL);
INSERT INTO meal_food_items VALUES(9,67,240.0,'GRAM',NULL);
INSERT INTO meal_food_items VALUES(10,21,45.0,'GRAM',NULL);
INSERT INTO meal_food_items VALUES(10,30,120.0,'GRAM',NULL);
INSERT INTO meal_food_items VALUES(10,19,100.0,'GRAM',NULL);
INSERT INTO meal_food_items VALUES(10,6,50.0,'GRAM',NULL);
INSERT INTO meal_food_items VALUES(10,20,50.0,'GRAM',NULL);
INSERT INTO meal_food_items VALUES(10,23,12.0,'GRAM',NULL);
INSERT INTO meal_food_items VALUES(10,25,12.0,'GRAM',NULL);
INSERT INTO meal_food_items VALUES(10,29,100.0,'GRAM',NULL);
INSERT INTO meal_food_items VALUES(11,3,50.0,'GRAM',NULL);
INSERT INTO meal_food_items VALUES(11,4,50.0,'GRAM',NULL);
INSERT INTO meal_food_items VALUES(11,19,100.0,'GRAM',NULL);
INSERT INTO meal_food_items VALUES(11,20,50.0,'GRAM',NULL);
INSERT INTO meal_food_items VALUES(11,1,2.0,'PIECE',NULL);
INSERT INTO meal_food_items VALUES(11,2,2.0,'PIECE',NULL);
INSERT INTO meal_food_items VALUES(11,8,10.0,'GRAM',NULL);
INSERT INTO meal_food_items VALUES(12,34,45.0,'GRAM',NULL);
INSERT INTO meal_food_items VALUES(12,31,50.0,'GRAM',NULL);
INSERT INTO meal_food_items VALUES(12,9,2.0,'PIECE',NULL);
INSERT INTO meal_food_items VALUES(12,8,8.0,'GRAM',NULL);
INSERT INTO meal_food_items VALUES(13,76,1.0,'CUP',NULL);
INSERT INTO meal_food_items VALUES(14,67,240.0,'GRAM',NULL);
INSERT INTO meal_food_items VALUES(15,27,100.0,'GRAM',NULL);
INSERT INTO meal_food_items VALUES(15,35,100.0,'GRAM',NULL);
INSERT INTO meal_food_items VALUES(15,18,100.0,'GRAM',NULL);
INSERT INTO meal_food_items VALUES(15,5,50.0,'GRAM',NULL);
INSERT INTO meal_food_items VALUES(15,20,40.0,'GRAM',NULL);
INSERT INTO meal_food_items VALUES(15,23,12.0,'GRAM',NULL);
INSERT INTO meal_food_items VALUES(15,36,40.0,'GRAM',NULL);
INSERT INTO meal_food_items VALUES(15,37,20.0,'GRAM',NULL);
INSERT INTO meal_food_items VALUES(16,3,40.0,'GRAM',NULL);
INSERT INTO meal_food_items VALUES(16,7,40.0,'GRAM',NULL);
INSERT INTO meal_food_items VALUES(16,6,40.0,'GRAM',NULL);
INSERT INTO meal_food_items VALUES(16,1,2.0,'PIECE',NULL);
INSERT INTO meal_food_items VALUES(16,2,2.0,'PIECE',NULL);
INSERT INTO meal_food_items VALUES(16,39,1.0,'PIECE',NULL);
INSERT INTO meal_food_items VALUES(16,8,12.0,'GRAM',NULL);
INSERT INTO meal_food_items VALUES(16,26,12.0,'GRAM',NULL);
INSERT INTO meal_food_items VALUES(17,10,100.0,'GRAM',NULL);
INSERT INTO meal_food_items VALUES(17,31,80.0,'GRAM',NULL);
INSERT INTO meal_food_items VALUES(17,33,80.0,'GRAM',NULL);
INSERT INTO meal_food_items VALUES(17,32,40.0,'GRAM',NULL);
INSERT INTO meal_food_items VALUES(18,76,1.0,'CUP',NULL);
INSERT INTO meal_food_items VALUES(19,13,20.0,'GRAM',NULL);
INSERT INTO meal_food_items VALUES(19,14,20.0,'GRAM',NULL);
INSERT INTO meal_food_items VALUES(19,16,20.0,'GRAM',NULL);
INSERT INTO meal_food_items VALUES(19,15,20.0,'GRAM',NULL);
INSERT INTO meal_food_items VALUES(20,67,240.0,'GRAM',NULL);
INSERT INTO meal_food_items VALUES(21,27,80.0,'GRAM',NULL);
INSERT INTO meal_food_items VALUES(21,40,100.0,'GRAM',NULL);
INSERT INTO meal_food_items VALUES(21,41,100.0,'GRAM',NULL);
INSERT INTO meal_food_items VALUES(21,4,80.0,'GRAM',NULL);
INSERT INTO meal_food_items VALUES(21,3,80.0,'GRAM',NULL);
INSERT INTO meal_food_items VALUES(21,42,80.0,'GRAM',NULL);
INSERT INTO meal_food_items VALUES(21,20,40.0,'GRAM',NULL);
INSERT INTO meal_food_items VALUES(21,21,45.0,'GRAM',NULL);
INSERT INTO meal_food_items VALUES(21,22,12.0,'GRAM',NULL);
INSERT INTO meal_food_items VALUES(22,43,55.0,'GRAM',NULL);
INSERT INTO meal_food_items VALUES(22,4,80.0,'GRAM',NULL);
INSERT INTO meal_food_items VALUES(22,3,80.0,'GRAM',NULL);
INSERT INTO meal_food_items VALUES(22,30,100.0,'GRAM',NULL);
INSERT INTO meal_food_items VALUES(22,5,50.0,'GRAM',NULL);
INSERT INTO meal_food_items VALUES(22,8,10.0,'GRAM',NULL);
INSERT INTO meal_food_items VALUES(22,9,2.0,'PIECE',NULL);
INSERT INTO meal_food_items VALUES(23,31,100.0,'GRAM',NULL);
INSERT INTO meal_food_items VALUES(23,45,100.0,'GRAM',NULL);
INSERT INTO meal_food_items VALUES(23,13,14.0,'GRAM',NULL);
INSERT INTO meal_food_items VALUES(23,14,14.0,'GRAM',NULL);
INSERT INTO meal_food_items VALUES(23,15,14.0,'GRAM',NULL);
INSERT INTO meal_food_items VALUES(24,76,1.0,'CUP',NULL);
INSERT INTO meal_food_items VALUES(25,67,240.0,'GRAM',NULL);
INSERT INTO meal_food_items VALUES(26,4,80.0,'GRAM',NULL);
INSERT INTO meal_food_items VALUES(26,3,80.0,'GRAM',NULL);
INSERT INTO meal_food_items VALUES(26,19,80.0,'GRAM',NULL);
INSERT INTO meal_food_items VALUES(26,17,80.0,'GRAM',NULL);
INSERT INTO meal_food_items VALUES(26,6,50.0,'GRAM',NULL);
INSERT INTO meal_food_items VALUES(26,20,50.0,'GRAM',NULL);
INSERT INTO meal_food_items VALUES(26,1,2.0,'PIECE',NULL);
INSERT INTO meal_food_items VALUES(26,2,1.0,'PIECE',NULL);
INSERT INTO meal_food_items VALUES(26,22,12.0,'GRAM',NULL);
INSERT INTO meal_food_items VALUES(26,47,50.0,'GRAM',NULL);
INSERT INTO meal_food_items VALUES(27,10,120.0,'GRAM',NULL);
INSERT INTO meal_food_items VALUES(27,34,50.0,'GRAM',NULL);
INSERT INTO meal_food_items VALUES(28,27,80.0,'GRAM',NULL);
INSERT INTO meal_food_items VALUES(28,4,50.0,'GRAM',NULL);
INSERT INTO meal_food_items VALUES(28,3,50.0,'GRAM',NULL);
INSERT INTO meal_food_items VALUES(28,6,50.0,'GRAM',NULL);
INSERT INTO meal_food_items VALUES(28,20,40.0,'GRAM',NULL);
INSERT INTO meal_food_items VALUES(28,39,1.0,'PIECE',NULL);
INSERT INTO meal_food_items VALUES(28,8,10.0,'GRAM',NULL);
INSERT INTO meal_food_items VALUES(28,26,12.0,'GRAM',NULL);
INSERT INTO meal_food_items VALUES(29,10,120.0,'GRAM',NULL);
INSERT INTO meal_food_items VALUES(29,50,120.0,'GRAM',NULL);
INSERT INTO meal_food_items VALUES(29,51,80.0,'GRAM',NULL);
INSERT INTO meal_food_items VALUES(29,52,80.0,'GRAM',NULL);
INSERT INTO meal_food_items VALUES(29,13,20.0,'GRAM',NULL);
INSERT INTO meal_food_items VALUES(30,76,1.0,'CUP',NULL);
INSERT INTO meal_food_items VALUES(31,67,240.0,'GRAM',NULL);
INSERT INTO meal_food_items VALUES(32,3,80.0,'GRAM',NULL);
INSERT INTO meal_food_items VALUES(32,4,80.0,'GRAM',NULL);
INSERT INTO meal_food_items VALUES(32,29,100.0,'GRAM',NULL);
INSERT INTO meal_food_items VALUES(32,35,100.0,'GRAM',NULL);
INSERT INTO meal_food_items VALUES(32,18,80.0,'GRAM',NULL);
INSERT INTO meal_food_items VALUES(32,42,80.0,'GRAM',NULL);
INSERT INTO meal_food_items VALUES(32,20,50.0,'GRAM',NULL);
INSERT INTO meal_food_items VALUES(32,21,45.0,'GRAM',NULL);
INSERT INTO meal_food_items VALUES(32,22,12.0,'GRAM',NULL);
INSERT INTO meal_food_items VALUES(33,3,40.0,'GRAM',NULL);
INSERT INTO meal_food_items VALUES(33,4,40.0,'GRAM',NULL);
INSERT INTO meal_food_items VALUES(33,5,40.0,'GRAM',NULL);
INSERT INTO meal_food_items VALUES(33,1,1.0,'PIECE',NULL);
INSERT INTO meal_food_items VALUES(33,2,2.0,'PIECE',NULL);
INSERT INTO meal_food_items VALUES(33,8,12.0,'GRAM',NULL);
INSERT INTO meal_food_items VALUES(33,9,2.0,'PIECE',NULL);
INSERT INTO meal_food_items VALUES(33,26,12.0,'GRAM',NULL);
INSERT INTO meal_food_items VALUES(33,56,1.0,'PIECE',NULL);
INSERT INTO meal_food_items VALUES(34,45,200.0,'GRAM',NULL);
INSERT INTO meal_food_items VALUES(34,31,80.0,'GRAM',NULL);
INSERT INTO meal_food_items VALUES(34,33,80.0,'GRAM',NULL);
INSERT INTO meal_food_items VALUES(34,14,10.0,'GRAM',NULL);
INSERT INTO meal_food_items VALUES(34,16,10.0,'GRAM',NULL);
INSERT INTO meal_food_items VALUES(35,76,1.0,'CUP',NULL);
INSERT INTO meal_food_items VALUES(36,67,240.0,'GRAM',NULL);
INSERT INTO meal_food_items VALUES(37,3,80.0,'GRAM',NULL);
INSERT INTO meal_food_items VALUES(37,4,80.0,'GRAM',NULL);
INSERT INTO meal_food_items VALUES(37,27,100.0,'GRAM',NULL);
INSERT INTO meal_food_items VALUES(37,53,45.0,'GRAM',NULL);
INSERT INTO meal_food_items VALUES(37,21,45.0,'GRAM',NULL);
INSERT INTO meal_food_items VALUES(37,22,12.0,'GRAM',NULL);
INSERT INTO meal_food_items VALUES(38,3,50.0,'GRAM',NULL);
INSERT INTO meal_food_items VALUES(38,4,50.0,'GRAM',NULL);
INSERT INTO meal_food_items VALUES(38,29,80.0,'GRAM',NULL);
INSERT INTO meal_food_items VALUES(38,6,40.0,'GRAM',NULL);
INSERT INTO meal_food_items VALUES(38,7,40.0,'GRAM',NULL);
INSERT INTO meal_food_items VALUES(38,9,3.0,'PIECE',NULL);
INSERT INTO meal_food_items VALUES(38,8,12.0,'GRAM',NULL);
INSERT INTO meal_food_items VALUES(38,26,12.0,'GRAM',NULL);
INSERT INTO meal_food_items VALUES(38,56,2.0,'PIECE',NULL);
INSERT INTO meal_food_items VALUES(39,10,120.0,'GRAM',NULL);
INSERT INTO meal_food_items VALUES(39,50,120.0,'GRAM',NULL);
INSERT INTO meal_food_items VALUES(39,33,80.0,'GRAM',NULL);
INSERT INTO meal_food_items VALUES(39,32,40.0,'GRAM',NULL);
INSERT INTO meal_food_items VALUES(39,13,20.0,'GRAM',NULL);
INSERT INTO meal_food_items VALUES(39,16,20.0,'GRAM',NULL);
INSERT INTO meal_food_items VALUES(40,76,1.0,'CUP',NULL);
INSERT INTO meal_food_items VALUES(41,67,240.0,'GRAM',NULL);
INSERT INTO meal_food_items VALUES(42,4,70.0,'GRAM',NULL);
INSERT INTO meal_food_items VALUES(42,3,70.0,'GRAM',NULL);
INSERT INTO meal_food_items VALUES(42,19,80.0,'GRAM',NULL);
INSERT INTO meal_food_items VALUES(42,41,100.0,'GRAM',NULL);
INSERT INTO meal_food_items VALUES(42,6,50.0,'GRAM',NULL);
INSERT INTO meal_food_items VALUES(42,7,50.0,'GRAM',NULL);
INSERT INTO meal_food_items VALUES(42,20,40.0,'GRAM',NULL);
INSERT INTO meal_food_items VALUES(42,47,50.0,'GRAM',NULL);
INSERT INTO meal_food_items VALUES(42,22,12.0,'GRAM',NULL);
INSERT INTO meal_food_items VALUES(42,49,12.0,'GRAM',NULL);
INSERT INTO meal_food_items VALUES(43,3,40.0,'GRAM',NULL);
INSERT INTO meal_food_items VALUES(43,18,40.0,'GRAM',NULL);
INSERT INTO meal_food_items VALUES(43,6,40.0,'GRAM',NULL);
INSERT INTO meal_food_items VALUES(43,38,20.0,'GRAM',NULL);
INSERT INTO meal_food_items VALUES(43,37,40.0,'GRAM',NULL);
INSERT INTO meal_food_items VALUES(43,67,120.0,'GRAM',NULL);
INSERT INTO meal_food_items VALUES(43,1,1.0,'PIECE',NULL);
INSERT INTO meal_food_items VALUES(43,2,3.0,'PIECE',NULL);
INSERT INTO meal_food_items VALUES(43,22,12.0,'GRAM',NULL);
INSERT INTO meal_food_items VALUES(44,31,100.0,'GRAM',NULL);
INSERT INTO meal_food_items VALUES(44,46,140.0,'GRAM',NULL);
INSERT INTO meal_food_items VALUES(44,65,50.0,'GRAM',NULL);
INSERT INTO meal_food_items VALUES(44,13,14.0,'GRAM',NULL);
INSERT INTO meal_food_items VALUES(44,14,14.0,'GRAM',NULL);
INSERT INTO meal_food_items VALUES(45,76,1.0,'CUP',NULL);
INSERT INTO meal_food_items VALUES(46,67,240.0,'GRAM',NULL);
INSERT INTO meal_food_items VALUES(47,3,50.0,'GRAM',NULL);
INSERT INTO meal_food_items VALUES(47,4,50.0,'GRAM',NULL);
INSERT INTO meal_food_items VALUES(47,27,100.0,'GRAM',NULL);
INSERT INTO meal_food_items VALUES(47,62,140.0,'GRAM',NULL);
INSERT INTO meal_food_items VALUES(47,20,40.0,'GRAM',NULL);
INSERT INTO meal_food_items VALUES(47,23,12.0,'GRAM',NULL);
INSERT INTO meal_food_items VALUES(47,21,45.0,'GRAM',NULL);
INSERT INTO meal_food_items VALUES(47,55,45.0,'GRAM',NULL);
INSERT INTO meal_food_items VALUES(48,3,40.0,'GRAM',NULL);
INSERT INTO meal_food_items VALUES(48,57,40.0,'GRAM',NULL);
INSERT INTO meal_food_items VALUES(48,6,40.0,'GRAM',NULL);
INSERT INTO meal_food_items VALUES(48,1,1.0,'PIECE',NULL);
INSERT INTO meal_food_items VALUES(48,2,3.0,'PIECE',NULL);
INSERT INTO meal_food_items VALUES(48,8,12.0,'GRAM',NULL);
INSERT INTO meal_food_items VALUES(48,9,1.0,'PIECE',NULL);
INSERT INTO meal_food_items VALUES(49,9,3.0,'PIECE',NULL);
INSERT INTO meal_food_items VALUES(49,34,50.0,'GRAM',NULL);
INSERT INTO meal_food_items VALUES(49,10,80.0,'GRAM',NULL);
INSERT INTO meal_food_items VALUES(49,8,8.0,'GRAM',NULL);
INSERT INTO meal_food_items VALUES(50,76,1.0,'CUP',NULL);
INSERT INTO meal_food_items VALUES(51,67,240.0,'GRAM',NULL);
INSERT INTO meal_food_items VALUES(52,3,80.0,'GRAM',NULL);
INSERT INTO meal_food_items VALUES(52,4,80.0,'GRAM',NULL);
INSERT INTO meal_food_items VALUES(52,27,80.0,'GRAM',NULL);
INSERT INTO meal_food_items VALUES(52,17,80.0,'GRAM',NULL);
INSERT INTO meal_food_items VALUES(52,18,100.0,'GRAM',NULL);
INSERT INTO meal_food_items VALUES(52,6,40.0,'GRAM',NULL);
INSERT INTO meal_food_items VALUES(52,7,40.0,'GRAM',NULL);
INSERT INTO meal_food_items VALUES(52,48,50.0,'GRAM',NULL);
INSERT INTO meal_food_items VALUES(52,61,50.0,'GRAM',NULL);
INSERT INTO meal_food_items VALUES(52,22,12.0,'GRAM',NULL);
INSERT INTO meal_food_items VALUES(52,49,12.0,'GRAM',NULL);
INSERT INTO meal_food_items VALUES(53,27,100.0,'GRAM',NULL);
INSERT INTO meal_food_items VALUES(53,4,50.0,'GRAM',NULL);
INSERT INTO meal_food_items VALUES(53,3,50.0,'GRAM',NULL);
INSERT INTO meal_food_items VALUES(53,6,50.0,'GRAM',NULL);
INSERT INTO meal_food_items VALUES(53,7,50.0,'GRAM',NULL);
INSERT INTO meal_food_items VALUES(53,8,12.0,'GRAM',NULL);
INSERT INTO meal_food_items VALUES(53,39,2.0,'PIECE',NULL);
INSERT INTO meal_food_items VALUES(53,26,12.0,'GRAM',NULL);
INSERT INTO meal_food_items VALUES(54,31,80.0,'GRAM',NULL);
INSERT INTO meal_food_items VALUES(54,46,150.0,'GRAM',NULL);
INSERT INTO meal_food_items VALUES(54,11,100.0,'GRAM',NULL);
INSERT INTO meal_food_items VALUES(54,13,20.0,'GRAM',NULL);
INSERT INTO meal_food_items VALUES(54,14,20.0,'GRAM',NULL);
INSERT INTO meal_food_items VALUES(54,15,20.0,'GRAM',NULL);
INSERT INTO meal_food_items VALUES(55,76,1.0,'CUP',NULL);
INSERT INTO meal_food_items VALUES(56,67,240.0,'GRAM',NULL);
INSERT INTO meal_food_items VALUES(56,16,20.0,'GRAM',NULL);
INSERT INTO meal_food_items VALUES(57,3,80.0,'GRAM',NULL);
INSERT INTO meal_food_items VALUES(57,4,80.0,'GRAM',NULL);
INSERT INTO meal_food_items VALUES(57,64,150.0,'GRAM',NULL);
INSERT INTO meal_food_items VALUES(57,53,45.0,'GRAM',NULL);
INSERT INTO meal_food_items VALUES(57,21,45.0,'GRAM',NULL);
INSERT INTO meal_food_items VALUES(57,22,12.0,'GRAM',NULL);
INSERT INTO meal_food_items VALUES(58,1,2.0,'PIECE',NULL);
INSERT INTO meal_food_items VALUES(58,2,2.0,'PIECE',NULL);
INSERT INTO meal_food_items VALUES(58,3,50.0,'GRAM',NULL);
INSERT INTO meal_food_items VALUES(58,35,50.0,'GRAM',NULL);
INSERT INTO meal_food_items VALUES(58,28,50.0,'GRAM',NULL);
INSERT INTO meal_food_items VALUES(58,8,12.0,'GRAM',NULL);
INSERT INTO meal_food_items VALUES(58,9,4.0,'PIECE',NULL);
INSERT INTO meal_food_items VALUES(58,26,12.0,'GRAM',NULL);
INSERT INTO meal_food_items VALUES(59,66,100.0,'GRAM',NULL);
INSERT INTO meal_food_items VALUES(59,10,100.0,'GRAM',NULL);
INSERT INTO meal_food_items VALUES(59,45,180.0,'GRAM',NULL);
INSERT INTO meal_food_items VALUES(59,15,20.0,'GRAM',NULL);
INSERT INTO meal_food_items VALUES(59,13,20.0,'GRAM',NULL);
INSERT INTO meal_food_items VALUES(60,76,1.0,'CUP',NULL);
INSERT INTO meal_food_items VALUES(61,67,240.0,'GRAM',NULL);
INSERT INTO meal_food_items VALUES(61,16,20.0,'GRAM',NULL);
INSERT INTO meal_food_items VALUES(62,3,80.0,'GRAM',NULL);
INSERT INTO meal_food_items VALUES(62,4,80.0,'GRAM',NULL);
INSERT INTO meal_food_items VALUES(62,64,150.0,'GRAM',NULL);
INSERT INTO meal_food_items VALUES(62,19,100.0,'GRAM',NULL);
INSERT INTO meal_food_items VALUES(62,35,80.0,'GRAM',NULL);
INSERT INTO meal_food_items VALUES(62,6,40.0,'GRAM',NULL);
INSERT INTO meal_food_items VALUES(62,21,45.0,'GRAM',NULL);
INSERT INTO meal_food_items VALUES(62,22,12.0,'GRAM',NULL);
INSERT INTO meal_food_items VALUES(63,37,60.0,'GRAM',NULL);
INSERT INTO meal_food_items VALUES(63,4,40.0,'GRAM',NULL);
INSERT INTO meal_food_items VALUES(63,3,40.0,'GRAM',NULL);
INSERT INTO meal_food_items VALUES(63,18,60.0,'GRAM',NULL);
INSERT INTO meal_food_items VALUES(63,7,40.0,'GRAM',NULL);
INSERT INTO meal_food_items VALUES(63,22,12.0,'GRAM',NULL);
INSERT INTO meal_food_items VALUES(63,26,12.0,'GRAM',NULL);
INSERT INTO meal_food_items VALUES(64,27,80.0,'GRAM',NULL);
INSERT INTO meal_food_items VALUES(64,4,80.0,'GRAM',NULL);
INSERT INTO meal_food_items VALUES(64,59,120.0,'GRAM',NULL);
INSERT INTO meal_food_items VALUES(64,3,20.0,'GRAM',NULL);
INSERT INTO meal_food_items VALUES(64,6,40.0,'GRAM',NULL);
INSERT INTO meal_food_items VALUES(64,57,50.0,'GRAM',NULL);
INSERT INTO meal_food_items VALUES(64,58,40.0,'GRAM',NULL);
INSERT INTO meal_food_items VALUES(64,13,20.0,'GRAM',NULL);
INSERT INTO meal_food_items VALUES(64,15,20.0,'GRAM',NULL);
INSERT INTO meal_food_items VALUES(64,14,20.0,'GRAM',NULL);
INSERT INTO meal_food_items VALUES(65,76,1.0,'CUP',NULL);
INSERT INTO meal_food_items VALUES(66,67,240.0,'GRAM',NULL);
INSERT INTO meal_food_items VALUES(67,3,80.0,'GRAM',NULL);
INSERT INTO meal_food_items VALUES(67,4,80.0,'GRAM',NULL);
INSERT INTO meal_food_items VALUES(67,19,120.0,'GRAM',NULL);
INSERT INTO meal_food_items VALUES(67,43,60.0,'GRAM',NULL);
INSERT INTO meal_food_items VALUES(67,5,50.0,'GRAM',NULL);
INSERT INTO meal_food_items VALUES(67,42,80.0,'GRAM',NULL);
INSERT INTO meal_food_items VALUES(67,21,50.0,'GRAM',NULL);
INSERT INTO meal_food_items VALUES(67,22,12.0,'GRAM',NULL);
INSERT INTO meal_food_items VALUES(68,1,2.0,'PIECE',NULL);
INSERT INTO meal_food_items VALUES(68,2,2.0,'PIECE',NULL);
INSERT INTO meal_food_items VALUES(68,3,50.0,'GRAM',NULL);
INSERT INTO meal_food_items VALUES(68,4,50.0,'GRAM',NULL);
INSERT INTO meal_food_items VALUES(68,6,50.0,'GRAM',NULL);
INSERT INTO meal_food_items VALUES(68,8,14.0,'GRAM',NULL);
INSERT INTO meal_food_items VALUES(68,56,2.0,'PIECE',NULL);
INSERT INTO meal_food_items VALUES(68,9,3.0,'PIECE',NULL);
INSERT INTO meal_food_items VALUES(68,26,12.0,'GRAM',NULL);
INSERT INTO meal_food_items VALUES(69,27,100.0,'GRAM',NULL);
INSERT INTO meal_food_items VALUES(69,4,50.0,'GRAM',NULL);
INSERT INTO meal_food_items VALUES(69,3,50.0,'GRAM',NULL);
INSERT INTO meal_food_items VALUES(69,7,50.0,'GRAM',NULL);
INSERT INTO meal_food_items VALUES(69,28,50.0,'GRAM',NULL);
INSERT INTO meal_food_items VALUES(69,39,1.0,'PIECE',NULL);
INSERT INTO meal_food_items VALUES(69,8,12.0,'GRAM',NULL);
INSERT INTO meal_food_items VALUES(69,26,12.0,'GRAM',NULL);
INSERT INTO meal_food_items VALUES(70,76,1.0,'CUP',NULL);
INSERT INTO meal_food_items VALUES(71,67,240.0,'GRAM',NULL);
INSERT INTO meal_food_items VALUES(71,66,140.0,'GRAM',NULL);
INSERT INTO meal_food_items VALUES(71,68,40.0,'GRAM',NULL);
INSERT INTO meal_food_items VALUES(71,69,8.0,'GRAM',NULL);
INSERT INTO meal_food_items VALUES(72,67,240.0,'GRAM',NULL);
INSERT INTO meal_food_items VALUES(73,3,80.0,'GRAM',NULL);
INSERT INTO meal_food_items VALUES(73,4,80.0,'GRAM',NULL);
INSERT INTO meal_food_items VALUES(73,64,200.0,'GRAM',NULL);
INSERT INTO meal_food_items VALUES(73,17,100.0,'GRAM',NULL);
INSERT INTO meal_food_items VALUES(73,6,50.0,'GRAM',NULL);
INSERT INTO meal_food_items VALUES(73,18,80.0,'GRAM',NULL);
INSERT INTO meal_food_items VALUES(73,21,50.0,'GRAM',NULL);
INSERT INTO meal_food_items VALUES(73,22,12.0,'GRAM',NULL);
INSERT INTO meal_food_items VALUES(74,37,60.0,'GRAM',NULL);
INSERT INTO meal_food_items VALUES(74,3,50.0,'GRAM',NULL);
INSERT INTO meal_food_items VALUES(74,4,50.0,'GRAM',NULL);
INSERT INTO meal_food_items VALUES(74,27,100.0,'GRAM',NULL);
INSERT INTO meal_food_items VALUES(74,5,40.0,'GRAM',NULL);
INSERT INTO meal_food_items VALUES(74,22,12.0,'GRAM',NULL);
INSERT INTO meal_food_items VALUES(74,26,12.0,'GRAM',NULL);
INSERT INTO meal_food_items VALUES(75,44,100.0,'GRAM',NULL);
INSERT INTO meal_food_items VALUES(75,4,80.0,'GRAM',NULL);
INSERT INTO meal_food_items VALUES(75,59,100.0,'GRAM',NULL);
INSERT INTO meal_food_items VALUES(75,28,80.0,'GRAM',NULL);
INSERT INTO meal_food_items VALUES(75,7,40.0,'GRAM',NULL);
INSERT INTO meal_food_items VALUES(75,8,8.0,'GRAM',NULL);
INSERT INTO meal_food_items VALUES(76,76,1.0,'CUP',NULL);
INSERT INTO meal_food_items VALUES(77,67,240.0,'GRAM',NULL);
INSERT INTO meal_food_items VALUES(77,10,120.0,'GRAM',NULL);
INSERT INTO meal_food_items VALUES(77,65,80.0,'GRAM',NULL);
INSERT INTO meal_food_items VALUES(77,68,40.0,'GRAM',NULL);
INSERT INTO meal_food_items VALUES(78,67,240.0,'GRAM',NULL);
INSERT INTO meal_food_items VALUES(79,3,80.0,'GRAM',NULL);
INSERT INTO meal_food_items VALUES(79,4,80.0,'GRAM',NULL);
INSERT INTO meal_food_items VALUES(79,19,100.0,'GRAM',NULL);
INSERT INTO meal_food_items VALUES(79,63,100.0,'GRAM',NULL);
INSERT INTO meal_food_items VALUES(79,5,40.0,'GRAM',NULL);
INSERT INTO meal_food_items VALUES(79,24,12.0,'GRAM',NULL);
INSERT INTO meal_food_items VALUES(79,36,40.0,'GRAM',NULL);
INSERT INTO meal_food_items VALUES(79,70,20.0,'GRAM',NULL);
INSERT INTO meal_food_items VALUES(80,3,40.0,'GRAM',NULL);
INSERT INTO meal_food_items VALUES(80,4,40.0,'GRAM',NULL);
INSERT INTO meal_food_items VALUES(80,6,40.0,'GRAM',NULL);
INSERT INTO meal_food_items VALUES(80,1,2.0,'PIECE',NULL);
INSERT INTO meal_food_items VALUES(80,2,2.0,'PIECE',NULL);
INSERT INTO meal_food_items VALUES(80,8,12.0,'GRAM',NULL);
INSERT INTO meal_food_items VALUES(80,9,2.0,'PIECE',NULL);
INSERT INTO meal_food_items VALUES(80,56,1.0,'PIECE',NULL);
INSERT INTO meal_food_items VALUES(81,3,20.0,'GRAM',NULL);
INSERT INTO meal_food_items VALUES(81,4,80.0,'GRAM',NULL);
INSERT INTO meal_food_items VALUES(81,59,120.0,'GRAM',NULL);
INSERT INTO meal_food_items VALUES(81,27,80.0,'GRAM',NULL);
INSERT INTO meal_food_items VALUES(81,28,80.0,'GRAM',NULL);
INSERT INTO meal_food_items VALUES(81,60,40.0,'GRAM',NULL);
INSERT INTO meal_food_items VALUES(82,76,1.0,'CUP',NULL);
INSERT INTO meal_food_items VALUES(83,31,100.0,'GRAM',NULL);
INSERT INTO meal_food_items VALUES(83,67,240.0,'GRAM',NULL);
INSERT INTO meal_food_items VALUES(83,13,14.0,'GRAM',NULL);
INSERT INTO meal_food_items VALUES(83,14,14.0,'GRAM',NULL);
INSERT INTO meal_food_items VALUES(84,67,240.0,'GRAM',NULL);
INSERT INTO meal_food_items VALUES(85,3,80.0,'GRAM',NULL);
INSERT INTO meal_food_items VALUES(85,4,80.0,'GRAM',NULL);
INSERT INTO meal_food_items VALUES(85,40,100.0,'GRAM',NULL);
INSERT INTO meal_food_items VALUES(85,54,45.0,'GRAM',NULL);
INSERT INTO meal_food_items VALUES(85,21,50.0,'GRAM',NULL);
INSERT INTO meal_food_items VALUES(85,23,14.0,'GRAM',NULL);
INSERT INTO meal_food_items VALUES(86,3,60.0,'GRAM',NULL);
INSERT INTO meal_food_items VALUES(86,4,60.0,'GRAM',NULL);
INSERT INTO meal_food_items VALUES(86,5,50.0,'GRAM',NULL);
INSERT INTO meal_food_items VALUES(86,27,80.0,'GRAM',NULL);
INSERT INTO meal_food_items VALUES(86,28,50.0,'GRAM',NULL);
INSERT INTO meal_food_items VALUES(86,56,1.0,'PIECE',NULL);
INSERT INTO meal_food_items VALUES(86,39,1.0,'PIECE',NULL);
INSERT INTO meal_food_items VALUES(86,8,12.0,'GRAM',NULL);
INSERT INTO meal_food_items VALUES(86,26,12.0,'GRAM',NULL);
INSERT INTO meal_food_items VALUES(87,9,4.0,'PIECE',NULL);
INSERT INTO meal_food_items VALUES(87,34,70.0,'GRAM',NULL);
INSERT INTO meal_food_items VALUES(87,31,80.0,'GRAM',NULL);
INSERT INTO meal_food_items VALUES(87,8,8.0,'GRAM',NULL);
INSERT INTO meal_food_items VALUES(88,76,1.0,'CUP',NULL);
INSERT INTO meal_food_items VALUES(89,67,240.0,'GRAM',NULL);
INSERT INTO meal_food_items VALUES(90,3,80.0,'GRAM',NULL);
INSERT INTO meal_food_items VALUES(90,4,80.0,'GRAM',NULL);
INSERT INTO meal_food_items VALUES(90,1,2.0,'PIECE',NULL);
INSERT INTO meal_food_items VALUES(90,2,2.0,'PIECE',NULL);
INSERT INTO meal_food_items VALUES(90,17,80.0,'GRAM',NULL);
INSERT INTO meal_food_items VALUES(90,18,80.0,'GRAM',NULL);
INSERT INTO meal_food_items VALUES(90,6,50.0,'GRAM',NULL);
INSERT INTO meal_food_items VALUES(90,7,50.0,'GRAM',NULL);
INSERT INTO meal_food_items VALUES(90,21,45.0,'GRAM',NULL);
INSERT INTO meal_food_items VALUES(90,25,12.0,'GRAM',NULL);
INSERT INTO meal_food_items VALUES(90,22,12.0,'GRAM',NULL);
INSERT INTO meal_food_items VALUES(91,69,8.0,'GRAM',NULL);
INSERT INTO meal_food_items VALUES(92,3,70.0,'GRAM',NULL);
INSERT INTO meal_food_items VALUES(92,4,70.0,'GRAM',NULL);
INSERT INTO meal_food_items VALUES(92,5,40.0,'GRAM',NULL);
INSERT INTO meal_food_items VALUES(92,6,40.0,'GRAM',NULL);
INSERT INTO meal_food_items VALUES(92,1,2.0,'PIECE',NULL);
INSERT INTO meal_food_items VALUES(92,2,3.0,'PIECE',NULL);
INSERT INTO meal_food_items VALUES(92,8,14.0,'GRAM',NULL);
INSERT INTO meal_food_items VALUES(92,9,1.0,'PIECE',NULL);
INSERT INTO meal_food_items VALUES(92,27,80.0,'GRAM',NULL);
INSERT INTO meal_food_items VALUES(93,76,1.0,'CUP',NULL);
INSERT INTO meal_food_items VALUES(94,105,200.0,'GRAM',NULL);
INSERT INTO meal_food_items VALUES(94,12,180.0,'GRAM',NULL);
INSERT INTO meal_food_items VALUES(94,46,180.0,'GRAM',NULL);
INSERT INTO meal_food_items VALUES(96,13,20.0,'GRAM',NULL);
INSERT INTO meal_food_items VALUES(96,14,20.0,'GRAM',NULL);
INSERT INTO meal_food_items VALUES(96,16,20.0,'GRAM',NULL);
INSERT INTO meal_food_items VALUES(96,15,20.0,'GRAM',NULL);
INSERT INTO meal_food_items VALUES(97,3,80.0,'GRAM',NULL);
INSERT INTO meal_food_items VALUES(97,4,80.0,'GRAM',NULL);
INSERT INTO meal_food_items VALUES(97,64,220.0,'GRAM',NULL);
INSERT INTO meal_food_items VALUES(97,30,120.0,'GRAM',NULL);
INSERT INTO meal_food_items VALUES(97,27,100.0,'GRAM',NULL);
INSERT INTO meal_food_items VALUES(97,7,50.0,'GRAM',NULL);
INSERT INTO meal_food_items VALUES(97,20,50.0,'GRAM',NULL);
INSERT INTO meal_food_items VALUES(97,22,14.0,'GRAM',NULL);
INSERT INTO meal_food_items VALUES(98,69,8.0,'GRAM',NULL);
INSERT INTO meal_food_items VALUES(99,19,100.0,'GRAM',NULL);
INSERT INTO meal_food_items VALUES(99,4,80.0,'GRAM',NULL);
INSERT INTO meal_food_items VALUES(99,3,80.0,'GRAM',NULL);
INSERT INTO meal_food_items VALUES(99,5,40.0,'GRAM',NULL);
INSERT INTO meal_food_items VALUES(99,9,4.0,'PIECE',NULL);
INSERT INTO meal_food_items VALUES(99,8,12.0,'GRAM',NULL);
INSERT INTO meal_food_items VALUES(99,56,2.0,'PIECE',NULL);
INSERT INTO meal_food_items VALUES(100,76,1.0,'CUP',NULL);
INSERT INTO meal_food_items VALUES(101,81,45.0,'GRAM',NULL);
INSERT INTO meal_food_items VALUES(101,67,240.0,'GRAM',NULL);
INSERT INTO meal_food_items VALUES(101,69,8.0,'GRAM',NULL);
INSERT INTO meal_food_items VALUES(101,10,120.0,'GRAM',NULL);
INSERT INTO meal_food_items VALUES(101,31,100.0,'GRAM',NULL);
INSERT INTO meal_food_items VALUES(101,32,50.0,'GRAM',NULL);
INSERT INTO meal_food_items VALUES(101,13,10.0,'GRAM',NULL);
INSERT INTO meal_food_items VALUES(101,14,10.0,'GRAM',NULL);
INSERT INTO meal_food_items VALUES(101,84,10.0,'GRAM',NULL);
INSERT INTO meal_food_items VALUES(101,82,14.0,'GRAM',NULL);
INSERT INTO meal_food_items VALUES(102,67,240.0,'GRAM',NULL);
INSERT INTO meal_food_items VALUES(103,78,150.0,'GRAM',NULL);
INSERT INTO meal_food_items VALUES(103,79,50.0,'GRAM',NULL);
INSERT INTO meal_food_items VALUES(103,34,30.0,'GRAM',NULL);
INSERT INTO meal_food_items VALUES(103,80,3.0,'PIECE',NULL);
INSERT INTO meal_food_items VALUES(104,3,80.0,'GRAM',NULL);
INSERT INTO meal_food_items VALUES(104,4,80.0,'GRAM',NULL);
INSERT INTO meal_food_items VALUES(104,27,100.0,'GRAM',NULL);
INSERT INTO meal_food_items VALUES(104,17,100.0,'GRAM',NULL);
INSERT INTO meal_food_items VALUES(104,41,80.0,'GRAM',NULL);
INSERT INTO meal_food_items VALUES(104,6,50.0,'GRAM',NULL);
INSERT INTO meal_food_items VALUES(104,20,50.0,'GRAM',NULL);
INSERT INTO meal_food_items VALUES(104,21,45.0,'GRAM',NULL);
INSERT INTO meal_food_items VALUES(104,22,14.0,'GRAM',NULL);
INSERT INTO meal_food_items VALUES(104,25,12.0,'GRAM',NULL);
INSERT INTO meal_food_items VALUES(105,37,60.0,'GRAM',NULL);
INSERT INTO meal_food_items VALUES(105,4,40.0,'GRAM',NULL);
INSERT INTO meal_food_items VALUES(105,3,40.0,'GRAM',NULL);
INSERT INTO meal_food_items VALUES(105,30,80.0,'GRAM',NULL);
INSERT INTO meal_food_items VALUES(105,22,12.0,'GRAM',NULL);
INSERT INTO meal_food_items VALUES(105,91,80.0,'GRAM',NULL);
INSERT INTO meal_food_items VALUES(105,26,12.0,'GRAM',NULL);
INSERT INTO meal_food_items VALUES(106,76,1.0,'CUP',NULL);
INSERT INTO meal_food_items VALUES(107,34,50.0,'GRAM',NULL);
INSERT INTO meal_food_items VALUES(107,31,100.0,'GRAM',NULL);
INSERT INTO meal_food_items VALUES(107,39,1.0,'PIECE',NULL);
INSERT INTO meal_food_items VALUES(107,8,10.0,'GRAM',NULL);
INSERT INTO meal_food_items VALUES(108,67,240.0,'GRAM',NULL);
INSERT INTO meal_food_items VALUES(109,32,40.0,'GRAM',NULL);
INSERT INTO meal_food_items VALUES(109,86,40.0,'GRAM',NULL);
INSERT INTO meal_food_items VALUES(109,85,14.0,'GRAM',NULL);
INSERT INTO meal_food_items VALUES(109,13,14.0,'GRAM',NULL);
INSERT INTO meal_food_items VALUES(109,16,14.0,'GRAM',NULL);
INSERT INTO meal_food_items VALUES(109,14,14.0,'GRAM',NULL);
INSERT INTO meal_food_items VALUES(110,3,80.0,'GRAM',NULL);
INSERT INTO meal_food_items VALUES(110,4,80.0,'GRAM',NULL);
INSERT INTO meal_food_items VALUES(110,17,100.0,'GRAM',NULL);
INSERT INTO meal_food_items VALUES(110,41,100.0,'GRAM',NULL);
INSERT INTO meal_food_items VALUES(110,20,50.0,'GRAM',NULL);
INSERT INTO meal_food_items VALUES(110,7,40.0,'GRAM',NULL);
INSERT INTO meal_food_items VALUES(110,22,14.0,'GRAM',NULL);
INSERT INTO meal_food_items VALUES(110,48,60.0,'GRAM',NULL);
INSERT INTO meal_food_items VALUES(110,25,12.0,'GRAM',NULL);
INSERT INTO meal_food_items VALUES(110,27,120.0,'GRAM',NULL);
INSERT INTO meal_food_items VALUES(111,3,40.0,'GRAM',NULL);
INSERT INTO meal_food_items VALUES(111,4,40.0,'GRAM',NULL);
INSERT INTO meal_food_items VALUES(111,5,40.0,'GRAM',NULL);
INSERT INTO meal_food_items VALUES(111,7,40.0,'GRAM',NULL);
INSERT INTO meal_food_items VALUES(111,1,2.0,'PIECE',NULL);
INSERT INTO meal_food_items VALUES(111,2,2.0,'PIECE',NULL);
INSERT INTO meal_food_items VALUES(111,8,12.0,'GRAM',NULL);
INSERT INTO meal_food_items VALUES(111,9,4.0,'PIECE',NULL);
INSERT INTO meal_food_items VALUES(111,26,12.0,'GRAM',NULL);
INSERT INTO meal_food_items VALUES(112,76,1.0,'CUP',NULL);
INSERT INTO meal_food_items VALUES(113,66,150.0,'GRAM',NULL);
INSERT INTO meal_food_items VALUES(113,50,100.0,'GRAM',NULL);
INSERT INTO meal_food_items VALUES(113,45,150.0,'GRAM',NULL);
INSERT INTO meal_food_items VALUES(113,65,50.0,'GRAM',NULL);
INSERT INTO meal_food_items VALUES(114,67,240.0,'GRAM',NULL);
INSERT INTO meal_food_items VALUES(115,31,140.0,'GRAM',NULL);
INSERT INTO meal_food_items VALUES(115,67,240.0,'GRAM',NULL);
INSERT INTO meal_food_items VALUES(115,69,4.0,'GRAM',NULL);
INSERT INTO meal_food_items VALUES(116,3,80.0,'GRAM',NULL);
INSERT INTO meal_food_items VALUES(116,4,80.0,'GRAM',NULL);
INSERT INTO meal_food_items VALUES(116,27,100.0,'GRAM',NULL);
INSERT INTO meal_food_items VALUES(116,19,100.0,'GRAM',NULL);
INSERT INTO meal_food_items VALUES(116,6,50.0,'GRAM',NULL);
INSERT INTO meal_food_items VALUES(116,42,50.0,'GRAM',NULL);
INSERT INTO meal_food_items VALUES(116,20,40.0,'GRAM',NULL);
INSERT INTO meal_food_items VALUES(116,21,50.0,'GRAM',NULL);
INSERT INTO meal_food_items VALUES(116,22,12.0,'GRAM',NULL);
INSERT INTO meal_food_items VALUES(117,3,80.0,'GRAM',NULL);
INSERT INTO meal_food_items VALUES(117,4,80.0,'GRAM',NULL);
INSERT INTO meal_food_items VALUES(117,5,40.0,'GRAM',NULL);
INSERT INTO meal_food_items VALUES(117,7,40.0,'GRAM',NULL);
INSERT INTO meal_food_items VALUES(117,27,80.0,'GRAM',NULL);
INSERT INTO meal_food_items VALUES(117,20,40.0,'GRAM',NULL);
INSERT INTO meal_food_items VALUES(117,8,14.0,'GRAM',NULL);
INSERT INTO meal_food_items VALUES(117,39,2.0,'PIECE',NULL);
INSERT INTO meal_food_items VALUES(117,26,14.0,'GRAM',NULL);
INSERT INTO meal_food_items VALUES(118,76,1.0,'CUP',NULL);
INSERT INTO meal_food_items VALUES(119,50,120.0,'GRAM',NULL);
INSERT INTO meal_food_items VALUES(119,10,120.0,'GRAM',NULL);
INSERT INTO meal_food_items VALUES(119,45,180.0,'GRAM',NULL);
INSERT INTO meal_food_items VALUES(119,13,14.0,'GRAM',NULL);
INSERT INTO meal_food_items VALUES(119,15,14.0,'GRAM',NULL);
INSERT INTO meal_food_items VALUES(119,16,14.0,'GRAM',NULL);
INSERT INTO meal_food_items VALUES(120,67,240.0,'GRAM',NULL);
INSERT INTO meal_food_items VALUES(121,67,240.0,'GRAM',NULL);
INSERT INTO meal_food_items VALUES(121,79,50.0,'GRAM',NULL);
INSERT INTO meal_food_items VALUES(121,33,100.0,'GRAM',NULL);
INSERT INTO meal_food_items VALUES(121,87,50.0,'GRAM',NULL);
INSERT INTO meal_food_items VALUES(121,85,12.0,'GRAM',NULL);
INSERT INTO meal_food_items VALUES(122,3,80.0,'GRAM',NULL);
INSERT INTO meal_food_items VALUES(122,4,80.0,'GRAM',NULL);
INSERT INTO meal_food_items VALUES(122,30,140.0,'GRAM',NULL);
INSERT INTO meal_food_items VALUES(122,55,40.0,'GRAM',NULL);
INSERT INTO meal_food_items VALUES(122,21,45.0,'GRAM',NULL);
INSERT INTO meal_food_items VALUES(122,22,12.0,'GRAM',NULL);
INSERT INTO meal_food_items VALUES(122,36,40.0,'GRAM',NULL);
INSERT INTO meal_food_items VALUES(122,88,20.0,'GRAM',NULL);
INSERT INTO meal_food_items VALUES(123,3,50.0,'GRAM',NULL);
INSERT INTO meal_food_items VALUES(123,7,50.0,'GRAM',NULL);
INSERT INTO meal_food_items VALUES(123,19,80.0,'GRAM',NULL);
INSERT INTO meal_food_items VALUES(123,57,50.0,'GRAM',NULL);
INSERT INTO meal_food_items VALUES(123,8,12.0,'GRAM',NULL);
INSERT INTO meal_food_items VALUES(123,9,4.0,'PIECE',NULL);
INSERT INTO meal_food_items VALUES(123,26,12.0,'GRAM',NULL);
INSERT INTO meal_food_items VALUES(123,56,2.0,'PIECE',NULL);
INSERT INTO meal_food_items VALUES(124,76,1.0,'CUP',NULL);
INSERT INTO meal_food_items VALUES(125,81,40.0,'GRAM',NULL);
INSERT INTO meal_food_items VALUES(125,67,240.0,'GRAM',NULL);
INSERT INTO meal_food_items VALUES(125,69,8.0,'GRAM',NULL);
INSERT INTO meal_food_items VALUES(125,13,20.0,'GRAM',NULL);
INSERT INTO meal_food_items VALUES(125,31,120.0,'GRAM',NULL);
INSERT INTO meal_food_items VALUES(125,10,120.0,'GRAM',NULL);
INSERT INTO meal_food_items VALUES(125,85,12.0,'GRAM',NULL);
INSERT INTO meal_food_items VALUES(126,67,240.0,'GRAM',NULL);
INSERT INTO meal_food_items VALUES(127,79,50.0,'GRAM',NULL);
INSERT INTO meal_food_items VALUES(127,78,240.0,'GRAM',NULL);
INSERT INTO meal_food_items VALUES(127,66,100.0,'GRAM',NULL);
INSERT INTO meal_food_items VALUES(128,3,80.0,'GRAM',NULL);
INSERT INTO meal_food_items VALUES(128,4,80.0,'GRAM',NULL);
INSERT INTO meal_food_items VALUES(128,27,100.0,'GRAM',NULL);
INSERT INTO meal_food_items VALUES(128,17,100.0,'GRAM',NULL);
INSERT INTO meal_food_items VALUES(128,18,100.0,'GRAM',NULL);
INSERT INTO meal_food_items VALUES(128,42,80.0,'GRAM',NULL);
INSERT INTO meal_food_items VALUES(128,6,40.0,'GRAM',NULL);
INSERT INTO meal_food_items VALUES(128,7,40.0,'GRAM',NULL);
INSERT INTO meal_food_items VALUES(128,47,55.0,'GRAM',NULL);
INSERT INTO meal_food_items VALUES(128,22,14.0,'GRAM',NULL);
INSERT INTO meal_food_items VALUES(128,89,30.0,'GRAM',NULL);
INSERT INTO meal_food_items VALUES(128,49,12.0,'GRAM',NULL);
INSERT INTO meal_food_items VALUES(129,3,40.0,'GRAM',NULL);
INSERT INTO meal_food_items VALUES(129,4,40.0,'GRAM',NULL);
INSERT INTO meal_food_items VALUES(129,7,40.0,'GRAM',NULL);
INSERT INTO meal_food_items VALUES(129,1,2.0,'PIECE',NULL);
INSERT INTO meal_food_items VALUES(129,2,1.0,'PIECE',NULL);
INSERT INTO meal_food_items VALUES(129,56,1.0,'PIECE',NULL);
INSERT INTO meal_food_items VALUES(129,39,1.0,'PIECE',NULL);
INSERT INTO meal_food_items VALUES(129,8,12.0,'GRAM',NULL);
INSERT INTO meal_food_items VALUES(129,26,12.0,'GRAM',NULL);
INSERT INTO meal_food_items VALUES(130,76,1.0,'CUP',NULL);
INSERT INTO meal_food_items VALUES(131,46,180.0,'GRAM',NULL);
INSERT INTO meal_food_items VALUES(131,10,140.0,'GRAM',NULL);
INSERT INTO meal_food_items VALUES(131,31,140.0,'GRAM',NULL);
INSERT INTO meal_food_items VALUES(131,13,12.0,'GRAM',NULL);
INSERT INTO meal_food_items VALUES(131,14,12.0,'GRAM',NULL);
INSERT INTO meal_food_items VALUES(131,90,8.0,'GRAM',NULL);
INSERT INTO meal_food_items VALUES(132,67,240.0,'GRAM',NULL);
INSERT INTO meal_food_items VALUES(133,79,50.0,'GRAM',NULL);
INSERT INTO meal_food_items VALUES(133,67,240.0,'GRAM',NULL);
INSERT INTO meal_food_items VALUES(133,33,80.0,'GRAM',NULL);
INSERT INTO meal_food_items VALUES(133,32,50.0,'GRAM',NULL);
INSERT INTO meal_food_items VALUES(134,3,80.0,'GRAM',NULL);
INSERT INTO meal_food_items VALUES(134,4,80.0,'GRAM',NULL);
INSERT INTO meal_food_items VALUES(134,27,80.0,'GRAM',NULL);
INSERT INTO meal_food_items VALUES(134,19,100.0,'GRAM',NULL);
INSERT INTO meal_food_items VALUES(134,17,80.0,'GRAM',NULL);
INSERT INTO meal_food_items VALUES(134,7,40.0,'GRAM',NULL);
INSERT INTO meal_food_items VALUES(134,21,50.0,'GRAM',NULL);
INSERT INTO meal_food_items VALUES(134,22,14.0,'GRAM',NULL);
INSERT INTO meal_food_items VALUES(135,97,100.0,'GRAM',NULL);
INSERT INTO meal_food_items VALUES(136,1,2.0,'PIECE',NULL);
INSERT INTO meal_food_items VALUES(136,2,2.0,'PIECE',NULL);
INSERT INTO meal_food_items VALUES(136,19,80.0,'GRAM',NULL);
INSERT INTO meal_food_items VALUES(136,3,80.0,'GRAM',NULL);
INSERT INTO meal_food_items VALUES(136,4,80.0,'GRAM',NULL);
INSERT INTO meal_food_items VALUES(136,5,40.0,'GRAM',NULL);
INSERT INTO meal_food_items VALUES(136,8,14.0,'GRAM',NULL);
INSERT INTO meal_food_items VALUES(136,9,2.0,'PIECE',NULL);
INSERT INTO meal_food_items VALUES(137,76,1.0,'CUP',NULL);
INSERT INTO meal_food_items VALUES(138,27,100.0,'GRAM',NULL);
INSERT INTO meal_food_items VALUES(138,4,80.0,'GRAM',NULL);
INSERT INTO meal_food_items VALUES(138,59,120.0,'GRAM',NULL);
INSERT INTO meal_food_items VALUES(138,28,50.0,'GRAM',NULL);
INSERT INTO meal_food_items VALUES(138,3,20.0,'GRAM',NULL);
INSERT INTO meal_food_items VALUES(138,57,50.0,'GRAM',NULL);
INSERT INTO meal_food_items VALUES(138,58,40.0,'GRAM',NULL);
INSERT INTO meal_food_items VALUES(139,67,240.0,'GRAM',NULL);
INSERT INTO meal_food_items VALUES(140,79,50.0,'GRAM',NULL);
INSERT INTO meal_food_items VALUES(140,67,240.0,'GRAM',NULL);
INSERT INTO meal_food_items VALUES(140,31,120.0,'GRAM',NULL);
INSERT INTO meal_food_items VALUES(140,65,50.0,'GRAM',NULL);
INSERT INTO meal_food_items VALUES(141,3,80.0,'GRAM',NULL);
INSERT INTO meal_food_items VALUES(141,4,80.0,'GRAM',NULL);
INSERT INTO meal_food_items VALUES(141,64,150.0,'GRAM',NULL);
INSERT INTO meal_food_items VALUES(141,40,100.0,'GRAM',NULL);
INSERT INTO meal_food_items VALUES(141,18,80.0,'GRAM',NULL);
INSERT INTO meal_food_items VALUES(141,42,50.0,'GRAM',NULL);
INSERT INTO meal_food_items VALUES(141,20,50.0,'GRAM',NULL);
INSERT INTO meal_food_items VALUES(141,21,50.0,'GRAM',NULL);
INSERT INTO meal_food_items VALUES(141,22,14.0,'GRAM',NULL);
INSERT INTO meal_food_items VALUES(141,25,12.0,'GRAM',NULL);
INSERT INTO meal_food_items VALUES(142,27,80.0,'GRAM',NULL);
INSERT INTO meal_food_items VALUES(142,4,50.0,'GRAM',NULL);
INSERT INTO meal_food_items VALUES(142,3,50.0,'GRAM',NULL);
INSERT INTO meal_food_items VALUES(142,6,40.0,'GRAM',NULL);
INSERT INTO meal_food_items VALUES(142,20,40.0,'GRAM',NULL);
INSERT INTO meal_food_items VALUES(142,8,12.0,'GRAM',NULL);
INSERT INTO meal_food_items VALUES(142,37,60.0,'GRAM',NULL);
INSERT INTO meal_food_items VALUES(142,26,12.0,'GRAM',NULL);
INSERT INTO meal_food_items VALUES(143,76,1.0,'CUP',NULL);
INSERT INTO meal_food_items VALUES(144,10,120.0,'GRAM',NULL);
INSERT INTO meal_food_items VALUES(144,50,120.0,'GRAM',NULL);
INSERT INTO meal_food_items VALUES(144,46,140.0,'GRAM',NULL);
INSERT INTO meal_food_items VALUES(144,13,12.0,'GRAM',NULL);
INSERT INTO meal_food_items VALUES(144,14,12.0,'GRAM',NULL);
INSERT INTO meal_food_items VALUES(144,15,12.0,'GRAM',NULL);
INSERT INTO meal_food_items VALUES(145,67,240.0,'GRAM',NULL);
INSERT INTO meal_food_items VALUES(146,79,50.0,'GRAM',NULL);
INSERT INTO meal_food_items VALUES(146,67,240.0,'GRAM',NULL);
INSERT INTO meal_food_items VALUES(146,33,80.0,'GRAM',NULL);
INSERT INTO meal_food_items VALUES(146,32,50.0,'GRAM',NULL);
INSERT INTO meal_food_items VALUES(147,3,80.0,'GRAM',NULL);
INSERT INTO meal_food_items VALUES(147,4,80.0,'GRAM',NULL);
INSERT INTO meal_food_items VALUES(147,64,120.0,'GRAM',NULL);
INSERT INTO meal_food_items VALUES(147,19,100.0,'GRAM',NULL);
INSERT INTO meal_food_items VALUES(147,17,100.0,'GRAM',NULL);
INSERT INTO meal_food_items VALUES(147,18,80.0,'GRAM',NULL);
INSERT INTO meal_food_items VALUES(147,42,80.0,'GRAM',NULL);
INSERT INTO meal_food_items VALUES(147,6,40.0,'GRAM',NULL);
INSERT INTO meal_food_items VALUES(147,47,55.0,'GRAM',NULL);
INSERT INTO meal_food_items VALUES(147,22,12.0,'GRAM',NULL);
INSERT INTO meal_food_items VALUES(147,49,12.0,'GRAM',NULL);
INSERT INTO meal_food_items VALUES(148,1,2.0,'PIECE',NULL);
INSERT INTO meal_food_items VALUES(148,2,2.0,'PIECE',NULL);
INSERT INTO meal_food_items VALUES(148,3,40.0,'GRAM',NULL);
INSERT INTO meal_food_items VALUES(148,57,50.0,'GRAM',NULL);
INSERT INTO meal_food_items VALUES(148,6,40.0,'GRAM',NULL);
INSERT INTO meal_food_items VALUES(148,8,12.0,'GRAM',NULL);
INSERT INTO meal_food_items VALUES(148,9,3.0,'PIECE',NULL);
INSERT INTO meal_food_items VALUES(148,26,12.0,'GRAM',NULL);
INSERT INTO meal_food_items VALUES(149,76,1.0,'CUP',NULL);
INSERT INTO meal_food_items VALUES(150,10,100.0,'GRAM',NULL);
INSERT INTO meal_food_items VALUES(150,50,100.0,'GRAM',NULL);
INSERT INTO meal_food_items VALUES(150,46,100.0,'GRAM',NULL);
INSERT INTO meal_food_items VALUES(150,13,14.0,'GRAM',NULL);
INSERT INTO meal_food_items VALUES(150,14,14.0,'GRAM',NULL);
INSERT INTO meal_food_items VALUES(151,67,240.0,'GRAM',NULL);
INSERT INTO meal_food_items VALUES(152,3,80.0,'GRAM',NULL);
INSERT INTO meal_food_items VALUES(152,4,80.0,'GRAM',NULL);
INSERT INTO meal_food_items VALUES(152,27,100.0,'GRAM',NULL);
INSERT INTO meal_food_items VALUES(152,30,120.0,'GRAM',NULL);
INSERT INTO meal_food_items VALUES(152,19,100.0,'GRAM',NULL);
INSERT INTO meal_food_items VALUES(152,20,40.0,'GRAM',NULL);
INSERT INTO meal_food_items VALUES(152,21,45.0,'GRAM',NULL);
INSERT INTO meal_food_items VALUES(152,22,12.0,'GRAM',NULL);
INSERT INTO meal_food_items VALUES(153,81,30.0,'GRAM',NULL);
INSERT INTO meal_food_items VALUES(153,34,40.0,'GRAM',NULL);
INSERT INTO meal_food_items VALUES(153,67,240.0,'GRAM',NULL);
INSERT INTO meal_food_items VALUES(153,79,45.0,'GRAM',NULL);
INSERT INTO meal_food_items VALUES(154,3,70.0,'GRAM',NULL);
INSERT INTO meal_food_items VALUES(154,4,70.0,'GRAM',NULL);
INSERT INTO meal_food_items VALUES(154,27,80.0,'GRAM',NULL);
INSERT INTO meal_food_items VALUES(154,5,40.0,'GRAM',NULL);
INSERT INTO meal_food_items VALUES(154,7,40.0,'GRAM',NULL);
INSERT INTO meal_food_items VALUES(154,8,12.0,'GRAM',NULL);
INSERT INTO meal_food_items VALUES(154,39,1.0,'PIECE',NULL);
INSERT INTO meal_food_items VALUES(154,26,12.0,'GRAM',NULL);
INSERT INTO meal_food_items VALUES(155,76,1.0,'CUP',NULL);
INSERT INTO meal_food_items VALUES(156,10,120.0,'GRAM',NULL);
INSERT INTO meal_food_items VALUES(156,12,200.0,'GRAM',NULL);
INSERT INTO meal_food_items VALUES(156,92,80.0,'GRAM',NULL);
INSERT INTO meal_food_items VALUES(156,50,120.0,'GRAM',NULL);
INSERT INTO meal_food_items VALUES(157,67,240.0,'GRAM',NULL);
INSERT INTO meal_food_items VALUES(158,3,80.0,'GRAM',NULL);
INSERT INTO meal_food_items VALUES(158,4,80.0,'GRAM',NULL);
INSERT INTO meal_food_items VALUES(158,64,140.0,'GRAM',NULL);
INSERT INTO meal_food_items VALUES(158,35,100.0,'GRAM',NULL);
INSERT INTO meal_food_items VALUES(158,18,80.0,'GRAM',NULL);
INSERT INTO meal_food_items VALUES(158,20,50.0,'GRAM',NULL);
INSERT INTO meal_food_items VALUES(158,6,50.0,'GRAM',NULL);
INSERT INTO meal_food_items VALUES(158,22,14.0,'GRAM',NULL);
INSERT INTO meal_food_items VALUES(158,36,40.0,'GRAM',NULL);
INSERT INTO meal_food_items VALUES(158,37,20.0,'GRAM',NULL);
INSERT INTO meal_food_items VALUES(159,33,80.0,'GRAM',NULL);
INSERT INTO meal_food_items VALUES(159,32,50.0,'GRAM',NULL);
INSERT INTO meal_food_items VALUES(159,67,240.0,'GRAM',NULL);
INSERT INTO meal_food_items VALUES(159,79,50.0,'GRAM',NULL);
INSERT INTO meal_food_items VALUES(159,85,12.0,'GRAM',NULL);
INSERT INTO meal_food_items VALUES(160,27,100.0,'GRAM',NULL);
INSERT INTO meal_food_items VALUES(160,4,50.0,'GRAM',NULL);
INSERT INTO meal_food_items VALUES(160,3,50.0,'GRAM',NULL);
INSERT INTO meal_food_items VALUES(160,5,40.0,'GRAM',NULL);
INSERT INTO meal_food_items VALUES(160,8,12.0,'GRAM',NULL);
INSERT INTO meal_food_items VALUES(160,9,4.0,'PIECE',NULL);
INSERT INTO meal_food_items VALUES(160,26,12.0,'GRAM',NULL);
INSERT INTO meal_food_items VALUES(161,76,1.0,'CUP',NULL);
INSERT INTO meal_food_items VALUES(162,103,50.0,'GRAM',NULL);
INSERT INTO meal_food_items VALUES(162,4,80.0,'GRAM',NULL);
INSERT INTO meal_food_items VALUES(162,59,120.0,'GRAM',NULL);
INSERT INTO meal_food_items VALUES(162,3,20.0,'GRAM',NULL);
INSERT INTO meal_food_items VALUES(162,5,40.0,'GRAM',NULL);
INSERT INTO meal_food_items VALUES(163,67,240.0,'GRAM',NULL);
INSERT INTO meal_food_items VALUES(164,4,80.0,'GRAM',NULL);
INSERT INTO meal_food_items VALUES(164,3,80.0,'GRAM',NULL);
INSERT INTO meal_food_items VALUES(164,19,120.0,'GRAM',NULL);
INSERT INTO meal_food_items VALUES(164,61,100.0,'GRAM',NULL);
INSERT INTO meal_food_items VALUES(164,41,100.0,'GRAM',NULL);
INSERT INTO meal_food_items VALUES(164,20,50.0,'GRAM',NULL);
INSERT INTO meal_food_items VALUES(164,24,12.0,'GRAM',NULL);
INSERT INTO meal_food_items VALUES(164,106,30.0,'GRAM',NULL);
INSERT INTO meal_food_items VALUES(164,21,50.0,'GRAM',NULL);
INSERT INTO meal_food_items VALUES(165,67,240.0,'GRAM',NULL);
INSERT INTO meal_food_items VALUES(165,79,50.0,'GRAM',NULL);
INSERT INTO meal_food_items VALUES(165,31,120.0,'GRAM',NULL);
INSERT INTO meal_food_items VALUES(165,10,120.0,'GRAM',NULL);
INSERT INTO meal_food_items VALUES(166,27,80.0,'GRAM',NULL);
INSERT INTO meal_food_items VALUES(166,4,40.0,'GRAM',NULL);
INSERT INTO meal_food_items VALUES(166,3,40.0,'GRAM',NULL);
INSERT INTO meal_food_items VALUES(166,6,40.0,'GRAM',NULL);
INSERT INTO meal_food_items VALUES(166,7,40.0,'GRAM',NULL);
INSERT INTO meal_food_items VALUES(166,37,55.0,'GRAM',NULL);
INSERT INTO meal_food_items VALUES(166,22,10.0,'GRAM',NULL);
INSERT INTO meal_food_items VALUES(166,91,80.0,'GRAM',NULL);
INSERT INTO meal_food_items VALUES(167,76,1.0,'CUP',NULL);
INSERT INTO meal_food_items VALUES(168,31,100.0,'GRAM',NULL);
INSERT INTO meal_food_items VALUES(168,34,50.0,'GRAM',NULL);
INSERT INTO meal_food_items VALUES(168,9,2.0,'PIECE',NULL);
INSERT INTO meal_food_items VALUES(168,8,10.0,'GRAM',NULL);
INSERT INTO meal_food_items VALUES(168,85,12.0,'GRAM',NULL);
INSERT INTO meal_food_items VALUES(169,67,240.0,'GRAM',NULL);
INSERT INTO meal_food_items VALUES(170,4,80.0,'GRAM',NULL);
INSERT INTO meal_food_items VALUES(170,3,80.0,'GRAM',NULL);
INSERT INTO meal_food_items VALUES(170,19,120.0,'GRAM',NULL);
INSERT INTO meal_food_items VALUES(170,30,100.0,'GRAM',NULL);
INSERT INTO meal_food_items VALUES(170,93,20.0,'GRAM',NULL);
INSERT INTO meal_food_items VALUES(170,20,50.0,'GRAM',NULL);
INSERT INTO meal_food_items VALUES(170,24,12.0,'GRAM',NULL);
INSERT INTO meal_food_items VALUES(170,36,30.0,'GRAM',NULL);
INSERT INTO meal_food_items VALUES(170,88,30.0,'GRAM',NULL);
INSERT INTO meal_food_items VALUES(171,67,240.0,'GRAM',NULL);
INSERT INTO meal_food_items VALUES(171,79,50.0,'GRAM',NULL);
INSERT INTO meal_food_items VALUES(171,10,120.0,'GRAM',NULL);
INSERT INTO meal_food_items VALUES(171,32,50.0,'GRAM',NULL);
INSERT INTO meal_food_items VALUES(172,1,1.0,'PIECE',NULL);
INSERT INTO meal_food_items VALUES(172,2,3.0,'PIECE',NULL);
INSERT INTO meal_food_items VALUES(172,3,50.0,'GRAM',NULL);
INSERT INTO meal_food_items VALUES(172,4,50.0,'GRAM',NULL);
INSERT INTO meal_food_items VALUES(172,7,50.0,'GRAM',NULL);
INSERT INTO meal_food_items VALUES(172,56,2.0,'PIECE',NULL);
INSERT INTO meal_food_items VALUES(172,9,3.0,'PIECE',NULL);
INSERT INTO meal_food_items VALUES(172,8,12.0,'GRAM',NULL);
INSERT INTO meal_food_items VALUES(172,26,12.0,'GRAM',NULL);
INSERT INTO meal_food_items VALUES(173,76,1.0,'CUP',NULL);
INSERT INTO meal_food_items VALUES(174,31,100.0,'GRAM',NULL);
INSERT INTO meal_food_items VALUES(174,10,120.0,'GRAM',NULL);
INSERT INTO meal_food_items VALUES(174,45,150.0,'GRAM',NULL);
INSERT INTO meal_food_items VALUES(174,32,50.0,'GRAM',NULL);
INSERT INTO meal_food_items VALUES(174,13,10.0,'GRAM',NULL);
INSERT INTO meal_food_items VALUES(175,67,240.0,'GRAM',NULL);
INSERT INTO meal_food_items VALUES(176,4,80.0,'GRAM',NULL);
INSERT INTO meal_food_items VALUES(176,3,80.0,'GRAM',NULL);
INSERT INTO meal_food_items VALUES(176,64,140.0,'GRAM',NULL);
INSERT INTO meal_food_items VALUES(176,30,100.0,'GRAM',NULL);
INSERT INTO meal_food_items VALUES(176,53,45.0,'GRAM',NULL);
INSERT INTO meal_food_items VALUES(176,21,50.0,'GRAM',NULL);
INSERT INTO meal_food_items VALUES(176,23,12.0,'GRAM',NULL);
INSERT INTO meal_food_items VALUES(177,67,240.0,'GRAM',NULL);
INSERT INTO meal_food_items VALUES(177,79,45.0,'GRAM',NULL);
INSERT INTO meal_food_items VALUES(177,65,50.0,'GRAM',NULL);
INSERT INTO meal_food_items VALUES(178,77,1.0,'GRAM',NULL);
INSERT INTO meal_food_items VALUES(178,69,10.0,'GRAM',NULL);
INSERT INTO meal_food_items VALUES(179,94,60.0,'GRAM',NULL);
INSERT INTO meal_food_items VALUES(179,19,80.0,'GRAM',NULL);
INSERT INTO meal_food_items VALUES(179,3,80.0,'GRAM',NULL);
INSERT INTO meal_food_items VALUES(179,4,80.0,'GRAM',NULL);
INSERT INTO meal_food_items VALUES(179,18,50.0,'GRAM',NULL);
INSERT INTO meal_food_items VALUES(179,20,40.0,'GRAM',NULL);
INSERT INTO meal_food_items VALUES(179,24,12.0,'GRAM',NULL);
INSERT INTO meal_food_items VALUES(180,76,1.0,'CUP',NULL);
INSERT INTO meal_food_items VALUES(181,10,120.0,'GRAM',NULL);
INSERT INTO meal_food_items VALUES(181,50,120.0,'GRAM',NULL);
INSERT INTO meal_food_items VALUES(181,45,180.0,'GRAM',NULL);
INSERT INTO meal_food_items VALUES(181,14,20.0,'GRAM',NULL);
INSERT INTO meal_food_items VALUES(181,15,20.0,'GRAM',NULL);
INSERT INTO meal_food_items VALUES(182,67,240.0,'GRAM',NULL);
INSERT INTO meal_food_items VALUES(183,3,80.0,'GRAM',NULL);
INSERT INTO meal_food_items VALUES(183,4,80.0,'GRAM',NULL);
INSERT INTO meal_food_items VALUES(183,64,120.0,'GRAM',NULL);
INSERT INTO meal_food_items VALUES(183,17,100.0,'GRAM',NULL);
INSERT INTO meal_food_items VALUES(183,41,100.0,'GRAM',NULL);
INSERT INTO meal_food_items VALUES(183,20,40.0,'GRAM',NULL);
INSERT INTO meal_food_items VALUES(183,21,45.0,'GRAM',NULL);
INSERT INTO meal_food_items VALUES(183,22,12.0,'GRAM',NULL);
INSERT INTO meal_food_items VALUES(183,25,12.0,'GRAM',NULL);
INSERT INTO meal_food_items VALUES(184,67,240.0,'GRAM',NULL);
INSERT INTO meal_food_items VALUES(184,79,45.0,'GRAM',NULL);
INSERT INTO meal_food_items VALUES(184,33,80.0,'GRAM',NULL);
INSERT INTO meal_food_items VALUES(184,13,14.0,'GRAM',NULL);
INSERT INTO meal_food_items VALUES(185,1,2.0,'PIECE',NULL);
INSERT INTO meal_food_items VALUES(185,2,2.0,'PIECE',NULL);
INSERT INTO meal_food_items VALUES(185,3,40.0,'GRAM',NULL);
INSERT INTO meal_food_items VALUES(185,6,40.0,'GRAM',NULL);
INSERT INTO meal_food_items VALUES(185,28,50.0,'GRAM',NULL);
INSERT INTO meal_food_items VALUES(185,39,1.0,'PIECE',NULL);
INSERT INTO meal_food_items VALUES(185,8,12.0,'GRAM',NULL);
INSERT INTO meal_food_items VALUES(185,26,12.0,'GRAM',NULL);
INSERT INTO meal_food_items VALUES(186,76,1.0,'CUP',NULL);
INSERT INTO meal_food_items VALUES(187,27,80.0,'GRAM',NULL);
INSERT INTO meal_food_items VALUES(187,4,80.0,'GRAM',NULL);
INSERT INTO meal_food_items VALUES(187,59,120.0,'GRAM',NULL);
INSERT INTO meal_food_items VALUES(187,3,20.0,'GRAM',NULL);
INSERT INTO meal_food_items VALUES(187,6,40.0,'GRAM',NULL);
INSERT INTO meal_food_items VALUES(187,28,50.0,'GRAM',NULL);
INSERT INTO meal_food_items VALUES(187,58,40.0,'GRAM',NULL);
INSERT INTO meal_food_items VALUES(188,67,240.0,'GRAM',NULL);
INSERT INTO meal_food_items VALUES(189,4,80.0,'GRAM',NULL);
INSERT INTO meal_food_items VALUES(189,3,80.0,'GRAM',NULL);
INSERT INTO meal_food_items VALUES(189,64,120.0,'GRAM',NULL);
INSERT INTO meal_food_items VALUES(189,19,100.0,'GRAM',NULL);
INSERT INTO meal_food_items VALUES(189,18,80.0,'GRAM',NULL);
INSERT INTO meal_food_items VALUES(189,5,40.0,'GRAM',NULL);
INSERT INTO meal_food_items VALUES(189,47,55.0,'GRAM',NULL);
INSERT INTO meal_food_items VALUES(189,22,12.0,'GRAM',NULL);
INSERT INTO meal_food_items VALUES(189,49,12.0,'GRAM',NULL);
INSERT INTO meal_food_items VALUES(190,67,240.0,'GRAM',NULL);
INSERT INTO meal_food_items VALUES(190,79,45.0,'GRAM',NULL);
INSERT INTO meal_food_items VALUES(191,1,2.0,'PIECE',NULL);
INSERT INTO meal_food_items VALUES(191,2,2.0,'PIECE',NULL);
INSERT INTO meal_food_items VALUES(191,3,60.0,'GRAM',NULL);
INSERT INTO meal_food_items VALUES(191,4,60.0,'GRAM',NULL);
INSERT INTO meal_food_items VALUES(191,6,40.0,'GRAM',NULL);
INSERT INTO meal_food_items VALUES(191,95,20.0,'GRAM',NULL);
INSERT INTO meal_food_items VALUES(191,96,30.0,'GRAM',NULL);
INSERT INTO meal_food_items VALUES(191,9,4.0,'PIECE',NULL);
INSERT INTO meal_food_items VALUES(191,26,12.0,'GRAM',NULL);
INSERT INTO meal_food_items VALUES(192,76,1.0,'CUP',NULL);
INSERT INTO meal_food_items VALUES(193,39,1.0,'PIECE',NULL);
INSERT INTO meal_food_items VALUES(193,31,80.0,'GRAM',NULL);
INSERT INTO meal_food_items VALUES(193,33,80.0,'GRAM',NULL);
INSERT INTO meal_food_items VALUES(193,34,40.0,'GRAM',NULL);
INSERT INTO meal_food_items VALUES(193,8,8.0,'GRAM',NULL);
INSERT INTO meal_food_items VALUES(193,85,10.0,'GRAM',NULL);
INSERT INTO meal_food_items VALUES(194,67,240.0,'GRAM',NULL);
INSERT INTO meal_food_items VALUES(195,3,80.0,'GRAM',NULL);
INSERT INTO meal_food_items VALUES(195,4,80.0,'GRAM',NULL);
INSERT INTO meal_food_items VALUES(195,27,100.0,'GRAM',NULL);
INSERT INTO meal_food_items VALUES(195,101,120.0,'GRAM',NULL);
INSERT INTO meal_food_items VALUES(195,5,40.0,'GRAM',NULL);
INSERT INTO meal_food_items VALUES(195,21,50.0,'GRAM',NULL);
INSERT INTO meal_food_items VALUES(195,23,12.0,'GRAM',NULL);
INSERT INTO meal_food_items VALUES(196,67,360.0,'GRAM',NULL);
INSERT INTO meal_food_items VALUES(196,79,45.0,'GRAM',NULL);
INSERT INTO meal_food_items VALUES(196,65,50.0,'GRAM',NULL);
INSERT INTO meal_food_items VALUES(197,3,80.0,'GRAM',NULL);
INSERT INTO meal_food_items VALUES(197,4,80.0,'GRAM',NULL);
INSERT INTO meal_food_items VALUES(197,27,80.0,'GRAM',NULL);
INSERT INTO meal_food_items VALUES(197,6,40.0,'GRAM',NULL);
INSERT INTO meal_food_items VALUES(197,28,50.0,'GRAM',NULL);
INSERT INTO meal_food_items VALUES(197,8,10.0,'GRAM',NULL);
INSERT INTO meal_food_items VALUES(197,39,2.0,'PIECE',NULL);
INSERT INTO meal_food_items VALUES(197,26,12.0,'GRAM',NULL);
INSERT INTO meal_food_items VALUES(198,76,1.0,'CUP',NULL);
INSERT INTO meal_food_items VALUES(199,10,120.0,'GRAM',NULL);
INSERT INTO meal_food_items VALUES(199,46,140.0,'GRAM',NULL);
INSERT INTO meal_food_items VALUES(199,45,140.0,'GRAM',NULL);
INSERT INTO meal_food_items VALUES(200,67,240.0,'GRAM',NULL);
INSERT INTO meal_food_items VALUES(201,3,80.0,'GRAM',NULL);
INSERT INTO meal_food_items VALUES(201,4,80.0,'GRAM',NULL);
INSERT INTO meal_food_items VALUES(201,64,140.0,'GRAM',NULL);
INSERT INTO meal_food_items VALUES(201,41,100.0,'GRAM',NULL);
INSERT INTO meal_food_items VALUES(201,18,80.0,'GRAM',NULL);
INSERT INTO meal_food_items VALUES(201,6,40.0,'GRAM',NULL);
INSERT INTO meal_food_items VALUES(201,20,40.0,'GRAM',NULL);
INSERT INTO meal_food_items VALUES(201,47,55.0,'GRAM',NULL);
INSERT INTO meal_food_items VALUES(201,22,12.0,'GRAM',NULL);
INSERT INTO meal_food_items VALUES(202,98,25.0,'GRAM',NULL);
INSERT INTO meal_food_items VALUES(202,97,140.0,'GRAM',NULL);
INSERT INTO meal_food_items VALUES(202,99,120.0,'GRAM',NULL);
INSERT INTO meal_food_items VALUES(202,13,20.0,'GRAM',NULL);
INSERT INTO meal_food_items VALUES(202,14,20.0,'GRAM',NULL);
INSERT INTO meal_food_items VALUES(202,16,14.0,'GRAM',NULL);
INSERT INTO meal_food_items VALUES(203,100,60.0,'GRAM',NULL);
INSERT INTO meal_food_items VALUES(203,1,2.0,'PIECE',NULL);
INSERT INTO meal_food_items VALUES(203,2,2.0,'PIECE',NULL);
INSERT INTO meal_food_items VALUES(203,4,50.0,'GRAM',NULL);
INSERT INTO meal_food_items VALUES(203,3,50.0,'GRAM',NULL);
INSERT INTO meal_food_items VALUES(203,5,50.0,'GRAM',NULL);
INSERT INTO meal_food_items VALUES(203,57,50.0,'GRAM',NULL);
INSERT INTO meal_food_items VALUES(203,8,12.0,'GRAM',NULL);
INSERT INTO meal_food_items VALUES(203,26,12.0,'GRAM',NULL);
INSERT INTO meal_food_items VALUES(204,76,1.0,'CUP',NULL);
INSERT INTO meal_food_items VALUES(205,10,120.0,'GRAM',NULL);
INSERT INTO meal_food_items VALUES(205,45,200.0,'GRAM',NULL);
INSERT INTO meal_food_items VALUES(205,33,80.0,'GRAM',NULL);
INSERT INTO meal_food_items VALUES(205,65,80.0,'GRAM',NULL);
INSERT INTO meal_food_items VALUES(206,67,240.0,'GRAM',NULL);
INSERT INTO meal_food_items VALUES(207,3,80.0,'GRAM',NULL);
INSERT INTO meal_food_items VALUES(207,4,80.0,'GRAM',NULL);
INSERT INTO meal_food_items VALUES(207,27,80.0,'GRAM',NULL);
INSERT INTO meal_food_items VALUES(207,30,120.0,'GRAM',NULL);
INSERT INTO meal_food_items VALUES(207,20,50.0,'GRAM',NULL);
INSERT INTO meal_food_items VALUES(207,55,45.0,'GRAM',NULL);
INSERT INTO meal_food_items VALUES(207,21,45.0,'GRAM',NULL);
INSERT INTO meal_food_items VALUES(207,23,12.0,'GRAM',NULL);
INSERT INTO meal_food_items VALUES(208,103,50.0,'GRAM',NULL);
INSERT INTO meal_food_items VALUES(208,19,100.0,'GRAM',NULL);
INSERT INTO meal_food_items VALUES(208,4,80.0,'GRAM',NULL);
INSERT INTO meal_food_items VALUES(208,3,80.0,'GRAM',NULL);
INSERT INTO meal_food_items VALUES(208,59,100.0,'GRAM',NULL);
INSERT INTO meal_food_items VALUES(208,6,40.0,'GRAM',NULL);
INSERT INTO meal_food_items VALUES(208,8,12.0,'GRAM',NULL);
INSERT INTO meal_food_items VALUES(209,76,1.0,'CUP',NULL);
INSERT INTO meal_food_items VALUES(210,10,120.0,'GRAM',NULL);
INSERT INTO meal_food_items VALUES(210,50,120.0,'GRAM',NULL);
INSERT INTO meal_food_items VALUES(210,46,140.0,'GRAM',NULL);
INSERT INTO meal_food_items VALUES(210,13,20.0,'GRAM',NULL);
INSERT INTO meal_food_items VALUES(210,32,40.0,'GRAM',NULL);
INSERT INTO meal_food_items VALUES(211,67,240.0,'GRAM',NULL);
INSERT INTO meal_food_items VALUES(212,4,80.0,'GRAM',NULL);
INSERT INTO meal_food_items VALUES(212,3,80.0,'GRAM',NULL);
INSERT INTO meal_food_items VALUES(212,27,100.0,'GRAM',NULL);
INSERT INTO meal_food_items VALUES(212,17,80.0,'GRAM',NULL);
INSERT INTO meal_food_items VALUES(212,41,80.0,'GRAM',NULL);
INSERT INTO meal_food_items VALUES(212,5,40.0,'GRAM',NULL);
INSERT INTO meal_food_items VALUES(212,1,2.0,'PIECE',NULL);
INSERT INTO meal_food_items VALUES(212,21,45.0,'GRAM',NULL);
INSERT INTO meal_food_items VALUES(212,22,12.0,'GRAM',NULL);
INSERT INTO meal_food_items VALUES(212,102,15.0,'GRAM',NULL);
INSERT INTO meal_food_items VALUES(212,25,12.0,'GRAM',NULL);
INSERT INTO meal_food_items VALUES(213,27,80.0,'GRAM',NULL);
INSERT INTO meal_food_items VALUES(213,4,80.0,'GRAM',NULL);
INSERT INTO meal_food_items VALUES(213,3,80.0,'GRAM',NULL);
INSERT INTO meal_food_items VALUES(213,5,40.0,'GRAM',NULL);
INSERT INTO meal_food_items VALUES(213,7,30.0,'GRAM',NULL);
INSERT INTO meal_food_items VALUES(213,8,12.0,'GRAM',NULL);
INSERT INTO meal_food_items VALUES(213,9,2.0,'PIECE',NULL);
INSERT INTO meal_food_items VALUES(213,26,12.0,'GRAM',NULL);
INSERT INTO meal_food_items VALUES(214,76,1.0,'CUP',NULL);
INSERT INTO meal_food_items VALUES(215,10,100.0,'GRAM',NULL);
INSERT INTO meal_food_items VALUES(215,50,100.0,'GRAM',NULL);
INSERT INTO meal_food_items VALUES(215,45,180.0,'GRAM',NULL);
INSERT INTO meal_food_items VALUES(216,67,240.0,'GRAM',NULL);
INSERT INTO meal_food_items VALUES(217,4,80.0,'GRAM',NULL);
INSERT INTO meal_food_items VALUES(217,3,80.0,'GRAM',NULL);
INSERT INTO meal_food_items VALUES(217,19,120.0,'GRAM',NULL);
INSERT INTO meal_food_items VALUES(217,101,120.0,'GRAM',NULL);
INSERT INTO meal_food_items VALUES(217,5,40.0,'GRAM',NULL);
INSERT INTO meal_food_items VALUES(217,23,12.0,'GRAM',NULL);
INSERT INTO meal_food_items VALUES(217,21,45.0,'GRAM',NULL);
INSERT INTO meal_food_items VALUES(217,36,40.0,'GRAM',NULL);
INSERT INTO meal_food_items VALUES(217,88,20.0,'GRAM',NULL);
INSERT INTO meal_food_items VALUES(218,1,1.0,'PIECE',NULL);
INSERT INTO meal_food_items VALUES(218,2,3.0,'PIECE',NULL);
INSERT INTO meal_food_items VALUES(218,3,40.0,'GRAM',NULL);
INSERT INTO meal_food_items VALUES(218,4,40.0,'GRAM',NULL);
INSERT INTO meal_food_items VALUES(218,5,40.0,'GRAM',NULL);
INSERT INTO meal_food_items VALUES(218,8,12.0,'GRAM',NULL);
INSERT INTO meal_food_items VALUES(218,9,2.0,'PIECE',NULL);
INSERT INTO meal_food_items VALUES(219,10,100.0,'GRAM',NULL);
INSERT INTO meal_food_items VALUES(219,12,200.0,'GRAM',NULL);
INSERT INTO meal_food_items VALUES(219,13,10.0,'GRAM',NULL);
INSERT INTO meal_food_items VALUES(219,14,10.0,'GRAM',NULL);
INSERT INTO meal_food_items VALUES(220,76,1.0,'CUP',NULL);
INSERT INTO meal_food_items VALUES(221,67,240.0,'GRAM',NULL);
INSERT INTO meal_food_items VALUES(222,3,80.0,'GRAM',NULL);
INSERT INTO meal_food_items VALUES(222,4,80.0,'GRAM',NULL);
INSERT INTO meal_food_items VALUES(222,17,100.0,'GRAM',NULL);
INSERT INTO meal_food_items VALUES(222,18,100.0,'GRAM',NULL);
INSERT INTO meal_food_items VALUES(222,19,80.0,'GRAM',NULL);
INSERT INTO meal_food_items VALUES(222,6,40.0,'GRAM',NULL);
INSERT INTO meal_food_items VALUES(222,20,40.0,'GRAM',NULL);
INSERT INTO meal_food_items VALUES(222,21,45.0,'GRAM',NULL);
INSERT INTO meal_food_items VALUES(222,22,12.0,'GRAM',NULL);
INSERT INTO meal_food_items VALUES(222,25,12.0,'GRAM',NULL);
INSERT INTO meal_food_items VALUES(223,3,80.0,'GRAM',NULL);
INSERT INTO meal_food_items VALUES(223,4,80.0,'GRAM',NULL);
INSERT INTO meal_food_items VALUES(223,27,100.0,'GRAM',NULL);
INSERT INTO meal_food_items VALUES(223,28,80.0,'GRAM',NULL);
INSERT INTO meal_food_items VALUES(223,6,50.0,'GRAM',NULL);
INSERT INTO meal_food_items VALUES(223,7,50.0,'GRAM',NULL);
INSERT INTO meal_food_items VALUES(223,8,12.0,'GRAM',NULL);
INSERT INTO meal_food_items VALUES(223,9,1.0,'PIECE',NULL);
INSERT INTO meal_food_items VALUES(223,26,12.0,'GRAM',NULL);
INSERT INTO meal_food_items VALUES(223,1,2.0,'PIECE',NULL);
INSERT INTO meal_food_items VALUES(224,12,150.0,'GRAM',NULL);
INSERT INTO meal_food_items VALUES(224,10,100.0,'GRAM',NULL);
INSERT INTO meal_food_items VALUES(224,32,50.0,'GRAM',NULL);
INSERT INTO meal_food_items VALUES(224,33,50.0,'GRAM',NULL);
INSERT INTO meal_food_items VALUES(224,13,14.0,'GRAM',NULL);
INSERT INTO meal_food_items VALUES(224,14,14.0,'GRAM',NULL);
INSERT INTO meal_food_items VALUES(225,76,1.0,'CUP',NULL);
INSERT INTO meal_food_items VALUES(226,67,240.0,'GRAM',NULL);
INSERT INTO meal_food_items VALUES(227,21,45.0,'GRAM',NULL);
INSERT INTO meal_food_items VALUES(227,30,120.0,'GRAM',NULL);
INSERT INTO meal_food_items VALUES(227,19,100.0,'GRAM',NULL);
INSERT INTO meal_food_items VALUES(227,6,50.0,'GRAM',NULL);
INSERT INTO meal_food_items VALUES(227,20,50.0,'GRAM',NULL);
INSERT INTO meal_food_items VALUES(227,23,12.0,'GRAM',NULL);
INSERT INTO meal_food_items VALUES(227,25,12.0,'GRAM',NULL);
INSERT INTO meal_food_items VALUES(227,29,100.0,'GRAM',NULL);
INSERT INTO meal_food_items VALUES(228,3,50.0,'GRAM',NULL);
INSERT INTO meal_food_items VALUES(228,4,50.0,'GRAM',NULL);
INSERT INTO meal_food_items VALUES(228,19,100.0,'GRAM',NULL);
INSERT INTO meal_food_items VALUES(228,20,50.0,'GRAM',NULL);
INSERT INTO meal_food_items VALUES(228,1,2.0,'PIECE',NULL);
INSERT INTO meal_food_items VALUES(228,2,2.0,'PIECE',NULL);
INSERT INTO meal_food_items VALUES(228,8,10.0,'GRAM',NULL);
INSERT INTO meal_food_items VALUES(229,34,45.0,'GRAM',NULL);
INSERT INTO meal_food_items VALUES(229,31,50.0,'GRAM',NULL);
INSERT INTO meal_food_items VALUES(229,9,2.0,'PIECE',NULL);
INSERT INTO meal_food_items VALUES(229,8,8.0,'GRAM',NULL);
INSERT INTO meal_food_items VALUES(230,76,1.0,'CUP',NULL);
INSERT INTO meal_food_items VALUES(231,67,240.0,'GRAM',NULL);
INSERT INTO meal_food_items VALUES(232,27,100.0,'GRAM',NULL);
INSERT INTO meal_food_items VALUES(232,35,100.0,'GRAM',NULL);
INSERT INTO meal_food_items VALUES(232,18,100.0,'GRAM',NULL);
INSERT INTO meal_food_items VALUES(232,5,50.0,'GRAM',NULL);
INSERT INTO meal_food_items VALUES(232,20,40.0,'GRAM',NULL);
INSERT INTO meal_food_items VALUES(232,23,12.0,'GRAM',NULL);
INSERT INTO meal_food_items VALUES(232,36,40.0,'GRAM',NULL);
INSERT INTO meal_food_items VALUES(232,37,20.0,'GRAM',NULL);
INSERT INTO meal_food_items VALUES(233,3,40.0,'GRAM',NULL);
INSERT INTO meal_food_items VALUES(233,7,40.0,'GRAM',NULL);
INSERT INTO meal_food_items VALUES(233,6,40.0,'GRAM',NULL);
INSERT INTO meal_food_items VALUES(233,1,2.0,'PIECE',NULL);
INSERT INTO meal_food_items VALUES(233,2,2.0,'PIECE',NULL);
INSERT INTO meal_food_items VALUES(233,39,1.0,'PIECE',NULL);
INSERT INTO meal_food_items VALUES(233,8,12.0,'GRAM',NULL);
INSERT INTO meal_food_items VALUES(233,26,12.0,'GRAM',NULL);
INSERT INTO meal_food_items VALUES(234,10,100.0,'GRAM',NULL);
INSERT INTO meal_food_items VALUES(234,31,80.0,'GRAM',NULL);
INSERT INTO meal_food_items VALUES(234,33,80.0,'GRAM',NULL);
INSERT INTO meal_food_items VALUES(234,32,40.0,'GRAM',NULL);
INSERT INTO meal_food_items VALUES(235,76,1.0,'CUP',NULL);
INSERT INTO meal_food_items VALUES(236,13,20.0,'GRAM',NULL);
INSERT INTO meal_food_items VALUES(236,14,20.0,'GRAM',NULL);
INSERT INTO meal_food_items VALUES(236,16,20.0,'GRAM',NULL);
INSERT INTO meal_food_items VALUES(236,15,20.0,'GRAM',NULL);
INSERT INTO meal_food_items VALUES(237,67,240.0,'GRAM',NULL);
INSERT INTO meal_food_items VALUES(238,27,80.0,'GRAM',NULL);
INSERT INTO meal_food_items VALUES(238,40,100.0,'GRAM',NULL);
INSERT INTO meal_food_items VALUES(238,41,100.0,'GRAM',NULL);
INSERT INTO meal_food_items VALUES(238,4,80.0,'GRAM',NULL);
INSERT INTO meal_food_items VALUES(238,3,80.0,'GRAM',NULL);
INSERT INTO meal_food_items VALUES(238,42,80.0,'GRAM',NULL);
INSERT INTO meal_food_items VALUES(238,20,40.0,'GRAM',NULL);
INSERT INTO meal_food_items VALUES(238,21,45.0,'GRAM',NULL);
INSERT INTO meal_food_items VALUES(238,22,12.0,'GRAM',NULL);
INSERT INTO meal_food_items VALUES(239,43,55.0,'GRAM',NULL);
INSERT INTO meal_food_items VALUES(239,4,80.0,'GRAM',NULL);
INSERT INTO meal_food_items VALUES(239,3,80.0,'GRAM',NULL);
INSERT INTO meal_food_items VALUES(239,30,100.0,'GRAM',NULL);
INSERT INTO meal_food_items VALUES(239,5,50.0,'GRAM',NULL);
INSERT INTO meal_food_items VALUES(239,8,10.0,'GRAM',NULL);
INSERT INTO meal_food_items VALUES(239,9,2.0,'PIECE',NULL);
INSERT INTO meal_food_items VALUES(240,31,100.0,'GRAM',NULL);
INSERT INTO meal_food_items VALUES(240,45,100.0,'GRAM',NULL);
INSERT INTO meal_food_items VALUES(240,13,14.0,'GRAM',NULL);
INSERT INTO meal_food_items VALUES(240,14,14.0,'GRAM',NULL);
INSERT INTO meal_food_items VALUES(240,15,14.0,'GRAM',NULL);
INSERT INTO meal_food_items VALUES(241,76,1.0,'CUP',NULL);
INSERT INTO meal_food_items VALUES(242,67,240.0,'GRAM',NULL);
INSERT INTO meal_food_items VALUES(243,4,80.0,'GRAM',NULL);
INSERT INTO meal_food_items VALUES(243,3,80.0,'GRAM',NULL);
INSERT INTO meal_food_items VALUES(243,19,80.0,'GRAM',NULL);
INSERT INTO meal_food_items VALUES(243,17,80.0,'GRAM',NULL);
INSERT INTO meal_food_items VALUES(243,6,50.0,'GRAM',NULL);
INSERT INTO meal_food_items VALUES(243,20,50.0,'GRAM',NULL);
INSERT INTO meal_food_items VALUES(243,1,2.0,'PIECE',NULL);
INSERT INTO meal_food_items VALUES(243,2,1.0,'PIECE',NULL);
INSERT INTO meal_food_items VALUES(243,22,12.0,'GRAM',NULL);
INSERT INTO meal_food_items VALUES(243,47,50.0,'GRAM',NULL);
INSERT INTO meal_food_items VALUES(244,10,120.0,'GRAM',NULL);
INSERT INTO meal_food_items VALUES(244,34,50.0,'GRAM',NULL);
INSERT INTO meal_food_items VALUES(245,27,80.0,'GRAM',NULL);
INSERT INTO meal_food_items VALUES(245,4,50.0,'GRAM',NULL);
INSERT INTO meal_food_items VALUES(245,3,50.0,'GRAM',NULL);
INSERT INTO meal_food_items VALUES(245,6,50.0,'GRAM',NULL);
INSERT INTO meal_food_items VALUES(245,20,40.0,'GRAM',NULL);
INSERT INTO meal_food_items VALUES(245,39,1.0,'PIECE',NULL);
INSERT INTO meal_food_items VALUES(245,8,10.0,'GRAM',NULL);
INSERT INTO meal_food_items VALUES(245,26,12.0,'GRAM',NULL);
INSERT INTO meal_food_items VALUES(246,10,120.0,'GRAM',NULL);
INSERT INTO meal_food_items VALUES(246,50,120.0,'GRAM',NULL);
INSERT INTO meal_food_items VALUES(246,51,80.0,'GRAM',NULL);
INSERT INTO meal_food_items VALUES(246,52,80.0,'GRAM',NULL);
INSERT INTO meal_food_items VALUES(246,13,20.0,'GRAM',NULL);
INSERT INTO meal_food_items VALUES(247,76,1.0,'CUP',NULL);
INSERT INTO meal_food_items VALUES(248,67,240.0,'GRAM',NULL);
INSERT INTO meal_food_items VALUES(249,3,80.0,'GRAM',NULL);
INSERT INTO meal_food_items VALUES(249,4,80.0,'GRAM',NULL);
INSERT INTO meal_food_items VALUES(249,29,100.0,'GRAM',NULL);
INSERT INTO meal_food_items VALUES(249,35,100.0,'GRAM',NULL);
INSERT INTO meal_food_items VALUES(249,18,80.0,'GRAM',NULL);
INSERT INTO meal_food_items VALUES(249,42,80.0,'GRAM',NULL);
INSERT INTO meal_food_items VALUES(249,20,50.0,'GRAM',NULL);
INSERT INTO meal_food_items VALUES(249,21,45.0,'GRAM',NULL);
INSERT INTO meal_food_items VALUES(249,22,12.0,'GRAM',NULL);
INSERT INTO meal_food_items VALUES(250,3,40.0,'GRAM',NULL);
INSERT INTO meal_food_items VALUES(250,4,40.0,'GRAM',NULL);
INSERT INTO meal_food_items VALUES(250,5,40.0,'GRAM',NULL);
INSERT INTO meal_food_items VALUES(250,1,1.0,'PIECE',NULL);
INSERT INTO meal_food_items VALUES(250,2,2.0,'PIECE',NULL);
INSERT INTO meal_food_items VALUES(250,8,12.0,'GRAM',NULL);
INSERT INTO meal_food_items VALUES(250,9,2.0,'PIECE',NULL);
INSERT INTO meal_food_items VALUES(250,26,12.0,'GRAM',NULL);
INSERT INTO meal_food_items VALUES(250,56,1.0,'PIECE',NULL);
INSERT INTO meal_food_items VALUES(251,45,200.0,'GRAM',NULL);
INSERT INTO meal_food_items VALUES(251,31,80.0,'GRAM',NULL);
INSERT INTO meal_food_items VALUES(251,33,80.0,'GRAM',NULL);
INSERT INTO meal_food_items VALUES(251,14,10.0,'GRAM',NULL);
INSERT INTO meal_food_items VALUES(251,16,10.0,'GRAM',NULL);
INSERT INTO meal_food_items VALUES(252,76,1.0,'CUP',NULL);
INSERT INTO meal_food_items VALUES(253,67,240.0,'GRAM',NULL);
INSERT INTO meal_food_items VALUES(254,3,80.0,'GRAM',NULL);
INSERT INTO meal_food_items VALUES(254,4,80.0,'GRAM',NULL);
INSERT INTO meal_food_items VALUES(254,27,100.0,'GRAM',NULL);
INSERT INTO meal_food_items VALUES(254,53,45.0,'GRAM',NULL);
INSERT INTO meal_food_items VALUES(254,21,45.0,'GRAM',NULL);
INSERT INTO meal_food_items VALUES(254,22,12.0,'GRAM',NULL);
INSERT INTO meal_food_items VALUES(255,3,50.0,'GRAM',NULL);
INSERT INTO meal_food_items VALUES(255,4,50.0,'GRAM',NULL);
INSERT INTO meal_food_items VALUES(255,29,80.0,'GRAM',NULL);
INSERT INTO meal_food_items VALUES(255,6,40.0,'GRAM',NULL);
INSERT INTO meal_food_items VALUES(255,7,40.0,'GRAM',NULL);
INSERT INTO meal_food_items VALUES(255,9,3.0,'PIECE',NULL);
INSERT INTO meal_food_items VALUES(255,8,12.0,'GRAM',NULL);
INSERT INTO meal_food_items VALUES(255,26,12.0,'GRAM',NULL);
INSERT INTO meal_food_items VALUES(255,56,2.0,'PIECE',NULL);
INSERT INTO meal_food_items VALUES(256,10,120.0,'GRAM',NULL);
INSERT INTO meal_food_items VALUES(256,50,120.0,'GRAM',NULL);
INSERT INTO meal_food_items VALUES(256,33,80.0,'GRAM',NULL);
INSERT INTO meal_food_items VALUES(256,32,40.0,'GRAM',NULL);
INSERT INTO meal_food_items VALUES(256,13,20.0,'GRAM',NULL);
INSERT INTO meal_food_items VALUES(256,16,20.0,'GRAM',NULL);
INSERT INTO meal_food_items VALUES(257,76,1.0,'CUP',NULL);
INSERT INTO meal_food_items VALUES(258,67,240.0,'GRAM',NULL);
INSERT INTO meal_food_items VALUES(259,4,70.0,'GRAM',NULL);
INSERT INTO meal_food_items VALUES(259,3,70.0,'GRAM',NULL);
INSERT INTO meal_food_items VALUES(259,19,80.0,'GRAM',NULL);
INSERT INTO meal_food_items VALUES(259,41,100.0,'GRAM',NULL);
INSERT INTO meal_food_items VALUES(259,6,50.0,'GRAM',NULL);
INSERT INTO meal_food_items VALUES(259,7,50.0,'GRAM',NULL);
INSERT INTO meal_food_items VALUES(259,20,40.0,'GRAM',NULL);
INSERT INTO meal_food_items VALUES(259,47,50.0,'GRAM',NULL);
INSERT INTO meal_food_items VALUES(259,22,12.0,'GRAM',NULL);
INSERT INTO meal_food_items VALUES(259,49,12.0,'GRAM',NULL);
INSERT INTO meal_food_items VALUES(260,3,40.0,'GRAM',NULL);
INSERT INTO meal_food_items VALUES(260,18,40.0,'GRAM',NULL);
INSERT INTO meal_food_items VALUES(260,6,40.0,'GRAM',NULL);
INSERT INTO meal_food_items VALUES(260,38,20.0,'GRAM',NULL);
INSERT INTO meal_food_items VALUES(260,37,40.0,'GRAM',NULL);
INSERT INTO meal_food_items VALUES(260,67,120.0,'GRAM',NULL);
INSERT INTO meal_food_items VALUES(260,1,1.0,'PIECE',NULL);
INSERT INTO meal_food_items VALUES(260,2,3.0,'PIECE',NULL);
INSERT INTO meal_food_items VALUES(260,22,12.0,'GRAM',NULL);
INSERT INTO meal_food_items VALUES(261,31,100.0,'GRAM',NULL);
INSERT INTO meal_food_items VALUES(261,46,140.0,'GRAM',NULL);
INSERT INTO meal_food_items VALUES(261,65,50.0,'GRAM',NULL);
INSERT INTO meal_food_items VALUES(261,13,14.0,'GRAM',NULL);
INSERT INTO meal_food_items VALUES(261,14,14.0,'GRAM',NULL);
INSERT INTO meal_food_items VALUES(262,76,1.0,'CUP',NULL);
INSERT INTO meal_food_items VALUES(263,67,240.0,'GRAM',NULL);
INSERT INTO meal_food_items VALUES(264,3,50.0,'GRAM',NULL);
INSERT INTO meal_food_items VALUES(264,4,50.0,'GRAM',NULL);
INSERT INTO meal_food_items VALUES(264,27,100.0,'GRAM',NULL);
INSERT INTO meal_food_items VALUES(264,62,140.0,'GRAM',NULL);
INSERT INTO meal_food_items VALUES(264,20,40.0,'GRAM',NULL);
INSERT INTO meal_food_items VALUES(264,23,12.0,'GRAM',NULL);
INSERT INTO meal_food_items VALUES(264,21,45.0,'GRAM',NULL);
INSERT INTO meal_food_items VALUES(264,55,45.0,'GRAM',NULL);
INSERT INTO meal_food_items VALUES(265,3,40.0,'GRAM',NULL);
INSERT INTO meal_food_items VALUES(265,57,40.0,'GRAM',NULL);
INSERT INTO meal_food_items VALUES(265,6,40.0,'GRAM',NULL);
INSERT INTO meal_food_items VALUES(265,1,1.0,'PIECE',NULL);
INSERT INTO meal_food_items VALUES(265,2,3.0,'PIECE',NULL);
INSERT INTO meal_food_items VALUES(265,8,12.0,'GRAM',NULL);
INSERT INTO meal_food_items VALUES(265,9,1.0,'PIECE',NULL);
INSERT INTO meal_food_items VALUES(266,9,3.0,'PIECE',NULL);
INSERT INTO meal_food_items VALUES(266,34,50.0,'GRAM',NULL);
INSERT INTO meal_food_items VALUES(266,10,80.0,'GRAM',NULL);
INSERT INTO meal_food_items VALUES(266,8,8.0,'GRAM',NULL);
INSERT INTO meal_food_items VALUES(267,76,1.0,'CUP',NULL);
INSERT INTO meal_food_items VALUES(268,67,240.0,'GRAM',NULL);
INSERT INTO meal_food_items VALUES(269,3,80.0,'GRAM',NULL);
INSERT INTO meal_food_items VALUES(269,4,80.0,'GRAM',NULL);
INSERT INTO meal_food_items VALUES(269,27,80.0,'GRAM',NULL);
INSERT INTO meal_food_items VALUES(269,17,80.0,'GRAM',NULL);
INSERT INTO meal_food_items VALUES(269,18,100.0,'GRAM',NULL);
INSERT INTO meal_food_items VALUES(269,6,40.0,'GRAM',NULL);
INSERT INTO meal_food_items VALUES(269,7,40.0,'GRAM',NULL);
INSERT INTO meal_food_items VALUES(269,48,50.0,'GRAM',NULL);
INSERT INTO meal_food_items VALUES(269,61,50.0,'GRAM',NULL);
INSERT INTO meal_food_items VALUES(269,22,12.0,'GRAM',NULL);
INSERT INTO meal_food_items VALUES(269,49,12.0,'GRAM',NULL);
INSERT INTO meal_food_items VALUES(270,27,100.0,'GRAM',NULL);
INSERT INTO meal_food_items VALUES(270,4,50.0,'GRAM',NULL);
INSERT INTO meal_food_items VALUES(270,3,50.0,'GRAM',NULL);
INSERT INTO meal_food_items VALUES(270,6,50.0,'GRAM',NULL);
INSERT INTO meal_food_items VALUES(270,7,50.0,'GRAM',NULL);
INSERT INTO meal_food_items VALUES(270,8,12.0,'GRAM',NULL);
INSERT INTO meal_food_items VALUES(270,39,2.0,'PIECE',NULL);
INSERT INTO meal_food_items VALUES(270,26,12.0,'GRAM',NULL);
INSERT INTO meal_food_items VALUES(271,31,80.0,'GRAM',NULL);
INSERT INTO meal_food_items VALUES(271,46,150.0,'GRAM',NULL);
INSERT INTO meal_food_items VALUES(271,11,100.0,'GRAM',NULL);
INSERT INTO meal_food_items VALUES(271,13,20.0,'GRAM',NULL);
INSERT INTO meal_food_items VALUES(271,14,20.0,'GRAM',NULL);
INSERT INTO meal_food_items VALUES(271,15,20.0,'GRAM',NULL);
INSERT INTO meal_food_items VALUES(272,76,1.0,'CUP',NULL);
INSERT INTO meal_food_items VALUES(273,67,240.0,'GRAM',NULL);
INSERT INTO meal_food_items VALUES(273,16,20.0,'GRAM',NULL);
INSERT INTO meal_food_items VALUES(274,3,80.0,'GRAM',NULL);
INSERT INTO meal_food_items VALUES(274,4,80.0,'GRAM',NULL);
INSERT INTO meal_food_items VALUES(274,64,150.0,'GRAM',NULL);
INSERT INTO meal_food_items VALUES(274,53,45.0,'GRAM',NULL);
INSERT INTO meal_food_items VALUES(274,21,45.0,'GRAM',NULL);
INSERT INTO meal_food_items VALUES(274,22,12.0,'GRAM',NULL);
INSERT INTO meal_food_items VALUES(275,1,2.0,'PIECE',NULL);
INSERT INTO meal_food_items VALUES(275,2,2.0,'PIECE',NULL);
INSERT INTO meal_food_items VALUES(275,3,50.0,'GRAM',NULL);
INSERT INTO meal_food_items VALUES(275,35,50.0,'GRAM',NULL);
INSERT INTO meal_food_items VALUES(275,28,50.0,'GRAM',NULL);
INSERT INTO meal_food_items VALUES(275,8,12.0,'GRAM',NULL);
INSERT INTO meal_food_items VALUES(275,9,4.0,'PIECE',NULL);
INSERT INTO meal_food_items VALUES(275,26,12.0,'GRAM',NULL);
INSERT INTO meal_food_items VALUES(276,66,100.0,'GRAM',NULL);
INSERT INTO meal_food_items VALUES(276,10,100.0,'GRAM',NULL);
INSERT INTO meal_food_items VALUES(276,45,180.0,'GRAM',NULL);
INSERT INTO meal_food_items VALUES(276,15,20.0,'GRAM',NULL);
INSERT INTO meal_food_items VALUES(276,13,20.0,'GRAM',NULL);
INSERT INTO meal_food_items VALUES(277,76,1.0,'CUP',NULL);
INSERT INTO meal_food_items VALUES(278,67,240.0,'GRAM',NULL);
INSERT INTO meal_food_items VALUES(278,16,20.0,'GRAM',NULL);
INSERT INTO meal_food_items VALUES(279,3,80.0,'GRAM',NULL);
INSERT INTO meal_food_items VALUES(279,4,80.0,'GRAM',NULL);
INSERT INTO meal_food_items VALUES(279,64,150.0,'GRAM',NULL);
INSERT INTO meal_food_items VALUES(279,19,100.0,'GRAM',NULL);
INSERT INTO meal_food_items VALUES(279,35,80.0,'GRAM',NULL);
INSERT INTO meal_food_items VALUES(279,6,40.0,'GRAM',NULL);
INSERT INTO meal_food_items VALUES(279,21,45.0,'GRAM',NULL);
INSERT INTO meal_food_items VALUES(279,22,12.0,'GRAM',NULL);
INSERT INTO meal_food_items VALUES(280,37,60.0,'GRAM',NULL);
INSERT INTO meal_food_items VALUES(280,4,40.0,'GRAM',NULL);
INSERT INTO meal_food_items VALUES(280,3,40.0,'GRAM',NULL);
INSERT INTO meal_food_items VALUES(280,18,60.0,'GRAM',NULL);
INSERT INTO meal_food_items VALUES(280,7,40.0,'GRAM',NULL);
INSERT INTO meal_food_items VALUES(280,22,12.0,'GRAM',NULL);
INSERT INTO meal_food_items VALUES(280,26,12.0,'GRAM',NULL);
INSERT INTO meal_food_items VALUES(281,27,80.0,'GRAM',NULL);
INSERT INTO meal_food_items VALUES(281,4,80.0,'GRAM',NULL);
INSERT INTO meal_food_items VALUES(281,59,120.0,'GRAM',NULL);
INSERT INTO meal_food_items VALUES(281,3,20.0,'GRAM',NULL);
INSERT INTO meal_food_items VALUES(281,6,40.0,'GRAM',NULL);
INSERT INTO meal_food_items VALUES(281,57,50.0,'GRAM',NULL);
INSERT INTO meal_food_items VALUES(281,58,40.0,'GRAM',NULL);
INSERT INTO meal_food_items VALUES(281,13,20.0,'GRAM',NULL);
INSERT INTO meal_food_items VALUES(281,15,20.0,'GRAM',NULL);
INSERT INTO meal_food_items VALUES(281,14,20.0,'GRAM',NULL);
INSERT INTO meal_food_items VALUES(282,76,1.0,'CUP',NULL);
INSERT INTO meal_food_items VALUES(283,67,240.0,'GRAM',NULL);
INSERT INTO meal_food_items VALUES(284,3,80.0,'GRAM',NULL);
INSERT INTO meal_food_items VALUES(284,4,80.0,'GRAM',NULL);
INSERT INTO meal_food_items VALUES(284,19,120.0,'GRAM',NULL);
INSERT INTO meal_food_items VALUES(284,43,60.0,'GRAM',NULL);
INSERT INTO meal_food_items VALUES(284,5,50.0,'GRAM',NULL);
INSERT INTO meal_food_items VALUES(284,42,80.0,'GRAM',NULL);
INSERT INTO meal_food_items VALUES(284,21,50.0,'GRAM',NULL);
INSERT INTO meal_food_items VALUES(284,22,12.0,'GRAM',NULL);
INSERT INTO meal_food_items VALUES(285,1,2.0,'PIECE',NULL);
INSERT INTO meal_food_items VALUES(285,2,2.0,'PIECE',NULL);
INSERT INTO meal_food_items VALUES(285,3,50.0,'GRAM',NULL);
INSERT INTO meal_food_items VALUES(285,4,50.0,'GRAM',NULL);
INSERT INTO meal_food_items VALUES(285,6,50.0,'GRAM',NULL);
INSERT INTO meal_food_items VALUES(285,8,14.0,'GRAM',NULL);
INSERT INTO meal_food_items VALUES(285,56,2.0,'PIECE',NULL);
INSERT INTO meal_food_items VALUES(285,9,3.0,'PIECE',NULL);
INSERT INTO meal_food_items VALUES(285,26,12.0,'GRAM',NULL);
INSERT INTO meal_food_items VALUES(286,27,100.0,'GRAM',NULL);
INSERT INTO meal_food_items VALUES(286,4,50.0,'GRAM',NULL);
INSERT INTO meal_food_items VALUES(286,3,50.0,'GRAM',NULL);
INSERT INTO meal_food_items VALUES(286,7,50.0,'GRAM',NULL);
INSERT INTO meal_food_items VALUES(286,28,50.0,'GRAM',NULL);
INSERT INTO meal_food_items VALUES(286,39,1.0,'PIECE',NULL);
INSERT INTO meal_food_items VALUES(286,8,12.0,'GRAM',NULL);
INSERT INTO meal_food_items VALUES(286,26,12.0,'GRAM',NULL);
INSERT INTO meal_food_items VALUES(287,76,1.0,'CUP',NULL);
INSERT INTO meal_food_items VALUES(288,67,240.0,'GRAM',NULL);
INSERT INTO meal_food_items VALUES(288,66,140.0,'GRAM',NULL);
INSERT INTO meal_food_items VALUES(288,68,40.0,'GRAM',NULL);
INSERT INTO meal_food_items VALUES(288,69,8.0,'GRAM',NULL);
INSERT INTO meal_food_items VALUES(289,67,240.0,'GRAM',NULL);
INSERT INTO meal_food_items VALUES(290,3,80.0,'GRAM',NULL);
INSERT INTO meal_food_items VALUES(290,4,80.0,'GRAM',NULL);
INSERT INTO meal_food_items VALUES(290,64,200.0,'GRAM',NULL);
INSERT INTO meal_food_items VALUES(290,17,100.0,'GRAM',NULL);
INSERT INTO meal_food_items VALUES(290,6,50.0,'GRAM',NULL);
INSERT INTO meal_food_items VALUES(290,18,80.0,'GRAM',NULL);
INSERT INTO meal_food_items VALUES(290,21,50.0,'GRAM',NULL);
INSERT INTO meal_food_items VALUES(290,22,12.0,'GRAM',NULL);
INSERT INTO meal_food_items VALUES(291,37,60.0,'GRAM',NULL);
INSERT INTO meal_food_items VALUES(291,3,50.0,'GRAM',NULL);
INSERT INTO meal_food_items VALUES(291,4,50.0,'GRAM',NULL);
INSERT INTO meal_food_items VALUES(291,27,100.0,'GRAM',NULL);
INSERT INTO meal_food_items VALUES(291,5,40.0,'GRAM',NULL);
INSERT INTO meal_food_items VALUES(291,22,12.0,'GRAM',NULL);
INSERT INTO meal_food_items VALUES(291,26,12.0,'GRAM',NULL);
INSERT INTO meal_food_items VALUES(292,44,100.0,'GRAM',NULL);
INSERT INTO meal_food_items VALUES(292,4,80.0,'GRAM',NULL);
INSERT INTO meal_food_items VALUES(292,59,100.0,'GRAM',NULL);
INSERT INTO meal_food_items VALUES(292,28,80.0,'GRAM',NULL);
INSERT INTO meal_food_items VALUES(292,7,40.0,'GRAM',NULL);
INSERT INTO meal_food_items VALUES(292,8,8.0,'GRAM',NULL);
INSERT INTO meal_food_items VALUES(293,76,1.0,'CUP',NULL);
INSERT INTO meal_food_items VALUES(294,67,240.0,'GRAM',NULL);
INSERT INTO meal_food_items VALUES(294,10,120.0,'GRAM',NULL);
INSERT INTO meal_food_items VALUES(294,65,80.0,'GRAM',NULL);
INSERT INTO meal_food_items VALUES(294,68,40.0,'GRAM',NULL);
INSERT INTO meal_food_items VALUES(295,67,240.0,'GRAM',NULL);
INSERT INTO meal_food_items VALUES(296,3,80.0,'GRAM',NULL);
INSERT INTO meal_food_items VALUES(296,4,80.0,'GRAM',NULL);
INSERT INTO meal_food_items VALUES(296,19,100.0,'GRAM',NULL);
INSERT INTO meal_food_items VALUES(296,63,100.0,'GRAM',NULL);
INSERT INTO meal_food_items VALUES(296,5,40.0,'GRAM',NULL);
INSERT INTO meal_food_items VALUES(296,24,12.0,'GRAM',NULL);
INSERT INTO meal_food_items VALUES(296,36,40.0,'GRAM',NULL);
INSERT INTO meal_food_items VALUES(296,70,20.0,'GRAM',NULL);
INSERT INTO meal_food_items VALUES(297,3,40.0,'GRAM',NULL);
INSERT INTO meal_food_items VALUES(297,4,40.0,'GRAM',NULL);
INSERT INTO meal_food_items VALUES(297,6,40.0,'GRAM',NULL);
INSERT INTO meal_food_items VALUES(297,1,2.0,'PIECE',NULL);
INSERT INTO meal_food_items VALUES(297,2,2.0,'PIECE',NULL);
INSERT INTO meal_food_items VALUES(297,8,12.0,'GRAM',NULL);
INSERT INTO meal_food_items VALUES(297,9,2.0,'PIECE',NULL);
INSERT INTO meal_food_items VALUES(297,56,1.0,'PIECE',NULL);
INSERT INTO meal_food_items VALUES(298,3,20.0,'GRAM',NULL);
INSERT INTO meal_food_items VALUES(298,4,80.0,'GRAM',NULL);
INSERT INTO meal_food_items VALUES(298,59,120.0,'GRAM',NULL);
INSERT INTO meal_food_items VALUES(298,27,80.0,'GRAM',NULL);
INSERT INTO meal_food_items VALUES(298,28,80.0,'GRAM',NULL);
INSERT INTO meal_food_items VALUES(298,60,40.0,'GRAM',NULL);
INSERT INTO meal_food_items VALUES(299,76,1.0,'CUP',NULL);
INSERT INTO meal_food_items VALUES(300,31,100.0,'GRAM',NULL);
INSERT INTO meal_food_items VALUES(300,67,240.0,'GRAM',NULL);
INSERT INTO meal_food_items VALUES(300,13,14.0,'GRAM',NULL);
INSERT INTO meal_food_items VALUES(300,14,14.0,'GRAM',NULL);
INSERT INTO meal_food_items VALUES(301,67,240.0,'GRAM',NULL);
INSERT INTO meal_food_items VALUES(302,3,80.0,'GRAM',NULL);
INSERT INTO meal_food_items VALUES(302,4,80.0,'GRAM',NULL);
INSERT INTO meal_food_items VALUES(302,40,100.0,'GRAM',NULL);
INSERT INTO meal_food_items VALUES(302,54,45.0,'GRAM',NULL);
INSERT INTO meal_food_items VALUES(302,21,50.0,'GRAM',NULL);
INSERT INTO meal_food_items VALUES(302,23,14.0,'GRAM',NULL);
INSERT INTO meal_food_items VALUES(303,3,60.0,'GRAM',NULL);
INSERT INTO meal_food_items VALUES(303,4,60.0,'GRAM',NULL);
INSERT INTO meal_food_items VALUES(303,5,50.0,'GRAM',NULL);
INSERT INTO meal_food_items VALUES(303,27,80.0,'GRAM',NULL);
INSERT INTO meal_food_items VALUES(303,28,50.0,'GRAM',NULL);
INSERT INTO meal_food_items VALUES(303,56,1.0,'PIECE',NULL);
INSERT INTO meal_food_items VALUES(303,39,1.0,'PIECE',NULL);
INSERT INTO meal_food_items VALUES(303,8,12.0,'GRAM',NULL);
INSERT INTO meal_food_items VALUES(303,26,12.0,'GRAM',NULL);
INSERT INTO meal_food_items VALUES(304,9,4.0,'PIECE',NULL);
INSERT INTO meal_food_items VALUES(304,34,70.0,'GRAM',NULL);
INSERT INTO meal_food_items VALUES(304,31,80.0,'GRAM',NULL);
INSERT INTO meal_food_items VALUES(304,8,8.0,'GRAM',NULL);
INSERT INTO meal_food_items VALUES(305,76,1.0,'CUP',NULL);
INSERT INTO meal_food_items VALUES(306,67,240.0,'GRAM',NULL);
INSERT INTO meal_food_items VALUES(307,3,80.0,'GRAM',NULL);
INSERT INTO meal_food_items VALUES(307,4,80.0,'GRAM',NULL);
INSERT INTO meal_food_items VALUES(307,1,2.0,'PIECE',NULL);
INSERT INTO meal_food_items VALUES(307,2,2.0,'PIECE',NULL);
INSERT INTO meal_food_items VALUES(307,17,80.0,'GRAM',NULL);
INSERT INTO meal_food_items VALUES(307,18,80.0,'GRAM',NULL);
INSERT INTO meal_food_items VALUES(307,6,50.0,'GRAM',NULL);
INSERT INTO meal_food_items VALUES(307,7,50.0,'GRAM',NULL);
INSERT INTO meal_food_items VALUES(307,21,45.0,'GRAM',NULL);
INSERT INTO meal_food_items VALUES(307,25,12.0,'GRAM',NULL);
INSERT INTO meal_food_items VALUES(307,22,12.0,'GRAM',NULL);
INSERT INTO meal_food_items VALUES(308,69,8.0,'GRAM',NULL);
INSERT INTO meal_food_items VALUES(309,3,70.0,'GRAM',NULL);
INSERT INTO meal_food_items VALUES(309,4,70.0,'GRAM',NULL);
INSERT INTO meal_food_items VALUES(309,5,40.0,'GRAM',NULL);
INSERT INTO meal_food_items VALUES(309,6,40.0,'GRAM',NULL);
INSERT INTO meal_food_items VALUES(309,1,2.0,'PIECE',NULL);
INSERT INTO meal_food_items VALUES(309,2,3.0,'PIECE',NULL);
INSERT INTO meal_food_items VALUES(309,8,14.0,'GRAM',NULL);
INSERT INTO meal_food_items VALUES(309,9,1.0,'PIECE',NULL);
INSERT INTO meal_food_items VALUES(309,27,80.0,'GRAM',NULL);
INSERT INTO meal_food_items VALUES(310,76,1.0,'CUP',NULL);
INSERT INTO meal_food_items VALUES(311,105,200.0,'GRAM',NULL);
INSERT INTO meal_food_items VALUES(311,12,180.0,'GRAM',NULL);
INSERT INTO meal_food_items VALUES(311,46,180.0,'GRAM',NULL);
INSERT INTO meal_food_items VALUES(312,67,240.0,'GRAM',NULL);
INSERT INTO meal_food_items VALUES(313,13,20.0,'GRAM',NULL);
INSERT INTO meal_food_items VALUES(313,14,20.0,'GRAM',NULL);
INSERT INTO meal_food_items VALUES(313,16,20.0,'GRAM',NULL);
INSERT INTO meal_food_items VALUES(313,15,20.0,'GRAM',NULL);
INSERT INTO meal_food_items VALUES(314,3,80.0,'GRAM',NULL);
INSERT INTO meal_food_items VALUES(314,4,80.0,'GRAM',NULL);
INSERT INTO meal_food_items VALUES(314,64,220.0,'GRAM',NULL);
INSERT INTO meal_food_items VALUES(314,30,120.0,'GRAM',NULL);
INSERT INTO meal_food_items VALUES(314,27,100.0,'GRAM',NULL);
INSERT INTO meal_food_items VALUES(314,7,50.0,'GRAM',NULL);
INSERT INTO meal_food_items VALUES(314,20,50.0,'GRAM',NULL);
INSERT INTO meal_food_items VALUES(314,22,14.0,'GRAM',NULL);
INSERT INTO meal_food_items VALUES(315,69,8.0,'GRAM',NULL);
INSERT INTO meal_food_items VALUES(316,19,100.0,'GRAM',NULL);
INSERT INTO meal_food_items VALUES(316,4,80.0,'GRAM',NULL);
INSERT INTO meal_food_items VALUES(316,3,80.0,'GRAM',NULL);
INSERT INTO meal_food_items VALUES(316,5,40.0,'GRAM',NULL);
INSERT INTO meal_food_items VALUES(316,9,4.0,'PIECE',NULL);
INSERT INTO meal_food_items VALUES(316,8,12.0,'GRAM',NULL);
INSERT INTO meal_food_items VALUES(316,56,2.0,'PIECE',NULL);
INSERT INTO meal_food_items VALUES(317,76,1.0,'CUP',NULL);
INSERT INTO meal_food_items VALUES(318,81,45.0,'GRAM',NULL);
INSERT INTO meal_food_items VALUES(318,67,240.0,'GRAM',NULL);
INSERT INTO meal_food_items VALUES(318,69,8.0,'GRAM',NULL);
INSERT INTO meal_food_items VALUES(318,10,120.0,'GRAM',NULL);
INSERT INTO meal_food_items VALUES(318,31,100.0,'GRAM',NULL);
INSERT INTO meal_food_items VALUES(318,32,50.0,'GRAM',NULL);
INSERT INTO meal_food_items VALUES(318,13,10.0,'GRAM',NULL);
INSERT INTO meal_food_items VALUES(318,14,10.0,'GRAM',NULL);
INSERT INTO meal_food_items VALUES(318,84,10.0,'GRAM',NULL);
INSERT INTO meal_food_items VALUES(318,82,14.0,'GRAM',NULL);
INSERT INTO meal_food_items VALUES(319,67,240.0,'GRAM',NULL);
INSERT INTO meal_food_items VALUES(320,78,150.0,'GRAM',NULL);
INSERT INTO meal_food_items VALUES(320,79,50.0,'GRAM',NULL);
INSERT INTO meal_food_items VALUES(320,34,30.0,'GRAM',NULL);
INSERT INTO meal_food_items VALUES(320,80,3.0,'PIECE',NULL);
INSERT INTO meal_food_items VALUES(321,3,80.0,'GRAM',NULL);
INSERT INTO meal_food_items VALUES(321,4,80.0,'GRAM',NULL);
INSERT INTO meal_food_items VALUES(321,27,100.0,'GRAM',NULL);
INSERT INTO meal_food_items VALUES(321,17,100.0,'GRAM',NULL);
INSERT INTO meal_food_items VALUES(321,41,80.0,'GRAM',NULL);
INSERT INTO meal_food_items VALUES(321,6,50.0,'GRAM',NULL);
INSERT INTO meal_food_items VALUES(321,20,50.0,'GRAM',NULL);
INSERT INTO meal_food_items VALUES(321,21,45.0,'GRAM',NULL);
INSERT INTO meal_food_items VALUES(321,22,14.0,'GRAM',NULL);
INSERT INTO meal_food_items VALUES(321,25,12.0,'GRAM',NULL);
INSERT INTO meal_food_items VALUES(322,37,60.0,'GRAM',NULL);
INSERT INTO meal_food_items VALUES(322,4,40.0,'GRAM',NULL);
INSERT INTO meal_food_items VALUES(322,3,40.0,'GRAM',NULL);
INSERT INTO meal_food_items VALUES(322,30,80.0,'GRAM',NULL);
INSERT INTO meal_food_items VALUES(322,22,12.0,'GRAM',NULL);
INSERT INTO meal_food_items VALUES(322,91,80.0,'GRAM',NULL);
INSERT INTO meal_food_items VALUES(322,26,12.0,'GRAM',NULL);
INSERT INTO meal_food_items VALUES(323,76,1.0,'CUP',NULL);
INSERT INTO meal_food_items VALUES(324,34,50.0,'GRAM',NULL);
INSERT INTO meal_food_items VALUES(324,31,100.0,'GRAM',NULL);
INSERT INTO meal_food_items VALUES(324,10,80.0,'GRAM',NULL);
INSERT INTO meal_food_items VALUES(324,39,1.0,'PIECE',NULL);
INSERT INTO meal_food_items VALUES(324,8,10.0,'GRAM',NULL);
INSERT INTO meal_food_items VALUES(325,67,240.0,'GRAM',NULL);
INSERT INTO meal_food_items VALUES(326,65,80.0,'GRAM',NULL);
INSERT INTO meal_food_items VALUES(326,32,40.0,'GRAM',NULL);
INSERT INTO meal_food_items VALUES(326,86,40.0,'GRAM',NULL);
INSERT INTO meal_food_items VALUES(326,67,240.0,'GRAM',NULL);
INSERT INTO meal_food_items VALUES(326,85,14.0,'GRAM',NULL);
INSERT INTO meal_food_items VALUES(326,13,14.0,'GRAM',NULL);
INSERT INTO meal_food_items VALUES(326,16,14.0,'GRAM',NULL);
INSERT INTO meal_food_items VALUES(326,14,14.0,'GRAM',NULL);
INSERT INTO meal_food_items VALUES(327,3,80.0,'GRAM',NULL);
INSERT INTO meal_food_items VALUES(327,4,80.0,'GRAM',NULL);
INSERT INTO meal_food_items VALUES(327,17,100.0,'GRAM',NULL);
INSERT INTO meal_food_items VALUES(327,41,100.0,'GRAM',NULL);
INSERT INTO meal_food_items VALUES(327,20,50.0,'GRAM',NULL);
INSERT INTO meal_food_items VALUES(327,7,40.0,'GRAM',NULL);
INSERT INTO meal_food_items VALUES(327,22,14.0,'GRAM',NULL);
INSERT INTO meal_food_items VALUES(327,48,60.0,'GRAM',NULL);
INSERT INTO meal_food_items VALUES(327,25,12.0,'GRAM',NULL);
INSERT INTO meal_food_items VALUES(327,27,120.0,'GRAM',NULL);
INSERT INTO meal_food_items VALUES(328,3,40.0,'GRAM',NULL);
INSERT INTO meal_food_items VALUES(328,4,40.0,'GRAM',NULL);
INSERT INTO meal_food_items VALUES(328,5,40.0,'GRAM',NULL);
INSERT INTO meal_food_items VALUES(328,7,40.0,'GRAM',NULL);
INSERT INTO meal_food_items VALUES(328,1,2.0,'PIECE',NULL);
INSERT INTO meal_food_items VALUES(328,2,2.0,'PIECE',NULL);
INSERT INTO meal_food_items VALUES(328,8,12.0,'GRAM',NULL);
INSERT INTO meal_food_items VALUES(328,9,4.0,'PIECE',NULL);
INSERT INTO meal_food_items VALUES(328,26,12.0,'GRAM',NULL);
INSERT INTO meal_food_items VALUES(329,76,1.0,'CUP',NULL);
INSERT INTO meal_food_items VALUES(330,66,150.0,'GRAM',NULL);
INSERT INTO meal_food_items VALUES(330,50,100.0,'GRAM',NULL);
INSERT INTO meal_food_items VALUES(330,45,150.0,'GRAM',NULL);
INSERT INTO meal_food_items VALUES(330,65,50.0,'GRAM',NULL);
INSERT INTO meal_food_items VALUES(331,67,240.0,'GRAM',NULL);
INSERT INTO meal_food_items VALUES(332,31,140.0,'GRAM',NULL);
INSERT INTO meal_food_items VALUES(332,67,240.0,'GRAM',NULL);
INSERT INTO meal_food_items VALUES(332,69,4.0,'GRAM',NULL);
INSERT INTO meal_food_items VALUES(333,3,80.0,'GRAM',NULL);
INSERT INTO meal_food_items VALUES(333,4,80.0,'GRAM',NULL);
INSERT INTO meal_food_items VALUES(333,27,100.0,'GRAM',NULL);
INSERT INTO meal_food_items VALUES(333,19,100.0,'GRAM',NULL);
INSERT INTO meal_food_items VALUES(333,6,50.0,'GRAM',NULL);
INSERT INTO meal_food_items VALUES(333,42,50.0,'GRAM',NULL);
INSERT INTO meal_food_items VALUES(333,20,40.0,'GRAM',NULL);
INSERT INTO meal_food_items VALUES(333,21,50.0,'GRAM',NULL);
INSERT INTO meal_food_items VALUES(333,22,12.0,'GRAM',NULL);
INSERT INTO meal_food_items VALUES(334,3,80.0,'GRAM',NULL);
INSERT INTO meal_food_items VALUES(334,4,80.0,'GRAM',NULL);
INSERT INTO meal_food_items VALUES(334,5,40.0,'GRAM',NULL);
INSERT INTO meal_food_items VALUES(334,7,40.0,'GRAM',NULL);
INSERT INTO meal_food_items VALUES(334,27,80.0,'GRAM',NULL);
INSERT INTO meal_food_items VALUES(334,20,40.0,'GRAM',NULL);
INSERT INTO meal_food_items VALUES(334,8,14.0,'GRAM',NULL);
INSERT INTO meal_food_items VALUES(334,39,2.0,'PIECE',NULL);
INSERT INTO meal_food_items VALUES(334,26,14.0,'GRAM',NULL);
INSERT INTO meal_food_items VALUES(335,76,1.0,'CUP',NULL);
INSERT INTO meal_food_items VALUES(336,50,120.0,'GRAM',NULL);
INSERT INTO meal_food_items VALUES(336,10,120.0,'GRAM',NULL);
INSERT INTO meal_food_items VALUES(336,45,180.0,'GRAM',NULL);
INSERT INTO meal_food_items VALUES(336,13,14.0,'GRAM',NULL);
INSERT INTO meal_food_items VALUES(336,15,14.0,'GRAM',NULL);
INSERT INTO meal_food_items VALUES(336,16,14.0,'GRAM',NULL);
INSERT INTO meal_food_items VALUES(337,67,240.0,'GRAM',NULL);
INSERT INTO meal_food_items VALUES(338,67,240.0,'GRAM',NULL);
INSERT INTO meal_food_items VALUES(338,79,50.0,'GRAM',NULL);
INSERT INTO meal_food_items VALUES(338,33,100.0,'GRAM',NULL);
INSERT INTO meal_food_items VALUES(338,87,50.0,'GRAM',NULL);
INSERT INTO meal_food_items VALUES(338,85,12.0,'GRAM',NULL);
INSERT INTO meal_food_items VALUES(339,3,80.0,'GRAM',NULL);
INSERT INTO meal_food_items VALUES(339,4,80.0,'GRAM',NULL);
INSERT INTO meal_food_items VALUES(339,30,140.0,'GRAM',NULL);
INSERT INTO meal_food_items VALUES(339,55,40.0,'GRAM',NULL);
INSERT INTO meal_food_items VALUES(339,21,45.0,'GRAM',NULL);
INSERT INTO meal_food_items VALUES(339,22,12.0,'GRAM',NULL);
INSERT INTO meal_food_items VALUES(339,36,40.0,'GRAM',NULL);
INSERT INTO meal_food_items VALUES(339,88,20.0,'GRAM',NULL);
INSERT INTO meal_food_items VALUES(340,3,50.0,'GRAM',NULL);
INSERT INTO meal_food_items VALUES(340,7,50.0,'GRAM',NULL);
INSERT INTO meal_food_items VALUES(340,19,80.0,'GRAM',NULL);
INSERT INTO meal_food_items VALUES(340,57,50.0,'GRAM',NULL);
INSERT INTO meal_food_items VALUES(340,8,12.0,'GRAM',NULL);
INSERT INTO meal_food_items VALUES(340,9,4.0,'PIECE',NULL);
INSERT INTO meal_food_items VALUES(340,26,12.0,'GRAM',NULL);
INSERT INTO meal_food_items VALUES(340,56,2.0,'PIECE',NULL);
INSERT INTO meal_food_items VALUES(341,76,1.0,'CUP',NULL);
INSERT INTO meal_food_items VALUES(342,81,40.0,'GRAM',NULL);
INSERT INTO meal_food_items VALUES(342,67,240.0,'GRAM',NULL);
INSERT INTO meal_food_items VALUES(342,69,8.0,'GRAM',NULL);
INSERT INTO meal_food_items VALUES(342,13,20.0,'GRAM',NULL);
INSERT INTO meal_food_items VALUES(342,31,120.0,'GRAM',NULL);
INSERT INTO meal_food_items VALUES(342,10,120.0,'GRAM',NULL);
INSERT INTO meal_food_items VALUES(342,85,12.0,'GRAM',NULL);
INSERT INTO meal_food_items VALUES(343,67,240.0,'GRAM',NULL);
INSERT INTO meal_food_items VALUES(344,79,50.0,'GRAM',NULL);
INSERT INTO meal_food_items VALUES(344,78,240.0,'GRAM',NULL);
INSERT INTO meal_food_items VALUES(344,66,100.0,'GRAM',NULL);
INSERT INTO meal_food_items VALUES(345,3,80.0,'GRAM',NULL);
INSERT INTO meal_food_items VALUES(345,4,80.0,'GRAM',NULL);
INSERT INTO meal_food_items VALUES(345,27,100.0,'GRAM',NULL);
INSERT INTO meal_food_items VALUES(345,17,100.0,'GRAM',NULL);
INSERT INTO meal_food_items VALUES(345,18,100.0,'GRAM',NULL);
INSERT INTO meal_food_items VALUES(345,42,80.0,'GRAM',NULL);
INSERT INTO meal_food_items VALUES(345,6,40.0,'GRAM',NULL);
INSERT INTO meal_food_items VALUES(345,7,40.0,'GRAM',NULL);
INSERT INTO meal_food_items VALUES(345,47,55.0,'GRAM',NULL);
INSERT INTO meal_food_items VALUES(345,22,14.0,'GRAM',NULL);
INSERT INTO meal_food_items VALUES(345,89,30.0,'GRAM',NULL);
INSERT INTO meal_food_items VALUES(345,49,12.0,'GRAM',NULL);
INSERT INTO meal_food_items VALUES(346,3,40.0,'GRAM',NULL);
INSERT INTO meal_food_items VALUES(346,4,40.0,'GRAM',NULL);
INSERT INTO meal_food_items VALUES(346,7,40.0,'GRAM',NULL);
INSERT INTO meal_food_items VALUES(346,1,2.0,'PIECE',NULL);
INSERT INTO meal_food_items VALUES(346,2,1.0,'PIECE',NULL);
INSERT INTO meal_food_items VALUES(346,56,1.0,'PIECE',NULL);
INSERT INTO meal_food_items VALUES(346,39,1.0,'PIECE',NULL);
INSERT INTO meal_food_items VALUES(346,8,12.0,'GRAM',NULL);
INSERT INTO meal_food_items VALUES(346,26,12.0,'GRAM',NULL);
INSERT INTO meal_food_items VALUES(347,76,1.0,'CUP',NULL);
INSERT INTO meal_food_items VALUES(348,46,180.0,'GRAM',NULL);
INSERT INTO meal_food_items VALUES(348,10,140.0,'GRAM',NULL);
INSERT INTO meal_food_items VALUES(348,31,140.0,'GRAM',NULL);
INSERT INTO meal_food_items VALUES(348,13,12.0,'GRAM',NULL);
INSERT INTO meal_food_items VALUES(348,14,12.0,'GRAM',NULL);
INSERT INTO meal_food_items VALUES(348,90,8.0,'GRAM',NULL);
INSERT INTO meal_food_items VALUES(349,67,240.0,'GRAM',NULL);
INSERT INTO meal_food_items VALUES(350,79,50.0,'GRAM',NULL);
INSERT INTO meal_food_items VALUES(350,67,240.0,'GRAM',NULL);
INSERT INTO meal_food_items VALUES(350,33,80.0,'GRAM',NULL);
INSERT INTO meal_food_items VALUES(350,32,50.0,'GRAM',NULL);
INSERT INTO meal_food_items VALUES(351,3,80.0,'GRAM',NULL);
INSERT INTO meal_food_items VALUES(351,4,80.0,'GRAM',NULL);
INSERT INTO meal_food_items VALUES(351,27,80.0,'GRAM',NULL);
INSERT INTO meal_food_items VALUES(351,19,100.0,'GRAM',NULL);
INSERT INTO meal_food_items VALUES(351,17,80.0,'GRAM',NULL);
INSERT INTO meal_food_items VALUES(351,7,40.0,'GRAM',NULL);
INSERT INTO meal_food_items VALUES(351,21,50.0,'GRAM',NULL);
INSERT INTO meal_food_items VALUES(351,22,14.0,'GRAM',NULL);
INSERT INTO meal_food_items VALUES(352,97,100.0,'GRAM',NULL);
INSERT INTO meal_food_items VALUES(353,1,2.0,'PIECE',NULL);
INSERT INTO meal_food_items VALUES(353,2,2.0,'PIECE',NULL);
INSERT INTO meal_food_items VALUES(353,19,80.0,'GRAM',NULL);
INSERT INTO meal_food_items VALUES(353,3,80.0,'GRAM',NULL);
INSERT INTO meal_food_items VALUES(353,4,80.0,'GRAM',NULL);
INSERT INTO meal_food_items VALUES(353,5,40.0,'GRAM',NULL);
INSERT INTO meal_food_items VALUES(353,8,14.0,'GRAM',NULL);
INSERT INTO meal_food_items VALUES(353,9,2.0,'PIECE',NULL);
INSERT INTO meal_food_items VALUES(354,76,1.0,'CUP',NULL);
INSERT INTO meal_food_items VALUES(355,27,100.0,'GRAM',NULL);
INSERT INTO meal_food_items VALUES(355,4,80.0,'GRAM',NULL);
INSERT INTO meal_food_items VALUES(355,59,120.0,'GRAM',NULL);
INSERT INTO meal_food_items VALUES(355,28,50.0,'GRAM',NULL);
INSERT INTO meal_food_items VALUES(355,3,20.0,'GRAM',NULL);
INSERT INTO meal_food_items VALUES(355,57,50.0,'GRAM',NULL);
INSERT INTO meal_food_items VALUES(355,58,40.0,'GRAM',NULL);
INSERT INTO meal_food_items VALUES(356,67,240.0,'GRAM',NULL);
INSERT INTO meal_food_items VALUES(357,79,50.0,'GRAM',NULL);
INSERT INTO meal_food_items VALUES(357,67,240.0,'GRAM',NULL);
INSERT INTO meal_food_items VALUES(357,31,120.0,'GRAM',NULL);
INSERT INTO meal_food_items VALUES(357,65,50.0,'GRAM',NULL);
INSERT INTO meal_food_items VALUES(358,3,80.0,'GRAM',NULL);
INSERT INTO meal_food_items VALUES(358,4,80.0,'GRAM',NULL);
INSERT INTO meal_food_items VALUES(358,64,150.0,'GRAM',NULL);
INSERT INTO meal_food_items VALUES(358,40,100.0,'GRAM',NULL);
INSERT INTO meal_food_items VALUES(358,18,80.0,'GRAM',NULL);
INSERT INTO meal_food_items VALUES(358,42,50.0,'GRAM',NULL);
INSERT INTO meal_food_items VALUES(358,20,50.0,'GRAM',NULL);
INSERT INTO meal_food_items VALUES(358,21,50.0,'GRAM',NULL);
INSERT INTO meal_food_items VALUES(358,22,14.0,'GRAM',NULL);
INSERT INTO meal_food_items VALUES(358,25,12.0,'GRAM',NULL);
INSERT INTO meal_food_items VALUES(359,27,80.0,'GRAM',NULL);
INSERT INTO meal_food_items VALUES(359,4,50.0,'GRAM',NULL);
INSERT INTO meal_food_items VALUES(359,3,50.0,'GRAM',NULL);
INSERT INTO meal_food_items VALUES(359,6,40.0,'GRAM',NULL);
INSERT INTO meal_food_items VALUES(359,20,40.0,'GRAM',NULL);
INSERT INTO meal_food_items VALUES(359,8,12.0,'GRAM',NULL);
INSERT INTO meal_food_items VALUES(359,37,60.0,'GRAM',NULL);
INSERT INTO meal_food_items VALUES(359,26,12.0,'GRAM',NULL);
INSERT INTO meal_food_items VALUES(360,76,1.0,'CUP',NULL);
INSERT INTO meal_food_items VALUES(361,10,120.0,'GRAM',NULL);
INSERT INTO meal_food_items VALUES(361,50,120.0,'GRAM',NULL);
INSERT INTO meal_food_items VALUES(361,46,140.0,'GRAM',NULL);
INSERT INTO meal_food_items VALUES(361,13,12.0,'GRAM',NULL);
INSERT INTO meal_food_items VALUES(361,14,12.0,'GRAM',NULL);
INSERT INTO meal_food_items VALUES(361,15,12.0,'GRAM',NULL);
INSERT INTO meal_food_items VALUES(362,67,240.0,'GRAM',NULL);
INSERT INTO meal_food_items VALUES(363,79,50.0,'GRAM',NULL);
INSERT INTO meal_food_items VALUES(363,67,240.0,'GRAM',NULL);
INSERT INTO meal_food_items VALUES(363,33,80.0,'GRAM',NULL);
INSERT INTO meal_food_items VALUES(363,32,50.0,'GRAM',NULL);
INSERT INTO meal_food_items VALUES(364,3,80.0,'GRAM',NULL);
INSERT INTO meal_food_items VALUES(364,4,80.0,'GRAM',NULL);
INSERT INTO meal_food_items VALUES(364,64,120.0,'GRAM',NULL);
INSERT INTO meal_food_items VALUES(364,19,100.0,'GRAM',NULL);
INSERT INTO meal_food_items VALUES(364,17,100.0,'GRAM',NULL);
INSERT INTO meal_food_items VALUES(364,18,80.0,'GRAM',NULL);
INSERT INTO meal_food_items VALUES(364,42,80.0,'GRAM',NULL);
INSERT INTO meal_food_items VALUES(364,6,40.0,'GRAM',NULL);
INSERT INTO meal_food_items VALUES(364,47,55.0,'GRAM',NULL);
INSERT INTO meal_food_items VALUES(364,22,12.0,'GRAM',NULL);
INSERT INTO meal_food_items VALUES(364,49,12.0,'GRAM',NULL);
INSERT INTO meal_food_items VALUES(365,1,2.0,'PIECE',NULL);
INSERT INTO meal_food_items VALUES(365,2,2.0,'PIECE',NULL);
INSERT INTO meal_food_items VALUES(365,3,40.0,'GRAM',NULL);
INSERT INTO meal_food_items VALUES(365,57,50.0,'GRAM',NULL);
INSERT INTO meal_food_items VALUES(365,6,40.0,'GRAM',NULL);
INSERT INTO meal_food_items VALUES(365,8,12.0,'GRAM',NULL);
INSERT INTO meal_food_items VALUES(365,9,3.0,'PIECE',NULL);
INSERT INTO meal_food_items VALUES(365,26,12.0,'GRAM',NULL);
INSERT INTO meal_food_items VALUES(366,76,1.0,'CUP',NULL);
INSERT INTO meal_food_items VALUES(367,10,100.0,'GRAM',NULL);
INSERT INTO meal_food_items VALUES(367,50,100.0,'GRAM',NULL);
INSERT INTO meal_food_items VALUES(367,46,100.0,'GRAM',NULL);
INSERT INTO meal_food_items VALUES(367,13,14.0,'GRAM',NULL);
INSERT INTO meal_food_items VALUES(367,14,14.0,'GRAM',NULL);
INSERT INTO meal_food_items VALUES(368,67,240.0,'GRAM',NULL);
INSERT INTO meal_food_items VALUES(369,3,80.0,'GRAM',NULL);
INSERT INTO meal_food_items VALUES(369,4,80.0,'GRAM',NULL);
INSERT INTO meal_food_items VALUES(369,27,100.0,'GRAM',NULL);
INSERT INTO meal_food_items VALUES(369,30,120.0,'GRAM',NULL);
INSERT INTO meal_food_items VALUES(369,19,100.0,'GRAM',NULL);
INSERT INTO meal_food_items VALUES(369,20,40.0,'GRAM',NULL);
INSERT INTO meal_food_items VALUES(369,21,45.0,'GRAM',NULL);
INSERT INTO meal_food_items VALUES(369,22,12.0,'GRAM',NULL);
INSERT INTO meal_food_items VALUES(370,81,30.0,'GRAM',NULL);
INSERT INTO meal_food_items VALUES(370,34,40.0,'GRAM',NULL);
INSERT INTO meal_food_items VALUES(370,67,240.0,'GRAM',NULL);
INSERT INTO meal_food_items VALUES(370,79,45.0,'GRAM',NULL);
INSERT INTO meal_food_items VALUES(371,3,70.0,'GRAM',NULL);
INSERT INTO meal_food_items VALUES(371,4,70.0,'GRAM',NULL);
INSERT INTO meal_food_items VALUES(371,27,80.0,'GRAM',NULL);
INSERT INTO meal_food_items VALUES(371,5,40.0,'GRAM',NULL);
INSERT INTO meal_food_items VALUES(371,7,40.0,'GRAM',NULL);
INSERT INTO meal_food_items VALUES(371,8,12.0,'GRAM',NULL);
INSERT INTO meal_food_items VALUES(371,39,1.0,'PIECE',NULL);
INSERT INTO meal_food_items VALUES(371,26,12.0,'GRAM',NULL);
INSERT INTO meal_food_items VALUES(372,76,1.0,'CUP',NULL);
INSERT INTO meal_food_items VALUES(373,10,120.0,'GRAM',NULL);
INSERT INTO meal_food_items VALUES(373,12,200.0,'GRAM',NULL);
INSERT INTO meal_food_items VALUES(373,92,80.0,'GRAM',NULL);
INSERT INTO meal_food_items VALUES(373,50,120.0,'GRAM',NULL);
INSERT INTO meal_food_items VALUES(374,67,240.0,'GRAM',NULL);
INSERT INTO meal_food_items VALUES(375,3,80.0,'GRAM',NULL);
INSERT INTO meal_food_items VALUES(375,4,80.0,'GRAM',NULL);
INSERT INTO meal_food_items VALUES(375,64,140.0,'GRAM',NULL);
INSERT INTO meal_food_items VALUES(375,35,100.0,'GRAM',NULL);
INSERT INTO meal_food_items VALUES(375,18,80.0,'GRAM',NULL);
INSERT INTO meal_food_items VALUES(375,20,50.0,'GRAM',NULL);
INSERT INTO meal_food_items VALUES(375,6,50.0,'GRAM',NULL);
INSERT INTO meal_food_items VALUES(375,22,14.0,'GRAM',NULL);
INSERT INTO meal_food_items VALUES(375,36,40.0,'GRAM',NULL);
INSERT INTO meal_food_items VALUES(375,37,20.0,'GRAM',NULL);
INSERT INTO meal_food_items VALUES(376,33,80.0,'GRAM',NULL);
INSERT INTO meal_food_items VALUES(376,32,50.0,'GRAM',NULL);
INSERT INTO meal_food_items VALUES(376,67,240.0,'GRAM',NULL);
INSERT INTO meal_food_items VALUES(376,79,50.0,'GRAM',NULL);
INSERT INTO meal_food_items VALUES(376,85,12.0,'GRAM',NULL);
INSERT INTO meal_food_items VALUES(377,27,100.0,'GRAM',NULL);
INSERT INTO meal_food_items VALUES(377,4,50.0,'GRAM',NULL);
INSERT INTO meal_food_items VALUES(377,3,50.0,'GRAM',NULL);
INSERT INTO meal_food_items VALUES(377,5,40.0,'GRAM',NULL);
INSERT INTO meal_food_items VALUES(377,8,12.0,'GRAM',NULL);
INSERT INTO meal_food_items VALUES(377,9,4.0,'PIECE',NULL);
INSERT INTO meal_food_items VALUES(377,26,12.0,'GRAM',NULL);
INSERT INTO meal_food_items VALUES(378,76,1.0,'CUP',NULL);
INSERT INTO meal_food_items VALUES(379,103,50.0,'GRAM',NULL);
INSERT INTO meal_food_items VALUES(379,4,80.0,'GRAM',NULL);
INSERT INTO meal_food_items VALUES(379,59,120.0,'GRAM',NULL);
INSERT INTO meal_food_items VALUES(379,3,20.0,'GRAM',NULL);
INSERT INTO meal_food_items VALUES(379,5,40.0,'GRAM',NULL);
INSERT INTO meal_food_items VALUES(380,67,240.0,'GRAM',NULL);
INSERT INTO meal_food_items VALUES(381,4,80.0,'GRAM',NULL);
INSERT INTO meal_food_items VALUES(381,3,80.0,'GRAM',NULL);
INSERT INTO meal_food_items VALUES(381,19,120.0,'GRAM',NULL);
INSERT INTO meal_food_items VALUES(381,61,100.0,'GRAM',NULL);
INSERT INTO meal_food_items VALUES(381,41,100.0,'GRAM',NULL);
INSERT INTO meal_food_items VALUES(381,20,50.0,'GRAM',NULL);
INSERT INTO meal_food_items VALUES(381,24,12.0,'GRAM',NULL);
INSERT INTO meal_food_items VALUES(381,106,30.0,'GRAM',NULL);
INSERT INTO meal_food_items VALUES(381,21,50.0,'GRAM',NULL);
INSERT INTO meal_food_items VALUES(382,67,240.0,'GRAM',NULL);
INSERT INTO meal_food_items VALUES(382,79,50.0,'GRAM',NULL);
INSERT INTO meal_food_items VALUES(382,31,120.0,'GRAM',NULL);
INSERT INTO meal_food_items VALUES(382,10,120.0,'GRAM',NULL);
INSERT INTO meal_food_items VALUES(383,27,80.0,'GRAM',NULL);
INSERT INTO meal_food_items VALUES(383,4,40.0,'GRAM',NULL);
INSERT INTO meal_food_items VALUES(383,3,40.0,'GRAM',NULL);
INSERT INTO meal_food_items VALUES(383,6,40.0,'GRAM',NULL);
INSERT INTO meal_food_items VALUES(383,7,40.0,'GRAM',NULL);
INSERT INTO meal_food_items VALUES(383,37,55.0,'GRAM',NULL);
INSERT INTO meal_food_items VALUES(383,22,10.0,'GRAM',NULL);
INSERT INTO meal_food_items VALUES(383,91,80.0,'GRAM',NULL);
INSERT INTO meal_food_items VALUES(384,76,1.0,'CUP',NULL);
INSERT INTO meal_food_items VALUES(385,31,100.0,'GRAM',NULL);
INSERT INTO meal_food_items VALUES(385,34,50.0,'GRAM',NULL);
INSERT INTO meal_food_items VALUES(385,9,2.0,'PIECE',NULL);
INSERT INTO meal_food_items VALUES(385,8,10.0,'GRAM',NULL);
INSERT INTO meal_food_items VALUES(385,85,12.0,'GRAM',NULL);
INSERT INTO meal_food_items VALUES(386,67,240.0,'GRAM',NULL);
INSERT INTO meal_food_items VALUES(387,4,80.0,'GRAM',NULL);
INSERT INTO meal_food_items VALUES(387,3,80.0,'GRAM',NULL);
INSERT INTO meal_food_items VALUES(387,19,120.0,'GRAM',NULL);
INSERT INTO meal_food_items VALUES(387,30,100.0,'GRAM',NULL);
INSERT INTO meal_food_items VALUES(387,93,20.0,'GRAM',NULL);
INSERT INTO meal_food_items VALUES(387,20,50.0,'GRAM',NULL);
INSERT INTO meal_food_items VALUES(387,24,12.0,'GRAM',NULL);
INSERT INTO meal_food_items VALUES(387,36,30.0,'GRAM',NULL);
INSERT INTO meal_food_items VALUES(387,88,30.0,'GRAM',NULL);
INSERT INTO meal_food_items VALUES(388,67,240.0,'GRAM',NULL);
INSERT INTO meal_food_items VALUES(388,79,50.0,'GRAM',NULL);
INSERT INTO meal_food_items VALUES(388,10,120.0,'GRAM',NULL);
INSERT INTO meal_food_items VALUES(388,32,50.0,'GRAM',NULL);
INSERT INTO meal_food_items VALUES(389,1,1.0,'PIECE',NULL);
INSERT INTO meal_food_items VALUES(389,2,3.0,'PIECE',NULL);
INSERT INTO meal_food_items VALUES(389,3,50.0,'GRAM',NULL);
INSERT INTO meal_food_items VALUES(389,4,50.0,'GRAM',NULL);
INSERT INTO meal_food_items VALUES(389,7,50.0,'GRAM',NULL);
INSERT INTO meal_food_items VALUES(389,56,2.0,'PIECE',NULL);
INSERT INTO meal_food_items VALUES(389,9,3.0,'PIECE',NULL);
INSERT INTO meal_food_items VALUES(389,8,12.0,'GRAM',NULL);
INSERT INTO meal_food_items VALUES(389,26,12.0,'GRAM',NULL);
INSERT INTO meal_food_items VALUES(390,76,1.0,'CUP',NULL);
INSERT INTO meal_food_items VALUES(391,31,100.0,'GRAM',NULL);
INSERT INTO meal_food_items VALUES(391,10,120.0,'GRAM',NULL);
INSERT INTO meal_food_items VALUES(391,45,150.0,'GRAM',NULL);
INSERT INTO meal_food_items VALUES(391,32,50.0,'GRAM',NULL);
INSERT INTO meal_food_items VALUES(391,13,10.0,'GRAM',NULL);
INSERT INTO meal_food_items VALUES(392,67,240.0,'GRAM',NULL);
INSERT INTO meal_food_items VALUES(393,4,80.0,'GRAM',NULL);
INSERT INTO meal_food_items VALUES(393,3,80.0,'GRAM',NULL);
INSERT INTO meal_food_items VALUES(393,64,140.0,'GRAM',NULL);
INSERT INTO meal_food_items VALUES(393,30,100.0,'GRAM',NULL);
INSERT INTO meal_food_items VALUES(393,53,45.0,'GRAM',NULL);
INSERT INTO meal_food_items VALUES(393,21,50.0,'GRAM',NULL);
INSERT INTO meal_food_items VALUES(393,23,12.0,'GRAM',NULL);
INSERT INTO meal_food_items VALUES(394,67,240.0,'GRAM',NULL);
INSERT INTO meal_food_items VALUES(394,79,45.0,'GRAM',NULL);
INSERT INTO meal_food_items VALUES(394,65,50.0,'GRAM',NULL);
INSERT INTO meal_food_items VALUES(395,77,1.0,'GRAM',NULL);
INSERT INTO meal_food_items VALUES(395,69,10.0,'GRAM',NULL);
INSERT INTO meal_food_items VALUES(396,94,60.0,'GRAM',NULL);
INSERT INTO meal_food_items VALUES(396,19,80.0,'GRAM',NULL);
INSERT INTO meal_food_items VALUES(396,3,80.0,'GRAM',NULL);
INSERT INTO meal_food_items VALUES(396,4,80.0,'GRAM',NULL);
INSERT INTO meal_food_items VALUES(396,18,50.0,'GRAM',NULL);
INSERT INTO meal_food_items VALUES(396,20,40.0,'GRAM',NULL);
INSERT INTO meal_food_items VALUES(396,24,12.0,'GRAM',NULL);
INSERT INTO meal_food_items VALUES(397,76,1.0,'CUP',NULL);
INSERT INTO meal_food_items VALUES(398,10,120.0,'GRAM',NULL);
INSERT INTO meal_food_items VALUES(398,50,120.0,'GRAM',NULL);
INSERT INTO meal_food_items VALUES(398,45,180.0,'GRAM',NULL);
INSERT INTO meal_food_items VALUES(398,14,20.0,'GRAM',NULL);
INSERT INTO meal_food_items VALUES(398,15,20.0,'GRAM',NULL);
INSERT INTO meal_food_items VALUES(399,67,240.0,'GRAM',NULL);
INSERT INTO meal_food_items VALUES(400,3,80.0,'GRAM',NULL);
INSERT INTO meal_food_items VALUES(400,4,80.0,'GRAM',NULL);
INSERT INTO meal_food_items VALUES(400,64,120.0,'GRAM',NULL);
INSERT INTO meal_food_items VALUES(400,17,100.0,'GRAM',NULL);
INSERT INTO meal_food_items VALUES(400,41,100.0,'GRAM',NULL);
INSERT INTO meal_food_items VALUES(400,20,40.0,'GRAM',NULL);
INSERT INTO meal_food_items VALUES(400,21,45.0,'GRAM',NULL);
INSERT INTO meal_food_items VALUES(400,22,12.0,'GRAM',NULL);
INSERT INTO meal_food_items VALUES(400,25,12.0,'GRAM',NULL);
INSERT INTO meal_food_items VALUES(401,67,240.0,'GRAM',NULL);
INSERT INTO meal_food_items VALUES(401,79,45.0,'GRAM',NULL);
INSERT INTO meal_food_items VALUES(401,33,80.0,'GRAM',NULL);
INSERT INTO meal_food_items VALUES(401,13,14.0,'GRAM',NULL);
INSERT INTO meal_food_items VALUES(402,1,2.0,'PIECE',NULL);
INSERT INTO meal_food_items VALUES(402,2,2.0,'PIECE',NULL);
INSERT INTO meal_food_items VALUES(402,3,40.0,'GRAM',NULL);
INSERT INTO meal_food_items VALUES(402,6,40.0,'GRAM',NULL);
INSERT INTO meal_food_items VALUES(402,28,50.0,'GRAM',NULL);
INSERT INTO meal_food_items VALUES(402,39,1.0,'PIECE',NULL);
INSERT INTO meal_food_items VALUES(402,8,12.0,'GRAM',NULL);
INSERT INTO meal_food_items VALUES(402,26,12.0,'GRAM',NULL);
INSERT INTO meal_food_items VALUES(403,76,1.0,'CUP',NULL);
INSERT INTO meal_food_items VALUES(404,27,80.0,'GRAM',NULL);
INSERT INTO meal_food_items VALUES(404,4,80.0,'GRAM',NULL);
INSERT INTO meal_food_items VALUES(404,59,120.0,'GRAM',NULL);
INSERT INTO meal_food_items VALUES(404,3,20.0,'GRAM',NULL);
INSERT INTO meal_food_items VALUES(404,6,40.0,'GRAM',NULL);
INSERT INTO meal_food_items VALUES(404,28,50.0,'GRAM',NULL);
INSERT INTO meal_food_items VALUES(404,58,40.0,'GRAM',NULL);
INSERT INTO meal_food_items VALUES(405,67,240.0,'GRAM',NULL);
INSERT INTO meal_food_items VALUES(406,4,80.0,'GRAM',NULL);
INSERT INTO meal_food_items VALUES(406,3,80.0,'GRAM',NULL);
INSERT INTO meal_food_items VALUES(406,64,120.0,'GRAM',NULL);
INSERT INTO meal_food_items VALUES(406,19,100.0,'GRAM',NULL);
INSERT INTO meal_food_items VALUES(406,18,80.0,'GRAM',NULL);
INSERT INTO meal_food_items VALUES(406,5,40.0,'GRAM',NULL);
INSERT INTO meal_food_items VALUES(406,47,55.0,'GRAM',NULL);
INSERT INTO meal_food_items VALUES(406,22,12.0,'GRAM',NULL);
INSERT INTO meal_food_items VALUES(406,49,12.0,'GRAM',NULL);
INSERT INTO meal_food_items VALUES(407,67,240.0,'GRAM',NULL);
INSERT INTO meal_food_items VALUES(407,79,45.0,'GRAM',NULL);
INSERT INTO meal_food_items VALUES(408,1,2.0,'PIECE',NULL);
INSERT INTO meal_food_items VALUES(408,2,2.0,'PIECE',NULL);
INSERT INTO meal_food_items VALUES(408,3,60.0,'GRAM',NULL);
INSERT INTO meal_food_items VALUES(408,4,60.0,'GRAM',NULL);
INSERT INTO meal_food_items VALUES(408,6,40.0,'GRAM',NULL);
INSERT INTO meal_food_items VALUES(408,95,20.0,'GRAM',NULL);
INSERT INTO meal_food_items VALUES(408,96,30.0,'GRAM',NULL);
INSERT INTO meal_food_items VALUES(408,9,4.0,'PIECE',NULL);
INSERT INTO meal_food_items VALUES(408,26,12.0,'GRAM',NULL);
INSERT INTO meal_food_items VALUES(409,76,1.0,'CUP',NULL);
INSERT INTO meal_food_items VALUES(410,39,1.0,'PIECE',NULL);
INSERT INTO meal_food_items VALUES(410,31,80.0,'GRAM',NULL);
INSERT INTO meal_food_items VALUES(410,33,80.0,'GRAM',NULL);
INSERT INTO meal_food_items VALUES(410,34,40.0,'GRAM',NULL);
INSERT INTO meal_food_items VALUES(410,8,8.0,'GRAM',NULL);
INSERT INTO meal_food_items VALUES(410,85,10.0,'GRAM',NULL);
INSERT INTO meal_food_items VALUES(411,67,240.0,'GRAM',NULL);
INSERT INTO meal_food_items VALUES(412,3,80.0,'GRAM',NULL);
INSERT INTO meal_food_items VALUES(412,4,80.0,'GRAM',NULL);
INSERT INTO meal_food_items VALUES(412,27,100.0,'GRAM',NULL);
INSERT INTO meal_food_items VALUES(412,101,120.0,'GRAM',NULL);
INSERT INTO meal_food_items VALUES(412,5,40.0,'GRAM',NULL);
INSERT INTO meal_food_items VALUES(412,21,50.0,'GRAM',NULL);
INSERT INTO meal_food_items VALUES(412,23,12.0,'GRAM',NULL);
INSERT INTO meal_food_items VALUES(413,67,360.0,'GRAM',NULL);
INSERT INTO meal_food_items VALUES(413,79,45.0,'GRAM',NULL);
INSERT INTO meal_food_items VALUES(413,65,50.0,'GRAM',NULL);
INSERT INTO meal_food_items VALUES(414,3,80.0,'GRAM',NULL);
INSERT INTO meal_food_items VALUES(414,4,80.0,'GRAM',NULL);
INSERT INTO meal_food_items VALUES(414,27,80.0,'GRAM',NULL);
INSERT INTO meal_food_items VALUES(414,6,40.0,'GRAM',NULL);
INSERT INTO meal_food_items VALUES(414,28,50.0,'GRAM',NULL);
INSERT INTO meal_food_items VALUES(414,8,10.0,'GRAM',NULL);
INSERT INTO meal_food_items VALUES(414,39,2.0,'PIECE',NULL);
INSERT INTO meal_food_items VALUES(414,26,12.0,'GRAM',NULL);
INSERT INTO meal_food_items VALUES(415,76,1.0,'CUP',NULL);
INSERT INTO meal_food_items VALUES(416,10,120.0,'GRAM',NULL);
INSERT INTO meal_food_items VALUES(416,46,140.0,'GRAM',NULL);
INSERT INTO meal_food_items VALUES(416,45,140.0,'GRAM',NULL);
INSERT INTO meal_food_items VALUES(417,67,240.0,'GRAM',NULL);
INSERT INTO meal_food_items VALUES(418,3,80.0,'GRAM',NULL);
INSERT INTO meal_food_items VALUES(418,4,80.0,'GRAM',NULL);
INSERT INTO meal_food_items VALUES(418,64,140.0,'GRAM',NULL);
INSERT INTO meal_food_items VALUES(418,41,100.0,'GRAM',NULL);
INSERT INTO meal_food_items VALUES(418,18,80.0,'GRAM',NULL);
INSERT INTO meal_food_items VALUES(418,6,40.0,'GRAM',NULL);
INSERT INTO meal_food_items VALUES(418,20,40.0,'GRAM',NULL);
INSERT INTO meal_food_items VALUES(418,47,55.0,'GRAM',NULL);
INSERT INTO meal_food_items VALUES(418,22,12.0,'GRAM',NULL);
INSERT INTO meal_food_items VALUES(419,98,25.0,'GRAM',NULL);
INSERT INTO meal_food_items VALUES(419,97,140.0,'GRAM',NULL);
INSERT INTO meal_food_items VALUES(419,99,120.0,'GRAM',NULL);
INSERT INTO meal_food_items VALUES(419,13,20.0,'GRAM',NULL);
INSERT INTO meal_food_items VALUES(419,14,20.0,'GRAM',NULL);
INSERT INTO meal_food_items VALUES(419,16,14.0,'GRAM',NULL);
INSERT INTO meal_food_items VALUES(420,100,60.0,'GRAM',NULL);
INSERT INTO meal_food_items VALUES(420,1,2.0,'PIECE',NULL);
INSERT INTO meal_food_items VALUES(420,2,2.0,'PIECE',NULL);
INSERT INTO meal_food_items VALUES(420,4,50.0,'GRAM',NULL);
INSERT INTO meal_food_items VALUES(420,3,50.0,'GRAM',NULL);
INSERT INTO meal_food_items VALUES(420,5,50.0,'GRAM',NULL);
INSERT INTO meal_food_items VALUES(420,57,50.0,'GRAM',NULL);
INSERT INTO meal_food_items VALUES(420,8,12.0,'GRAM',NULL);
INSERT INTO meal_food_items VALUES(420,26,12.0,'GRAM',NULL);
INSERT INTO meal_food_items VALUES(421,76,1.0,'CUP',NULL);
INSERT INTO meal_food_items VALUES(422,10,120.0,'GRAM',NULL);
INSERT INTO meal_food_items VALUES(422,45,200.0,'GRAM',NULL);
INSERT INTO meal_food_items VALUES(422,33,80.0,'GRAM',NULL);
INSERT INTO meal_food_items VALUES(422,65,80.0,'GRAM',NULL);
INSERT INTO meal_food_items VALUES(423,67,240.0,'GRAM',NULL);
INSERT INTO meal_food_items VALUES(424,3,80.0,'GRAM',NULL);
INSERT INTO meal_food_items VALUES(424,4,80.0,'GRAM',NULL);
INSERT INTO meal_food_items VALUES(424,27,80.0,'GRAM',NULL);
INSERT INTO meal_food_items VALUES(424,30,120.0,'GRAM',NULL);
INSERT INTO meal_food_items VALUES(424,20,50.0,'GRAM',NULL);
INSERT INTO meal_food_items VALUES(424,55,45.0,'GRAM',NULL);
INSERT INTO meal_food_items VALUES(424,21,45.0,'GRAM',NULL);
INSERT INTO meal_food_items VALUES(424,23,12.0,'GRAM',NULL);
INSERT INTO meal_food_items VALUES(425,103,50.0,'GRAM',NULL);
INSERT INTO meal_food_items VALUES(425,19,100.0,'GRAM',NULL);
INSERT INTO meal_food_items VALUES(425,4,80.0,'GRAM',NULL);
INSERT INTO meal_food_items VALUES(425,3,80.0,'GRAM',NULL);
INSERT INTO meal_food_items VALUES(425,59,100.0,'GRAM',NULL);
INSERT INTO meal_food_items VALUES(425,6,40.0,'GRAM',NULL);
INSERT INTO meal_food_items VALUES(425,8,12.0,'GRAM',NULL);
INSERT INTO meal_food_items VALUES(426,76,1.0,'CUP',NULL);
INSERT INTO meal_food_items VALUES(427,10,120.0,'GRAM',NULL);
INSERT INTO meal_food_items VALUES(427,50,120.0,'GRAM',NULL);
INSERT INTO meal_food_items VALUES(427,46,140.0,'GRAM',NULL);
INSERT INTO meal_food_items VALUES(427,13,20.0,'GRAM',NULL);
INSERT INTO meal_food_items VALUES(427,32,40.0,'GRAM',NULL);
INSERT INTO meal_food_items VALUES(428,67,240.0,'GRAM',NULL);
INSERT INTO meal_food_items VALUES(429,4,80.0,'GRAM',NULL);
INSERT INTO meal_food_items VALUES(429,3,80.0,'GRAM',NULL);
INSERT INTO meal_food_items VALUES(429,27,100.0,'GRAM',NULL);
INSERT INTO meal_food_items VALUES(429,17,80.0,'GRAM',NULL);
INSERT INTO meal_food_items VALUES(429,41,80.0,'GRAM',NULL);
INSERT INTO meal_food_items VALUES(429,5,40.0,'GRAM',NULL);
INSERT INTO meal_food_items VALUES(429,1,2.0,'PIECE',NULL);
INSERT INTO meal_food_items VALUES(429,21,45.0,'GRAM',NULL);
INSERT INTO meal_food_items VALUES(429,22,12.0,'GRAM',NULL);
INSERT INTO meal_food_items VALUES(429,102,15.0,'GRAM',NULL);
INSERT INTO meal_food_items VALUES(429,25,12.0,'GRAM',NULL);
INSERT INTO meal_food_items VALUES(430,27,80.0,'GRAM',NULL);
INSERT INTO meal_food_items VALUES(430,4,80.0,'GRAM',NULL);
INSERT INTO meal_food_items VALUES(430,3,80.0,'GRAM',NULL);
INSERT INTO meal_food_items VALUES(430,5,40.0,'GRAM',NULL);
INSERT INTO meal_food_items VALUES(430,7,30.0,'GRAM',NULL);
INSERT INTO meal_food_items VALUES(430,8,12.0,'GRAM',NULL);
INSERT INTO meal_food_items VALUES(430,9,2.0,'PIECE',NULL);
INSERT INTO meal_food_items VALUES(430,26,12.0,'GRAM',NULL);
INSERT INTO meal_food_items VALUES(431,76,1.0,'CUP',NULL);
INSERT INTO meal_food_items VALUES(432,10,100.0,'GRAM',NULL);
INSERT INTO meal_food_items VALUES(432,50,100.0,'GRAM',NULL);
INSERT INTO meal_food_items VALUES(432,45,180.0,'GRAM',NULL);
INSERT INTO meal_food_items VALUES(433,67,240.0,'GRAM',NULL);
INSERT INTO meal_food_items VALUES(434,4,80.0,'GRAM',NULL);
INSERT INTO meal_food_items VALUES(434,3,80.0,'GRAM',NULL);
INSERT INTO meal_food_items VALUES(434,19,120.0,'GRAM',NULL);
INSERT INTO meal_food_items VALUES(434,101,120.0,'GRAM',NULL);
INSERT INTO meal_food_items VALUES(434,5,40.0,'GRAM',NULL);
INSERT INTO meal_food_items VALUES(434,23,12.0,'GRAM',NULL);
INSERT INTO meal_food_items VALUES(434,21,45.0,'GRAM',NULL);
INSERT INTO meal_food_items VALUES(434,36,40.0,'GRAM',NULL);
INSERT INTO meal_food_items VALUES(434,88,20.0,'GRAM',NULL);
INSERT INTO meal_food_items VALUES(95,67,240.0,'GRAM',NULL);
INSERT INTO meal_food_items VALUES(435,1,1.0,'PIECE',NULL);
INSERT INTO meal_food_items VALUES(435,2,3.0,'PIECE',NULL);
INSERT INTO meal_food_items VALUES(435,3,40.0,'GRAM',NULL);
INSERT INTO meal_food_items VALUES(435,4,40.0,'GRAM',NULL);
INSERT INTO meal_food_items VALUES(435,5,40.0,'GRAM',NULL);
INSERT INTO meal_food_items VALUES(435,8,12.0,'GRAM',NULL);
INSERT INTO meal_food_items VALUES(435,9,2.0,'PIECE',NULL);
INSERT INTO meal_food_items VALUES(436,10,100.0,'GRAM',NULL);
INSERT INTO meal_food_items VALUES(436,12,200.0,'GRAM',NULL);
INSERT INTO meal_food_items VALUES(436,13,10.0,'GRAM',NULL);
INSERT INTO meal_food_items VALUES(436,14,10.0,'GRAM',NULL);
INSERT INTO meal_food_items VALUES(437,76,1.0,'CUP',NULL);
INSERT INTO meal_food_items VALUES(438,67,240.0,'GRAM',NULL);
INSERT INTO meal_food_items VALUES(439,3,80.0,'GRAM',NULL);
INSERT INTO meal_food_items VALUES(439,4,80.0,'GRAM',NULL);
INSERT INTO meal_food_items VALUES(439,17,100.0,'GRAM',NULL);
INSERT INTO meal_food_items VALUES(439,18,100.0,'GRAM',NULL);
INSERT INTO meal_food_items VALUES(439,19,80.0,'GRAM',NULL);
INSERT INTO meal_food_items VALUES(439,6,40.0,'GRAM',NULL);
INSERT INTO meal_food_items VALUES(439,20,40.0,'GRAM',NULL);
INSERT INTO meal_food_items VALUES(439,21,45.0,'GRAM',NULL);
INSERT INTO meal_food_items VALUES(439,22,12.0,'GRAM',NULL);
INSERT INTO meal_food_items VALUES(439,25,12.0,'GRAM',NULL);
INSERT INTO meal_food_items VALUES(440,3,80.0,'GRAM',NULL);
INSERT INTO meal_food_items VALUES(440,4,80.0,'GRAM',NULL);
INSERT INTO meal_food_items VALUES(440,27,100.0,'GRAM',NULL);
INSERT INTO meal_food_items VALUES(440,28,80.0,'GRAM',NULL);
INSERT INTO meal_food_items VALUES(440,6,50.0,'GRAM',NULL);
INSERT INTO meal_food_items VALUES(440,7,50.0,'GRAM',NULL);
INSERT INTO meal_food_items VALUES(440,8,12.0,'GRAM',NULL);
INSERT INTO meal_food_items VALUES(440,9,1.0,'PIECE',NULL);
INSERT INTO meal_food_items VALUES(440,26,12.0,'GRAM',NULL);
INSERT INTO meal_food_items VALUES(440,1,2.0,'PIECE',NULL);
INSERT INTO meal_food_items VALUES(441,12,150.0,'GRAM',NULL);
INSERT INTO meal_food_items VALUES(441,10,100.0,'GRAM',NULL);
INSERT INTO meal_food_items VALUES(441,32,50.0,'GRAM',NULL);
INSERT INTO meal_food_items VALUES(441,33,50.0,'GRAM',NULL);
INSERT INTO meal_food_items VALUES(441,13,14.0,'GRAM',NULL);
INSERT INTO meal_food_items VALUES(441,14,14.0,'GRAM',NULL);
INSERT INTO meal_food_items VALUES(442,76,1.0,'CUP',NULL);
INSERT INTO meal_food_items VALUES(443,67,240.0,'GRAM',NULL);
INSERT INTO meal_food_items VALUES(444,21,45.0,'GRAM',NULL);
INSERT INTO meal_food_items VALUES(444,30,120.0,'GRAM',NULL);
INSERT INTO meal_food_items VALUES(444,19,100.0,'GRAM',NULL);
INSERT INTO meal_food_items VALUES(444,6,50.0,'GRAM',NULL);
INSERT INTO meal_food_items VALUES(444,20,50.0,'GRAM',NULL);
INSERT INTO meal_food_items VALUES(444,23,12.0,'GRAM',NULL);
INSERT INTO meal_food_items VALUES(444,25,12.0,'GRAM',NULL);
INSERT INTO meal_food_items VALUES(444,29,100.0,'GRAM',NULL);
INSERT INTO meal_food_items VALUES(445,3,50.0,'GRAM',NULL);
INSERT INTO meal_food_items VALUES(445,4,50.0,'GRAM',NULL);
INSERT INTO meal_food_items VALUES(445,19,100.0,'GRAM',NULL);
INSERT INTO meal_food_items VALUES(445,20,50.0,'GRAM',NULL);
INSERT INTO meal_food_items VALUES(445,1,2.0,'PIECE',NULL);
INSERT INTO meal_food_items VALUES(445,2,2.0,'PIECE',NULL);
INSERT INTO meal_food_items VALUES(445,8,10.0,'GRAM',NULL);
INSERT INTO meal_food_items VALUES(446,34,45.0,'GRAM',NULL);
INSERT INTO meal_food_items VALUES(446,31,50.0,'GRAM',NULL);
INSERT INTO meal_food_items VALUES(446,9,2.0,'PIECE',NULL);
INSERT INTO meal_food_items VALUES(446,8,8.0,'GRAM',NULL);
INSERT INTO meal_food_items VALUES(447,76,1.0,'CUP',NULL);
INSERT INTO meal_food_items VALUES(448,67,240.0,'GRAM',NULL);
INSERT INTO meal_food_items VALUES(449,27,100.0,'GRAM',NULL);
INSERT INTO meal_food_items VALUES(449,35,100.0,'GRAM',NULL);
INSERT INTO meal_food_items VALUES(449,18,100.0,'GRAM',NULL);
INSERT INTO meal_food_items VALUES(449,5,50.0,'GRAM',NULL);
INSERT INTO meal_food_items VALUES(449,20,40.0,'GRAM',NULL);
INSERT INTO meal_food_items VALUES(449,23,12.0,'GRAM',NULL);
INSERT INTO meal_food_items VALUES(449,36,40.0,'GRAM',NULL);
INSERT INTO meal_food_items VALUES(449,37,20.0,'GRAM',NULL);
INSERT INTO meal_food_items VALUES(450,3,40.0,'GRAM',NULL);
INSERT INTO meal_food_items VALUES(450,7,40.0,'GRAM',NULL);
INSERT INTO meal_food_items VALUES(450,6,40.0,'GRAM',NULL);
INSERT INTO meal_food_items VALUES(450,1,2.0,'PIECE',NULL);
INSERT INTO meal_food_items VALUES(450,2,2.0,'PIECE',NULL);
INSERT INTO meal_food_items VALUES(450,39,1.0,'PIECE',NULL);
INSERT INTO meal_food_items VALUES(450,8,12.0,'GRAM',NULL);
INSERT INTO meal_food_items VALUES(450,26,12.0,'GRAM',NULL);
INSERT INTO meal_food_items VALUES(451,10,100.0,'GRAM',NULL);
INSERT INTO meal_food_items VALUES(451,31,80.0,'GRAM',NULL);
INSERT INTO meal_food_items VALUES(451,33,80.0,'GRAM',NULL);
INSERT INTO meal_food_items VALUES(451,32,40.0,'GRAM',NULL);
INSERT INTO meal_food_items VALUES(452,76,1.0,'CUP',NULL);
INSERT INTO meal_food_items VALUES(453,13,20.0,'GRAM',NULL);
INSERT INTO meal_food_items VALUES(453,14,20.0,'GRAM',NULL);
INSERT INTO meal_food_items VALUES(453,16,20.0,'GRAM',NULL);
INSERT INTO meal_food_items VALUES(453,15,20.0,'GRAM',NULL);
INSERT INTO meal_food_items VALUES(454,67,240.0,'GRAM',NULL);
INSERT INTO meal_food_items VALUES(455,27,80.0,'GRAM',NULL);
INSERT INTO meal_food_items VALUES(455,40,100.0,'GRAM',NULL);
INSERT INTO meal_food_items VALUES(455,41,100.0,'GRAM',NULL);
INSERT INTO meal_food_items VALUES(455,4,80.0,'GRAM',NULL);
INSERT INTO meal_food_items VALUES(455,3,80.0,'GRAM',NULL);
INSERT INTO meal_food_items VALUES(455,42,80.0,'GRAM',NULL);
INSERT INTO meal_food_items VALUES(455,20,40.0,'GRAM',NULL);
INSERT INTO meal_food_items VALUES(455,21,45.0,'GRAM',NULL);
INSERT INTO meal_food_items VALUES(455,22,12.0,'GRAM',NULL);
INSERT INTO meal_food_items VALUES(456,43,55.0,'GRAM',NULL);
INSERT INTO meal_food_items VALUES(456,4,80.0,'GRAM',NULL);
INSERT INTO meal_food_items VALUES(456,3,80.0,'GRAM',NULL);
INSERT INTO meal_food_items VALUES(456,30,100.0,'GRAM',NULL);
INSERT INTO meal_food_items VALUES(456,5,50.0,'GRAM',NULL);
INSERT INTO meal_food_items VALUES(456,8,10.0,'GRAM',NULL);
INSERT INTO meal_food_items VALUES(456,9,2.0,'PIECE',NULL);
INSERT INTO meal_food_items VALUES(457,31,100.0,'GRAM',NULL);
INSERT INTO meal_food_items VALUES(457,45,100.0,'GRAM',NULL);
INSERT INTO meal_food_items VALUES(457,13,14.0,'GRAM',NULL);
INSERT INTO meal_food_items VALUES(457,14,14.0,'GRAM',NULL);
INSERT INTO meal_food_items VALUES(457,15,14.0,'GRAM',NULL);
INSERT INTO meal_food_items VALUES(458,76,1.0,'CUP',NULL);
INSERT INTO meal_food_items VALUES(459,67,240.0,'GRAM',NULL);
INSERT INTO meal_food_items VALUES(460,4,80.0,'GRAM',NULL);
INSERT INTO meal_food_items VALUES(460,3,80.0,'GRAM',NULL);
INSERT INTO meal_food_items VALUES(460,19,80.0,'GRAM',NULL);
INSERT INTO meal_food_items VALUES(460,17,80.0,'GRAM',NULL);
INSERT INTO meal_food_items VALUES(460,6,50.0,'GRAM',NULL);
INSERT INTO meal_food_items VALUES(460,20,50.0,'GRAM',NULL);
INSERT INTO meal_food_items VALUES(460,1,2.0,'PIECE',NULL);
INSERT INTO meal_food_items VALUES(460,2,1.0,'PIECE',NULL);
INSERT INTO meal_food_items VALUES(460,22,12.0,'GRAM',NULL);
INSERT INTO meal_food_items VALUES(460,47,50.0,'GRAM',NULL);
INSERT INTO meal_food_items VALUES(461,10,120.0,'GRAM',NULL);
INSERT INTO meal_food_items VALUES(461,34,50.0,'GRAM',NULL);
INSERT INTO meal_food_items VALUES(462,27,80.0,'GRAM',NULL);
INSERT INTO meal_food_items VALUES(462,4,50.0,'GRAM',NULL);
INSERT INTO meal_food_items VALUES(462,3,50.0,'GRAM',NULL);
INSERT INTO meal_food_items VALUES(462,6,50.0,'GRAM',NULL);
INSERT INTO meal_food_items VALUES(462,20,40.0,'GRAM',NULL);
INSERT INTO meal_food_items VALUES(462,39,1.0,'PIECE',NULL);
INSERT INTO meal_food_items VALUES(462,8,10.0,'GRAM',NULL);
INSERT INTO meal_food_items VALUES(462,26,12.0,'GRAM',NULL);
INSERT INTO meal_food_items VALUES(463,10,120.0,'GRAM',NULL);
INSERT INTO meal_food_items VALUES(463,50,120.0,'GRAM',NULL);
INSERT INTO meal_food_items VALUES(463,51,80.0,'GRAM',NULL);
INSERT INTO meal_food_items VALUES(463,52,80.0,'GRAM',NULL);
INSERT INTO meal_food_items VALUES(463,13,20.0,'GRAM',NULL);
INSERT INTO meal_food_items VALUES(464,76,1.0,'CUP',NULL);
INSERT INTO meal_food_items VALUES(465,67,240.0,'GRAM',NULL);
INSERT INTO meal_food_items VALUES(466,3,80.0,'GRAM',NULL);
INSERT INTO meal_food_items VALUES(466,4,80.0,'GRAM',NULL);
INSERT INTO meal_food_items VALUES(466,29,100.0,'GRAM',NULL);
INSERT INTO meal_food_items VALUES(466,35,100.0,'GRAM',NULL);
INSERT INTO meal_food_items VALUES(466,18,80.0,'GRAM',NULL);
INSERT INTO meal_food_items VALUES(466,42,80.0,'GRAM',NULL);
INSERT INTO meal_food_items VALUES(466,20,50.0,'GRAM',NULL);
INSERT INTO meal_food_items VALUES(466,21,45.0,'GRAM',NULL);
INSERT INTO meal_food_items VALUES(466,22,12.0,'GRAM',NULL);
INSERT INTO meal_food_items VALUES(467,3,40.0,'GRAM',NULL);
INSERT INTO meal_food_items VALUES(467,4,40.0,'GRAM',NULL);
INSERT INTO meal_food_items VALUES(467,5,40.0,'GRAM',NULL);
INSERT INTO meal_food_items VALUES(467,1,1.0,'PIECE',NULL);
INSERT INTO meal_food_items VALUES(467,2,2.0,'PIECE',NULL);
INSERT INTO meal_food_items VALUES(467,8,12.0,'GRAM',NULL);
INSERT INTO meal_food_items VALUES(467,9,2.0,'PIECE',NULL);
INSERT INTO meal_food_items VALUES(467,26,12.0,'GRAM',NULL);
INSERT INTO meal_food_items VALUES(467,56,1.0,'PIECE',NULL);
INSERT INTO meal_food_items VALUES(468,45,200.0,'GRAM',NULL);
INSERT INTO meal_food_items VALUES(468,31,80.0,'GRAM',NULL);
INSERT INTO meal_food_items VALUES(468,33,80.0,'GRAM',NULL);
INSERT INTO meal_food_items VALUES(468,14,10.0,'GRAM',NULL);
INSERT INTO meal_food_items VALUES(468,16,10.0,'GRAM',NULL);
INSERT INTO meal_food_items VALUES(469,76,1.0,'CUP',NULL);
INSERT INTO meal_food_items VALUES(470,67,240.0,'GRAM',NULL);
INSERT INTO meal_food_items VALUES(471,3,80.0,'GRAM',NULL);
INSERT INTO meal_food_items VALUES(471,4,80.0,'GRAM',NULL);
INSERT INTO meal_food_items VALUES(471,27,100.0,'GRAM',NULL);
INSERT INTO meal_food_items VALUES(471,53,45.0,'GRAM',NULL);
INSERT INTO meal_food_items VALUES(471,21,45.0,'GRAM',NULL);
INSERT INTO meal_food_items VALUES(471,22,12.0,'GRAM',NULL);
INSERT INTO meal_food_items VALUES(472,3,50.0,'GRAM',NULL);
INSERT INTO meal_food_items VALUES(472,4,50.0,'GRAM',NULL);
INSERT INTO meal_food_items VALUES(472,29,80.0,'GRAM',NULL);
INSERT INTO meal_food_items VALUES(472,6,40.0,'GRAM',NULL);
INSERT INTO meal_food_items VALUES(472,7,40.0,'GRAM',NULL);
INSERT INTO meal_food_items VALUES(472,9,3.0,'PIECE',NULL);
INSERT INTO meal_food_items VALUES(472,8,12.0,'GRAM',NULL);
INSERT INTO meal_food_items VALUES(472,26,12.0,'GRAM',NULL);
INSERT INTO meal_food_items VALUES(472,56,2.0,'PIECE',NULL);
INSERT INTO meal_food_items VALUES(473,10,120.0,'GRAM',NULL);
INSERT INTO meal_food_items VALUES(473,50,120.0,'GRAM',NULL);
INSERT INTO meal_food_items VALUES(473,33,80.0,'GRAM',NULL);
INSERT INTO meal_food_items VALUES(473,32,40.0,'GRAM',NULL);
INSERT INTO meal_food_items VALUES(473,13,20.0,'GRAM',NULL);
INSERT INTO meal_food_items VALUES(473,16,20.0,'GRAM',NULL);
INSERT INTO meal_food_items VALUES(474,76,1.0,'CUP',NULL);
INSERT INTO meal_food_items VALUES(475,67,240.0,'GRAM',NULL);
INSERT INTO meal_food_items VALUES(476,4,70.0,'GRAM',NULL);
INSERT INTO meal_food_items VALUES(476,3,70.0,'GRAM',NULL);
INSERT INTO meal_food_items VALUES(476,19,80.0,'GRAM',NULL);
INSERT INTO meal_food_items VALUES(476,41,100.0,'GRAM',NULL);
INSERT INTO meal_food_items VALUES(476,6,50.0,'GRAM',NULL);
INSERT INTO meal_food_items VALUES(476,7,50.0,'GRAM',NULL);
INSERT INTO meal_food_items VALUES(476,20,40.0,'GRAM',NULL);
INSERT INTO meal_food_items VALUES(476,47,50.0,'GRAM',NULL);
INSERT INTO meal_food_items VALUES(476,22,12.0,'GRAM',NULL);
INSERT INTO meal_food_items VALUES(476,49,12.0,'GRAM',NULL);
INSERT INTO meal_food_items VALUES(477,3,40.0,'GRAM',NULL);
INSERT INTO meal_food_items VALUES(477,18,40.0,'GRAM',NULL);
INSERT INTO meal_food_items VALUES(477,6,40.0,'GRAM',NULL);
INSERT INTO meal_food_items VALUES(477,38,20.0,'GRAM',NULL);
INSERT INTO meal_food_items VALUES(477,37,40.0,'GRAM',NULL);
INSERT INTO meal_food_items VALUES(477,67,120.0,'GRAM',NULL);
INSERT INTO meal_food_items VALUES(477,1,1.0,'PIECE',NULL);
INSERT INTO meal_food_items VALUES(477,2,3.0,'PIECE',NULL);
INSERT INTO meal_food_items VALUES(477,22,12.0,'GRAM',NULL);
INSERT INTO meal_food_items VALUES(478,31,100.0,'GRAM',NULL);
INSERT INTO meal_food_items VALUES(478,46,140.0,'GRAM',NULL);
INSERT INTO meal_food_items VALUES(478,65,50.0,'GRAM',NULL);
INSERT INTO meal_food_items VALUES(478,13,14.0,'GRAM',NULL);
INSERT INTO meal_food_items VALUES(478,14,14.0,'GRAM',NULL);
INSERT INTO meal_food_items VALUES(479,76,1.0,'CUP',NULL);
INSERT INTO meal_food_items VALUES(480,67,240.0,'GRAM',NULL);
INSERT INTO meal_food_items VALUES(481,3,50.0,'GRAM',NULL);
INSERT INTO meal_food_items VALUES(481,4,50.0,'GRAM',NULL);
INSERT INTO meal_food_items VALUES(481,27,100.0,'GRAM',NULL);
INSERT INTO meal_food_items VALUES(481,62,140.0,'GRAM',NULL);
INSERT INTO meal_food_items VALUES(481,20,40.0,'GRAM',NULL);
INSERT INTO meal_food_items VALUES(481,23,12.0,'GRAM',NULL);
INSERT INTO meal_food_items VALUES(481,21,45.0,'GRAM',NULL);
INSERT INTO meal_food_items VALUES(481,55,45.0,'GRAM',NULL);
INSERT INTO meal_food_items VALUES(482,3,40.0,'GRAM',NULL);
INSERT INTO meal_food_items VALUES(482,57,40.0,'GRAM',NULL);
INSERT INTO meal_food_items VALUES(482,6,40.0,'GRAM',NULL);
INSERT INTO meal_food_items VALUES(482,1,1.0,'PIECE',NULL);
INSERT INTO meal_food_items VALUES(482,2,3.0,'PIECE',NULL);
INSERT INTO meal_food_items VALUES(482,8,12.0,'GRAM',NULL);
INSERT INTO meal_food_items VALUES(482,9,1.0,'PIECE',NULL);
INSERT INTO meal_food_items VALUES(483,9,3.0,'PIECE',NULL);
INSERT INTO meal_food_items VALUES(483,34,50.0,'GRAM',NULL);
INSERT INTO meal_food_items VALUES(483,10,80.0,'GRAM',NULL);
INSERT INTO meal_food_items VALUES(483,8,8.0,'GRAM',NULL);
INSERT INTO meal_food_items VALUES(484,76,1.0,'CUP',NULL);
INSERT INTO meal_food_items VALUES(485,67,240.0,'GRAM',NULL);
INSERT INTO meal_food_items VALUES(486,3,80.0,'GRAM',NULL);
INSERT INTO meal_food_items VALUES(486,4,80.0,'GRAM',NULL);
INSERT INTO meal_food_items VALUES(486,27,80.0,'GRAM',NULL);
INSERT INTO meal_food_items VALUES(486,17,80.0,'GRAM',NULL);
INSERT INTO meal_food_items VALUES(486,18,100.0,'GRAM',NULL);
INSERT INTO meal_food_items VALUES(486,6,40.0,'GRAM',NULL);
INSERT INTO meal_food_items VALUES(486,7,40.0,'GRAM',NULL);
INSERT INTO meal_food_items VALUES(486,48,50.0,'GRAM',NULL);
INSERT INTO meal_food_items VALUES(486,61,50.0,'GRAM',NULL);
INSERT INTO meal_food_items VALUES(486,22,12.0,'GRAM',NULL);
INSERT INTO meal_food_items VALUES(486,49,12.0,'GRAM',NULL);
INSERT INTO meal_food_items VALUES(487,27,100.0,'GRAM',NULL);
INSERT INTO meal_food_items VALUES(487,4,50.0,'GRAM',NULL);
INSERT INTO meal_food_items VALUES(487,3,50.0,'GRAM',NULL);
INSERT INTO meal_food_items VALUES(487,6,50.0,'GRAM',NULL);
INSERT INTO meal_food_items VALUES(487,7,50.0,'GRAM',NULL);
INSERT INTO meal_food_items VALUES(487,8,12.0,'GRAM',NULL);
INSERT INTO meal_food_items VALUES(487,39,2.0,'PIECE',NULL);
INSERT INTO meal_food_items VALUES(487,26,12.0,'GRAM',NULL);
INSERT INTO meal_food_items VALUES(488,31,80.0,'GRAM',NULL);
INSERT INTO meal_food_items VALUES(488,46,150.0,'GRAM',NULL);
INSERT INTO meal_food_items VALUES(488,11,100.0,'GRAM',NULL);
INSERT INTO meal_food_items VALUES(488,13,20.0,'GRAM',NULL);
INSERT INTO meal_food_items VALUES(488,14,20.0,'GRAM',NULL);
INSERT INTO meal_food_items VALUES(488,15,20.0,'GRAM',NULL);
INSERT INTO meal_food_items VALUES(489,76,1.0,'CUP',NULL);
INSERT INTO meal_food_items VALUES(490,67,240.0,'GRAM',NULL);
INSERT INTO meal_food_items VALUES(490,16,20.0,'GRAM',NULL);
INSERT INTO meal_food_items VALUES(491,3,80.0,'GRAM',NULL);
INSERT INTO meal_food_items VALUES(491,4,80.0,'GRAM',NULL);
INSERT INTO meal_food_items VALUES(491,64,150.0,'GRAM',NULL);
INSERT INTO meal_food_items VALUES(491,53,45.0,'GRAM',NULL);
INSERT INTO meal_food_items VALUES(491,21,45.0,'GRAM',NULL);
INSERT INTO meal_food_items VALUES(491,22,12.0,'GRAM',NULL);
INSERT INTO meal_food_items VALUES(492,1,2.0,'PIECE',NULL);
INSERT INTO meal_food_items VALUES(492,2,2.0,'PIECE',NULL);
INSERT INTO meal_food_items VALUES(492,3,50.0,'GRAM',NULL);
INSERT INTO meal_food_items VALUES(492,35,50.0,'GRAM',NULL);
INSERT INTO meal_food_items VALUES(492,28,50.0,'GRAM',NULL);
INSERT INTO meal_food_items VALUES(492,8,12.0,'GRAM',NULL);
INSERT INTO meal_food_items VALUES(492,9,4.0,'PIECE',NULL);
INSERT INTO meal_food_items VALUES(492,26,12.0,'GRAM',NULL);
INSERT INTO meal_food_items VALUES(493,66,100.0,'GRAM',NULL);
INSERT INTO meal_food_items VALUES(493,10,100.0,'GRAM',NULL);
INSERT INTO meal_food_items VALUES(493,45,180.0,'GRAM',NULL);
INSERT INTO meal_food_items VALUES(493,15,20.0,'GRAM',NULL);
INSERT INTO meal_food_items VALUES(493,13,20.0,'GRAM',NULL);
INSERT INTO meal_food_items VALUES(494,76,1.0,'CUP',NULL);
INSERT INTO meal_food_items VALUES(495,67,240.0,'GRAM',NULL);
INSERT INTO meal_food_items VALUES(495,16,20.0,'GRAM',NULL);
INSERT INTO meal_food_items VALUES(496,3,80.0,'GRAM',NULL);
INSERT INTO meal_food_items VALUES(496,4,80.0,'GRAM',NULL);
INSERT INTO meal_food_items VALUES(496,64,150.0,'GRAM',NULL);
INSERT INTO meal_food_items VALUES(496,19,100.0,'GRAM',NULL);
INSERT INTO meal_food_items VALUES(496,35,80.0,'GRAM',NULL);
INSERT INTO meal_food_items VALUES(496,6,40.0,'GRAM',NULL);
INSERT INTO meal_food_items VALUES(496,21,45.0,'GRAM',NULL);
INSERT INTO meal_food_items VALUES(496,22,12.0,'GRAM',NULL);
INSERT INTO meal_food_items VALUES(497,37,60.0,'GRAM',NULL);
INSERT INTO meal_food_items VALUES(497,4,40.0,'GRAM',NULL);
INSERT INTO meal_food_items VALUES(497,3,40.0,'GRAM',NULL);
INSERT INTO meal_food_items VALUES(497,18,60.0,'GRAM',NULL);
INSERT INTO meal_food_items VALUES(497,7,40.0,'GRAM',NULL);
INSERT INTO meal_food_items VALUES(497,22,12.0,'GRAM',NULL);
INSERT INTO meal_food_items VALUES(497,26,12.0,'GRAM',NULL);
INSERT INTO meal_food_items VALUES(498,27,80.0,'GRAM',NULL);
INSERT INTO meal_food_items VALUES(498,4,80.0,'GRAM',NULL);
INSERT INTO meal_food_items VALUES(498,59,120.0,'GRAM',NULL);
INSERT INTO meal_food_items VALUES(498,3,20.0,'GRAM',NULL);
INSERT INTO meal_food_items VALUES(498,6,40.0,'GRAM',NULL);
INSERT INTO meal_food_items VALUES(498,57,50.0,'GRAM',NULL);
INSERT INTO meal_food_items VALUES(498,58,40.0,'GRAM',NULL);
INSERT INTO meal_food_items VALUES(498,13,20.0,'GRAM',NULL);
INSERT INTO meal_food_items VALUES(498,15,20.0,'GRAM',NULL);
INSERT INTO meal_food_items VALUES(498,14,20.0,'GRAM',NULL);
INSERT INTO meal_food_items VALUES(499,76,1.0,'CUP',NULL);
INSERT INTO meal_food_items VALUES(500,67,240.0,'GRAM',NULL);
INSERT INTO meal_food_items VALUES(501,3,80.0,'GRAM',NULL);
INSERT INTO meal_food_items VALUES(501,4,80.0,'GRAM',NULL);
INSERT INTO meal_food_items VALUES(501,19,120.0,'GRAM',NULL);
INSERT INTO meal_food_items VALUES(501,43,60.0,'GRAM',NULL);
INSERT INTO meal_food_items VALUES(501,5,50.0,'GRAM',NULL);
INSERT INTO meal_food_items VALUES(501,42,80.0,'GRAM',NULL);
INSERT INTO meal_food_items VALUES(501,21,50.0,'GRAM',NULL);
INSERT INTO meal_food_items VALUES(501,22,12.0,'GRAM',NULL);
INSERT INTO meal_food_items VALUES(502,1,2.0,'PIECE',NULL);
INSERT INTO meal_food_items VALUES(502,2,2.0,'PIECE',NULL);
INSERT INTO meal_food_items VALUES(502,3,50.0,'GRAM',NULL);
INSERT INTO meal_food_items VALUES(502,4,50.0,'GRAM',NULL);
INSERT INTO meal_food_items VALUES(502,6,50.0,'GRAM',NULL);
INSERT INTO meal_food_items VALUES(502,8,14.0,'GRAM',NULL);
INSERT INTO meal_food_items VALUES(502,56,2.0,'PIECE',NULL);
INSERT INTO meal_food_items VALUES(502,9,3.0,'PIECE',NULL);
INSERT INTO meal_food_items VALUES(502,26,12.0,'GRAM',NULL);
INSERT INTO meal_food_items VALUES(503,27,100.0,'GRAM',NULL);
INSERT INTO meal_food_items VALUES(503,4,50.0,'GRAM',NULL);
INSERT INTO meal_food_items VALUES(503,3,50.0,'GRAM',NULL);
INSERT INTO meal_food_items VALUES(503,7,50.0,'GRAM',NULL);
INSERT INTO meal_food_items VALUES(503,28,50.0,'GRAM',NULL);
INSERT INTO meal_food_items VALUES(503,39,1.0,'PIECE',NULL);
INSERT INTO meal_food_items VALUES(503,8,12.0,'GRAM',NULL);
INSERT INTO meal_food_items VALUES(503,26,12.0,'GRAM',NULL);
INSERT INTO meal_food_items VALUES(504,76,1.0,'CUP',NULL);
INSERT INTO meal_food_items VALUES(505,67,240.0,'GRAM',NULL);
INSERT INTO meal_food_items VALUES(505,66,140.0,'GRAM',NULL);
INSERT INTO meal_food_items VALUES(505,68,40.0,'GRAM',NULL);
INSERT INTO meal_food_items VALUES(505,69,8.0,'GRAM',NULL);
INSERT INTO meal_food_items VALUES(506,67,240.0,'GRAM',NULL);
INSERT INTO meal_food_items VALUES(507,3,80.0,'GRAM',NULL);
INSERT INTO meal_food_items VALUES(507,4,80.0,'GRAM',NULL);
INSERT INTO meal_food_items VALUES(507,64,200.0,'GRAM',NULL);
INSERT INTO meal_food_items VALUES(507,17,100.0,'GRAM',NULL);
INSERT INTO meal_food_items VALUES(507,6,50.0,'GRAM',NULL);
INSERT INTO meal_food_items VALUES(507,18,80.0,'GRAM',NULL);
INSERT INTO meal_food_items VALUES(507,21,50.0,'GRAM',NULL);
INSERT INTO meal_food_items VALUES(507,22,12.0,'GRAM',NULL);
INSERT INTO meal_food_items VALUES(508,37,60.0,'GRAM',NULL);
INSERT INTO meal_food_items VALUES(508,3,50.0,'GRAM',NULL);
INSERT INTO meal_food_items VALUES(508,4,50.0,'GRAM',NULL);
INSERT INTO meal_food_items VALUES(508,27,100.0,'GRAM',NULL);
INSERT INTO meal_food_items VALUES(508,5,40.0,'GRAM',NULL);
INSERT INTO meal_food_items VALUES(508,22,12.0,'GRAM',NULL);
INSERT INTO meal_food_items VALUES(508,26,12.0,'GRAM',NULL);
INSERT INTO meal_food_items VALUES(509,44,100.0,'GRAM',NULL);
INSERT INTO meal_food_items VALUES(509,4,80.0,'GRAM',NULL);
INSERT INTO meal_food_items VALUES(509,59,100.0,'GRAM',NULL);
INSERT INTO meal_food_items VALUES(509,28,80.0,'GRAM',NULL);
INSERT INTO meal_food_items VALUES(509,7,40.0,'GRAM',NULL);
INSERT INTO meal_food_items VALUES(509,8,8.0,'GRAM',NULL);
INSERT INTO meal_food_items VALUES(510,76,1.0,'CUP',NULL);
INSERT INTO meal_food_items VALUES(511,67,240.0,'GRAM',NULL);
INSERT INTO meal_food_items VALUES(511,10,120.0,'GRAM',NULL);
INSERT INTO meal_food_items VALUES(511,65,80.0,'GRAM',NULL);
INSERT INTO meal_food_items VALUES(511,68,40.0,'GRAM',NULL);
INSERT INTO meal_food_items VALUES(512,67,240.0,'GRAM',NULL);
INSERT INTO meal_food_items VALUES(513,3,80.0,'GRAM',NULL);
INSERT INTO meal_food_items VALUES(513,4,80.0,'GRAM',NULL);
INSERT INTO meal_food_items VALUES(513,19,100.0,'GRAM',NULL);
INSERT INTO meal_food_items VALUES(513,63,100.0,'GRAM',NULL);
INSERT INTO meal_food_items VALUES(513,5,40.0,'GRAM',NULL);
INSERT INTO meal_food_items VALUES(513,24,12.0,'GRAM',NULL);
INSERT INTO meal_food_items VALUES(513,36,40.0,'GRAM',NULL);
INSERT INTO meal_food_items VALUES(513,70,20.0,'GRAM',NULL);
INSERT INTO meal_food_items VALUES(514,3,40.0,'GRAM',NULL);
INSERT INTO meal_food_items VALUES(514,4,40.0,'GRAM',NULL);
INSERT INTO meal_food_items VALUES(514,6,40.0,'GRAM',NULL);
INSERT INTO meal_food_items VALUES(514,1,2.0,'PIECE',NULL);
INSERT INTO meal_food_items VALUES(514,2,2.0,'PIECE',NULL);
INSERT INTO meal_food_items VALUES(514,8,12.0,'GRAM',NULL);
INSERT INTO meal_food_items VALUES(514,9,2.0,'PIECE',NULL);
INSERT INTO meal_food_items VALUES(514,56,1.0,'PIECE',NULL);
INSERT INTO meal_food_items VALUES(515,3,20.0,'GRAM',NULL);
INSERT INTO meal_food_items VALUES(515,4,80.0,'GRAM',NULL);
INSERT INTO meal_food_items VALUES(515,59,120.0,'GRAM',NULL);
INSERT INTO meal_food_items VALUES(515,27,80.0,'GRAM',NULL);
INSERT INTO meal_food_items VALUES(515,28,80.0,'GRAM',NULL);
INSERT INTO meal_food_items VALUES(515,60,40.0,'GRAM',NULL);
INSERT INTO meal_food_items VALUES(516,76,1.0,'CUP',NULL);
INSERT INTO meal_food_items VALUES(517,31,100.0,'GRAM',NULL);
INSERT INTO meal_food_items VALUES(517,67,240.0,'GRAM',NULL);
INSERT INTO meal_food_items VALUES(517,13,14.0,'GRAM',NULL);
INSERT INTO meal_food_items VALUES(517,14,14.0,'GRAM',NULL);
INSERT INTO meal_food_items VALUES(518,67,240.0,'GRAM',NULL);
INSERT INTO meal_food_items VALUES(519,3,80.0,'GRAM',NULL);
INSERT INTO meal_food_items VALUES(519,4,80.0,'GRAM',NULL);
INSERT INTO meal_food_items VALUES(519,40,100.0,'GRAM',NULL);
INSERT INTO meal_food_items VALUES(519,54,45.0,'GRAM',NULL);
INSERT INTO meal_food_items VALUES(519,21,50.0,'GRAM',NULL);
INSERT INTO meal_food_items VALUES(519,23,14.0,'GRAM',NULL);
INSERT INTO meal_food_items VALUES(520,3,60.0,'GRAM',NULL);
INSERT INTO meal_food_items VALUES(520,4,60.0,'GRAM',NULL);
INSERT INTO meal_food_items VALUES(520,5,50.0,'GRAM',NULL);
INSERT INTO meal_food_items VALUES(520,27,80.0,'GRAM',NULL);
INSERT INTO meal_food_items VALUES(520,28,50.0,'GRAM',NULL);
INSERT INTO meal_food_items VALUES(520,56,1.0,'PIECE',NULL);
INSERT INTO meal_food_items VALUES(520,39,1.0,'PIECE',NULL);
INSERT INTO meal_food_items VALUES(520,8,12.0,'GRAM',NULL);
INSERT INTO meal_food_items VALUES(520,26,12.0,'GRAM',NULL);
INSERT INTO meal_food_items VALUES(521,9,4.0,'PIECE',NULL);
INSERT INTO meal_food_items VALUES(521,34,70.0,'GRAM',NULL);
INSERT INTO meal_food_items VALUES(521,31,80.0,'GRAM',NULL);
INSERT INTO meal_food_items VALUES(521,8,8.0,'GRAM',NULL);
INSERT INTO meal_food_items VALUES(522,76,1.0,'CUP',NULL);
INSERT INTO meal_food_items VALUES(523,67,240.0,'GRAM',NULL);
INSERT INTO meal_food_items VALUES(524,3,80.0,'GRAM',NULL);
INSERT INTO meal_food_items VALUES(524,4,80.0,'GRAM',NULL);
INSERT INTO meal_food_items VALUES(524,1,2.0,'PIECE',NULL);
INSERT INTO meal_food_items VALUES(524,2,2.0,'PIECE',NULL);
INSERT INTO meal_food_items VALUES(524,17,80.0,'GRAM',NULL);
INSERT INTO meal_food_items VALUES(524,18,80.0,'GRAM',NULL);
INSERT INTO meal_food_items VALUES(524,6,50.0,'GRAM',NULL);
INSERT INTO meal_food_items VALUES(524,7,50.0,'GRAM',NULL);
INSERT INTO meal_food_items VALUES(524,21,45.0,'GRAM',NULL);
INSERT INTO meal_food_items VALUES(524,25,12.0,'GRAM',NULL);
INSERT INTO meal_food_items VALUES(524,22,12.0,'GRAM',NULL);
INSERT INTO meal_food_items VALUES(525,69,8.0,'GRAM',NULL);
INSERT INTO meal_food_items VALUES(526,3,70.0,'GRAM',NULL);
INSERT INTO meal_food_items VALUES(526,4,70.0,'GRAM',NULL);
INSERT INTO meal_food_items VALUES(526,5,40.0,'GRAM',NULL);
INSERT INTO meal_food_items VALUES(526,6,40.0,'GRAM',NULL);
INSERT INTO meal_food_items VALUES(526,1,2.0,'PIECE',NULL);
INSERT INTO meal_food_items VALUES(526,2,3.0,'PIECE',NULL);
INSERT INTO meal_food_items VALUES(526,8,14.0,'GRAM',NULL);
INSERT INTO meal_food_items VALUES(526,9,1.0,'PIECE',NULL);
INSERT INTO meal_food_items VALUES(526,27,80.0,'GRAM',NULL);
INSERT INTO meal_food_items VALUES(527,76,1.0,'CUP',NULL);
INSERT INTO meal_food_items VALUES(528,105,200.0,'GRAM',NULL);
INSERT INTO meal_food_items VALUES(528,12,180.0,'GRAM',NULL);
INSERT INTO meal_food_items VALUES(528,46,180.0,'GRAM',NULL);
INSERT INTO meal_food_items VALUES(529,67,240.0,'GRAM',NULL);
INSERT INTO meal_food_items VALUES(530,13,20.0,'GRAM',NULL);
INSERT INTO meal_food_items VALUES(530,14,20.0,'GRAM',NULL);
INSERT INTO meal_food_items VALUES(530,16,20.0,'GRAM',NULL);
INSERT INTO meal_food_items VALUES(530,15,20.0,'GRAM',NULL);
INSERT INTO meal_food_items VALUES(531,3,80.0,'GRAM',NULL);
INSERT INTO meal_food_items VALUES(531,4,80.0,'GRAM',NULL);
INSERT INTO meal_food_items VALUES(531,64,220.0,'GRAM',NULL);
INSERT INTO meal_food_items VALUES(531,30,120.0,'GRAM',NULL);
INSERT INTO meal_food_items VALUES(531,27,100.0,'GRAM',NULL);
INSERT INTO meal_food_items VALUES(531,7,50.0,'GRAM',NULL);
INSERT INTO meal_food_items VALUES(531,20,50.0,'GRAM',NULL);
INSERT INTO meal_food_items VALUES(531,22,14.0,'GRAM',NULL);
INSERT INTO meal_food_items VALUES(532,69,8.0,'GRAM',NULL);
INSERT INTO meal_food_items VALUES(533,19,100.0,'GRAM',NULL);
INSERT INTO meal_food_items VALUES(533,4,80.0,'GRAM',NULL);
INSERT INTO meal_food_items VALUES(533,3,80.0,'GRAM',NULL);
INSERT INTO meal_food_items VALUES(533,5,40.0,'GRAM',NULL);
INSERT INTO meal_food_items VALUES(533,9,4.0,'PIECE',NULL);
INSERT INTO meal_food_items VALUES(533,8,12.0,'GRAM',NULL);
INSERT INTO meal_food_items VALUES(533,56,2.0,'PIECE',NULL);
INSERT INTO meal_food_items VALUES(534,76,1.0,'CUP',NULL);
INSERT INTO meal_food_items VALUES(535,81,45.0,'GRAM',NULL);
INSERT INTO meal_food_items VALUES(535,67,240.0,'GRAM',NULL);
INSERT INTO meal_food_items VALUES(535,69,8.0,'GRAM',NULL);
INSERT INTO meal_food_items VALUES(535,10,120.0,'GRAM',NULL);
INSERT INTO meal_food_items VALUES(535,31,100.0,'GRAM',NULL);
INSERT INTO meal_food_items VALUES(535,32,50.0,'GRAM',NULL);
INSERT INTO meal_food_items VALUES(535,13,10.0,'GRAM',NULL);
INSERT INTO meal_food_items VALUES(535,14,10.0,'GRAM',NULL);
INSERT INTO meal_food_items VALUES(535,84,10.0,'GRAM',NULL);
INSERT INTO meal_food_items VALUES(535,82,14.0,'GRAM',NULL);
INSERT INTO meal_food_items VALUES(536,67,240.0,'GRAM',NULL);
INSERT INTO meal_food_items VALUES(537,78,150.0,'GRAM',NULL);
INSERT INTO meal_food_items VALUES(537,79,50.0,'GRAM',NULL);
INSERT INTO meal_food_items VALUES(537,34,30.0,'GRAM',NULL);
INSERT INTO meal_food_items VALUES(537,80,3.0,'PIECE',NULL);
INSERT INTO meal_food_items VALUES(538,3,80.0,'GRAM',NULL);
INSERT INTO meal_food_items VALUES(538,4,80.0,'GRAM',NULL);
INSERT INTO meal_food_items VALUES(538,27,100.0,'GRAM',NULL);
INSERT INTO meal_food_items VALUES(538,17,100.0,'GRAM',NULL);
INSERT INTO meal_food_items VALUES(538,41,80.0,'GRAM',NULL);
INSERT INTO meal_food_items VALUES(538,6,50.0,'GRAM',NULL);
INSERT INTO meal_food_items VALUES(538,20,50.0,'GRAM',NULL);
INSERT INTO meal_food_items VALUES(538,21,45.0,'GRAM',NULL);
INSERT INTO meal_food_items VALUES(538,22,14.0,'GRAM',NULL);
INSERT INTO meal_food_items VALUES(538,25,12.0,'GRAM',NULL);
INSERT INTO meal_food_items VALUES(539,37,60.0,'GRAM',NULL);
INSERT INTO meal_food_items VALUES(539,4,40.0,'GRAM',NULL);
INSERT INTO meal_food_items VALUES(539,3,40.0,'GRAM',NULL);
INSERT INTO meal_food_items VALUES(539,30,80.0,'GRAM',NULL);
INSERT INTO meal_food_items VALUES(539,22,12.0,'GRAM',NULL);
INSERT INTO meal_food_items VALUES(539,91,80.0,'GRAM',NULL);
INSERT INTO meal_food_items VALUES(539,26,12.0,'GRAM',NULL);
INSERT INTO meal_food_items VALUES(540,76,1.0,'CUP',NULL);
INSERT INTO meal_food_items VALUES(541,34,50.0,'GRAM',NULL);
INSERT INTO meal_food_items VALUES(541,31,100.0,'GRAM',NULL);
INSERT INTO meal_food_items VALUES(541,10,80.0,'GRAM',NULL);
INSERT INTO meal_food_items VALUES(541,39,1.0,'PIECE',NULL);
INSERT INTO meal_food_items VALUES(541,8,10.0,'GRAM',NULL);
INSERT INTO meal_food_items VALUES(542,67,240.0,'GRAM',NULL);
INSERT INTO meal_food_items VALUES(543,65,80.0,'GRAM',NULL);
INSERT INTO meal_food_items VALUES(543,32,40.0,'GRAM',NULL);
INSERT INTO meal_food_items VALUES(543,86,40.0,'GRAM',NULL);
INSERT INTO meal_food_items VALUES(543,67,240.0,'GRAM',NULL);
INSERT INTO meal_food_items VALUES(543,85,14.0,'GRAM',NULL);
INSERT INTO meal_food_items VALUES(543,13,14.0,'GRAM',NULL);
INSERT INTO meal_food_items VALUES(543,16,14.0,'GRAM',NULL);
INSERT INTO meal_food_items VALUES(543,14,14.0,'GRAM',NULL);
INSERT INTO meal_food_items VALUES(544,3,80.0,'GRAM',NULL);
INSERT INTO meal_food_items VALUES(544,4,80.0,'GRAM',NULL);
INSERT INTO meal_food_items VALUES(544,17,100.0,'GRAM',NULL);
INSERT INTO meal_food_items VALUES(544,41,100.0,'GRAM',NULL);
INSERT INTO meal_food_items VALUES(544,20,50.0,'GRAM',NULL);
INSERT INTO meal_food_items VALUES(544,7,40.0,'GRAM',NULL);
INSERT INTO meal_food_items VALUES(544,22,14.0,'GRAM',NULL);
INSERT INTO meal_food_items VALUES(544,48,60.0,'GRAM',NULL);
INSERT INTO meal_food_items VALUES(544,25,12.0,'GRAM',NULL);
INSERT INTO meal_food_items VALUES(544,27,120.0,'GRAM',NULL);
INSERT INTO meal_food_items VALUES(545,3,40.0,'GRAM',NULL);
INSERT INTO meal_food_items VALUES(545,4,40.0,'GRAM',NULL);
INSERT INTO meal_food_items VALUES(545,5,40.0,'GRAM',NULL);
INSERT INTO meal_food_items VALUES(545,7,40.0,'GRAM',NULL);
INSERT INTO meal_food_items VALUES(545,1,2.0,'PIECE',NULL);
INSERT INTO meal_food_items VALUES(545,2,2.0,'PIECE',NULL);
INSERT INTO meal_food_items VALUES(545,8,12.0,'GRAM',NULL);
INSERT INTO meal_food_items VALUES(545,9,4.0,'PIECE',NULL);
INSERT INTO meal_food_items VALUES(545,26,12.0,'GRAM',NULL);
INSERT INTO meal_food_items VALUES(546,76,1.0,'CUP',NULL);
INSERT INTO meal_food_items VALUES(547,66,150.0,'GRAM',NULL);
INSERT INTO meal_food_items VALUES(547,50,100.0,'GRAM',NULL);
INSERT INTO meal_food_items VALUES(547,45,150.0,'GRAM',NULL);
INSERT INTO meal_food_items VALUES(547,65,50.0,'GRAM',NULL);
INSERT INTO meal_food_items VALUES(548,67,240.0,'GRAM',NULL);
INSERT INTO meal_food_items VALUES(549,31,140.0,'GRAM',NULL);
INSERT INTO meal_food_items VALUES(549,67,240.0,'GRAM',NULL);
INSERT INTO meal_food_items VALUES(549,69,4.0,'GRAM',NULL);
INSERT INTO meal_food_items VALUES(550,3,80.0,'GRAM',NULL);
INSERT INTO meal_food_items VALUES(550,4,80.0,'GRAM',NULL);
INSERT INTO meal_food_items VALUES(550,27,100.0,'GRAM',NULL);
INSERT INTO meal_food_items VALUES(550,19,100.0,'GRAM',NULL);
INSERT INTO meal_food_items VALUES(550,6,50.0,'GRAM',NULL);
INSERT INTO meal_food_items VALUES(550,42,50.0,'GRAM',NULL);
INSERT INTO meal_food_items VALUES(550,20,40.0,'GRAM',NULL);
INSERT INTO meal_food_items VALUES(550,21,50.0,'GRAM',NULL);
INSERT INTO meal_food_items VALUES(550,22,12.0,'GRAM',NULL);
INSERT INTO meal_food_items VALUES(551,3,80.0,'GRAM',NULL);
INSERT INTO meal_food_items VALUES(551,4,80.0,'GRAM',NULL);
INSERT INTO meal_food_items VALUES(551,5,40.0,'GRAM',NULL);
INSERT INTO meal_food_items VALUES(551,7,40.0,'GRAM',NULL);
INSERT INTO meal_food_items VALUES(551,27,80.0,'GRAM',NULL);
INSERT INTO meal_food_items VALUES(551,20,40.0,'GRAM',NULL);
INSERT INTO meal_food_items VALUES(551,8,14.0,'GRAM',NULL);
INSERT INTO meal_food_items VALUES(551,39,2.0,'PIECE',NULL);
INSERT INTO meal_food_items VALUES(551,26,14.0,'GRAM',NULL);
INSERT INTO meal_food_items VALUES(552,76,1.0,'CUP',NULL);
INSERT INTO meal_food_items VALUES(553,50,120.0,'GRAM',NULL);
INSERT INTO meal_food_items VALUES(553,10,120.0,'GRAM',NULL);
INSERT INTO meal_food_items VALUES(553,45,180.0,'GRAM',NULL);
INSERT INTO meal_food_items VALUES(553,13,14.0,'GRAM',NULL);
INSERT INTO meal_food_items VALUES(553,15,14.0,'GRAM',NULL);
INSERT INTO meal_food_items VALUES(553,16,14.0,'GRAM',NULL);
INSERT INTO meal_food_items VALUES(554,67,240.0,'GRAM',NULL);
INSERT INTO meal_food_items VALUES(555,67,240.0,'GRAM',NULL);
INSERT INTO meal_food_items VALUES(555,79,50.0,'GRAM',NULL);
INSERT INTO meal_food_items VALUES(555,33,100.0,'GRAM',NULL);
INSERT INTO meal_food_items VALUES(555,87,50.0,'GRAM',NULL);
INSERT INTO meal_food_items VALUES(555,85,12.0,'GRAM',NULL);
INSERT INTO meal_food_items VALUES(556,3,80.0,'GRAM',NULL);
INSERT INTO meal_food_items VALUES(556,4,80.0,'GRAM',NULL);
INSERT INTO meal_food_items VALUES(556,30,140.0,'GRAM',NULL);
INSERT INTO meal_food_items VALUES(556,55,40.0,'GRAM',NULL);
INSERT INTO meal_food_items VALUES(556,21,45.0,'GRAM',NULL);
INSERT INTO meal_food_items VALUES(556,22,12.0,'GRAM',NULL);
INSERT INTO meal_food_items VALUES(556,36,40.0,'GRAM',NULL);
INSERT INTO meal_food_items VALUES(556,88,20.0,'GRAM',NULL);
INSERT INTO meal_food_items VALUES(557,3,50.0,'GRAM',NULL);
INSERT INTO meal_food_items VALUES(557,7,50.0,'GRAM',NULL);
INSERT INTO meal_food_items VALUES(557,19,80.0,'GRAM',NULL);
INSERT INTO meal_food_items VALUES(557,57,50.0,'GRAM',NULL);
INSERT INTO meal_food_items VALUES(557,8,12.0,'GRAM',NULL);
INSERT INTO meal_food_items VALUES(557,9,4.0,'PIECE',NULL);
INSERT INTO meal_food_items VALUES(557,26,12.0,'GRAM',NULL);
INSERT INTO meal_food_items VALUES(557,56,2.0,'PIECE',NULL);
INSERT INTO meal_food_items VALUES(558,76,1.0,'CUP',NULL);
INSERT INTO meal_food_items VALUES(559,81,40.0,'GRAM',NULL);
INSERT INTO meal_food_items VALUES(559,67,240.0,'GRAM',NULL);
INSERT INTO meal_food_items VALUES(559,69,8.0,'GRAM',NULL);
INSERT INTO meal_food_items VALUES(559,13,20.0,'GRAM',NULL);
INSERT INTO meal_food_items VALUES(559,31,120.0,'GRAM',NULL);
INSERT INTO meal_food_items VALUES(559,10,120.0,'GRAM',NULL);
INSERT INTO meal_food_items VALUES(559,85,12.0,'GRAM',NULL);
INSERT INTO meal_food_items VALUES(560,67,240.0,'GRAM',NULL);
INSERT INTO meal_food_items VALUES(561,79,50.0,'GRAM',NULL);
INSERT INTO meal_food_items VALUES(561,78,240.0,'GRAM',NULL);
INSERT INTO meal_food_items VALUES(561,66,100.0,'GRAM',NULL);
INSERT INTO meal_food_items VALUES(562,3,80.0,'GRAM',NULL);
INSERT INTO meal_food_items VALUES(562,4,80.0,'GRAM',NULL);
INSERT INTO meal_food_items VALUES(562,27,100.0,'GRAM',NULL);
INSERT INTO meal_food_items VALUES(562,17,100.0,'GRAM',NULL);
INSERT INTO meal_food_items VALUES(562,18,100.0,'GRAM',NULL);
INSERT INTO meal_food_items VALUES(562,42,80.0,'GRAM',NULL);
INSERT INTO meal_food_items VALUES(562,6,40.0,'GRAM',NULL);
INSERT INTO meal_food_items VALUES(562,7,40.0,'GRAM',NULL);
INSERT INTO meal_food_items VALUES(562,47,55.0,'GRAM',NULL);
INSERT INTO meal_food_items VALUES(562,22,14.0,'GRAM',NULL);
INSERT INTO meal_food_items VALUES(562,89,30.0,'GRAM',NULL);
INSERT INTO meal_food_items VALUES(562,49,12.0,'GRAM',NULL);
INSERT INTO meal_food_items VALUES(563,3,40.0,'GRAM',NULL);
INSERT INTO meal_food_items VALUES(563,4,40.0,'GRAM',NULL);
INSERT INTO meal_food_items VALUES(563,7,40.0,'GRAM',NULL);
INSERT INTO meal_food_items VALUES(563,1,2.0,'PIECE',NULL);
INSERT INTO meal_food_items VALUES(563,2,1.0,'PIECE',NULL);
INSERT INTO meal_food_items VALUES(563,56,1.0,'PIECE',NULL);
INSERT INTO meal_food_items VALUES(563,39,1.0,'PIECE',NULL);
INSERT INTO meal_food_items VALUES(563,8,12.0,'GRAM',NULL);
INSERT INTO meal_food_items VALUES(563,26,12.0,'GRAM',NULL);
INSERT INTO meal_food_items VALUES(564,76,1.0,'CUP',NULL);
INSERT INTO meal_food_items VALUES(565,46,180.0,'GRAM',NULL);
INSERT INTO meal_food_items VALUES(565,10,140.0,'GRAM',NULL);
INSERT INTO meal_food_items VALUES(565,31,140.0,'GRAM',NULL);
INSERT INTO meal_food_items VALUES(565,13,12.0,'GRAM',NULL);
INSERT INTO meal_food_items VALUES(565,14,12.0,'GRAM',NULL);
INSERT INTO meal_food_items VALUES(565,90,8.0,'GRAM',NULL);
INSERT INTO meal_food_items VALUES(566,67,240.0,'GRAM',NULL);
INSERT INTO meal_food_items VALUES(567,79,50.0,'GRAM',NULL);
INSERT INTO meal_food_items VALUES(567,67,240.0,'GRAM',NULL);
INSERT INTO meal_food_items VALUES(567,33,80.0,'GRAM',NULL);
INSERT INTO meal_food_items VALUES(567,32,50.0,'GRAM',NULL);
INSERT INTO meal_food_items VALUES(568,3,80.0,'GRAM',NULL);
INSERT INTO meal_food_items VALUES(568,4,80.0,'GRAM',NULL);
INSERT INTO meal_food_items VALUES(568,27,80.0,'GRAM',NULL);
INSERT INTO meal_food_items VALUES(568,19,100.0,'GRAM',NULL);
INSERT INTO meal_food_items VALUES(568,17,80.0,'GRAM',NULL);
INSERT INTO meal_food_items VALUES(568,7,40.0,'GRAM',NULL);
INSERT INTO meal_food_items VALUES(568,21,50.0,'GRAM',NULL);
INSERT INTO meal_food_items VALUES(568,22,14.0,'GRAM',NULL);
INSERT INTO meal_food_items VALUES(569,97,100.0,'GRAM',NULL);
INSERT INTO meal_food_items VALUES(570,1,2.0,'PIECE',NULL);
INSERT INTO meal_food_items VALUES(570,2,2.0,'PIECE',NULL);
INSERT INTO meal_food_items VALUES(570,19,80.0,'GRAM',NULL);
INSERT INTO meal_food_items VALUES(570,3,80.0,'GRAM',NULL);
INSERT INTO meal_food_items VALUES(570,4,80.0,'GRAM',NULL);
INSERT INTO meal_food_items VALUES(570,5,40.0,'GRAM',NULL);
INSERT INTO meal_food_items VALUES(570,8,14.0,'GRAM',NULL);
INSERT INTO meal_food_items VALUES(570,9,2.0,'PIECE',NULL);
INSERT INTO meal_food_items VALUES(571,76,1.0,'CUP',NULL);
INSERT INTO meal_food_items VALUES(572,27,100.0,'GRAM',NULL);
INSERT INTO meal_food_items VALUES(572,4,80.0,'GRAM',NULL);
INSERT INTO meal_food_items VALUES(572,59,120.0,'GRAM',NULL);
INSERT INTO meal_food_items VALUES(572,28,50.0,'GRAM',NULL);
INSERT INTO meal_food_items VALUES(572,3,20.0,'GRAM',NULL);
INSERT INTO meal_food_items VALUES(572,57,50.0,'GRAM',NULL);
INSERT INTO meal_food_items VALUES(572,58,40.0,'GRAM',NULL);
INSERT INTO meal_food_items VALUES(573,67,240.0,'GRAM',NULL);
INSERT INTO meal_food_items VALUES(574,79,50.0,'GRAM',NULL);
INSERT INTO meal_food_items VALUES(574,67,240.0,'GRAM',NULL);
INSERT INTO meal_food_items VALUES(574,31,120.0,'GRAM',NULL);
INSERT INTO meal_food_items VALUES(574,65,50.0,'GRAM',NULL);
INSERT INTO meal_food_items VALUES(575,3,80.0,'GRAM',NULL);
INSERT INTO meal_food_items VALUES(575,4,80.0,'GRAM',NULL);
INSERT INTO meal_food_items VALUES(575,64,150.0,'GRAM',NULL);
INSERT INTO meal_food_items VALUES(575,40,100.0,'GRAM',NULL);
INSERT INTO meal_food_items VALUES(575,18,80.0,'GRAM',NULL);
INSERT INTO meal_food_items VALUES(575,42,50.0,'GRAM',NULL);
INSERT INTO meal_food_items VALUES(575,20,50.0,'GRAM',NULL);
INSERT INTO meal_food_items VALUES(575,21,50.0,'GRAM',NULL);
INSERT INTO meal_food_items VALUES(575,22,14.0,'GRAM',NULL);
INSERT INTO meal_food_items VALUES(575,25,12.0,'GRAM',NULL);
INSERT INTO meal_food_items VALUES(576,27,80.0,'GRAM',NULL);
INSERT INTO meal_food_items VALUES(576,4,50.0,'GRAM',NULL);
INSERT INTO meal_food_items VALUES(576,3,50.0,'GRAM',NULL);
INSERT INTO meal_food_items VALUES(576,6,40.0,'GRAM',NULL);
INSERT INTO meal_food_items VALUES(576,20,40.0,'GRAM',NULL);
INSERT INTO meal_food_items VALUES(576,8,12.0,'GRAM',NULL);
INSERT INTO meal_food_items VALUES(576,37,60.0,'GRAM',NULL);
INSERT INTO meal_food_items VALUES(576,26,12.0,'GRAM',NULL);
INSERT INTO meal_food_items VALUES(577,76,1.0,'CUP',NULL);
INSERT INTO meal_food_items VALUES(578,10,120.0,'GRAM',NULL);
INSERT INTO meal_food_items VALUES(578,50,120.0,'GRAM',NULL);
INSERT INTO meal_food_items VALUES(578,46,140.0,'GRAM',NULL);
INSERT INTO meal_food_items VALUES(578,13,12.0,'GRAM',NULL);
INSERT INTO meal_food_items VALUES(578,14,12.0,'GRAM',NULL);
INSERT INTO meal_food_items VALUES(578,15,12.0,'GRAM',NULL);
INSERT INTO meal_food_items VALUES(579,67,240.0,'GRAM',NULL);
INSERT INTO meal_food_items VALUES(580,79,50.0,'GRAM',NULL);
INSERT INTO meal_food_items VALUES(580,67,240.0,'GRAM',NULL);
INSERT INTO meal_food_items VALUES(580,33,80.0,'GRAM',NULL);
INSERT INTO meal_food_items VALUES(580,32,50.0,'GRAM',NULL);
INSERT INTO meal_food_items VALUES(581,3,80.0,'GRAM',NULL);
INSERT INTO meal_food_items VALUES(581,4,80.0,'GRAM',NULL);
INSERT INTO meal_food_items VALUES(581,64,120.0,'GRAM',NULL);
INSERT INTO meal_food_items VALUES(581,19,100.0,'GRAM',NULL);
INSERT INTO meal_food_items VALUES(581,17,100.0,'GRAM',NULL);
INSERT INTO meal_food_items VALUES(581,18,80.0,'GRAM',NULL);
INSERT INTO meal_food_items VALUES(581,42,80.0,'GRAM',NULL);
INSERT INTO meal_food_items VALUES(581,6,40.0,'GRAM',NULL);
INSERT INTO meal_food_items VALUES(581,47,55.0,'GRAM',NULL);
INSERT INTO meal_food_items VALUES(581,22,12.0,'GRAM',NULL);
INSERT INTO meal_food_items VALUES(581,49,12.0,'GRAM',NULL);
INSERT INTO meal_food_items VALUES(582,1,2.0,'PIECE',NULL);
INSERT INTO meal_food_items VALUES(582,2,2.0,'PIECE',NULL);
INSERT INTO meal_food_items VALUES(582,3,40.0,'GRAM',NULL);
INSERT INTO meal_food_items VALUES(582,57,50.0,'GRAM',NULL);
INSERT INTO meal_food_items VALUES(582,6,40.0,'GRAM',NULL);
INSERT INTO meal_food_items VALUES(582,8,12.0,'GRAM',NULL);
INSERT INTO meal_food_items VALUES(582,9,3.0,'PIECE',NULL);
INSERT INTO meal_food_items VALUES(582,26,12.0,'GRAM',NULL);
INSERT INTO meal_food_items VALUES(583,76,1.0,'CUP',NULL);
INSERT INTO meal_food_items VALUES(584,10,100.0,'GRAM',NULL);
INSERT INTO meal_food_items VALUES(584,50,100.0,'GRAM',NULL);
INSERT INTO meal_food_items VALUES(584,46,100.0,'GRAM',NULL);
INSERT INTO meal_food_items VALUES(584,13,14.0,'GRAM',NULL);
INSERT INTO meal_food_items VALUES(584,14,14.0,'GRAM',NULL);
INSERT INTO meal_food_items VALUES(585,67,240.0,'GRAM',NULL);
INSERT INTO meal_food_items VALUES(586,3,80.0,'GRAM',NULL);
INSERT INTO meal_food_items VALUES(586,4,80.0,'GRAM',NULL);
INSERT INTO meal_food_items VALUES(586,27,100.0,'GRAM',NULL);
INSERT INTO meal_food_items VALUES(586,30,120.0,'GRAM',NULL);
INSERT INTO meal_food_items VALUES(586,19,100.0,'GRAM',NULL);
INSERT INTO meal_food_items VALUES(586,20,40.0,'GRAM',NULL);
INSERT INTO meal_food_items VALUES(586,21,45.0,'GRAM',NULL);
INSERT INTO meal_food_items VALUES(586,22,12.0,'GRAM',NULL);
INSERT INTO meal_food_items VALUES(587,81,30.0,'GRAM',NULL);
INSERT INTO meal_food_items VALUES(587,34,40.0,'GRAM',NULL);
INSERT INTO meal_food_items VALUES(587,67,240.0,'GRAM',NULL);
INSERT INTO meal_food_items VALUES(587,79,45.0,'GRAM',NULL);
INSERT INTO meal_food_items VALUES(588,3,70.0,'GRAM',NULL);
INSERT INTO meal_food_items VALUES(588,4,70.0,'GRAM',NULL);
INSERT INTO meal_food_items VALUES(588,27,80.0,'GRAM',NULL);
INSERT INTO meal_food_items VALUES(588,5,40.0,'GRAM',NULL);
INSERT INTO meal_food_items VALUES(588,7,40.0,'GRAM',NULL);
INSERT INTO meal_food_items VALUES(588,8,12.0,'GRAM',NULL);
INSERT INTO meal_food_items VALUES(588,39,1.0,'PIECE',NULL);
INSERT INTO meal_food_items VALUES(588,26,12.0,'GRAM',NULL);
INSERT INTO meal_food_items VALUES(589,76,1.0,'CUP',NULL);
INSERT INTO meal_food_items VALUES(590,10,120.0,'GRAM',NULL);
INSERT INTO meal_food_items VALUES(590,12,200.0,'GRAM',NULL);
INSERT INTO meal_food_items VALUES(590,92,80.0,'GRAM',NULL);
INSERT INTO meal_food_items VALUES(590,50,120.0,'GRAM',NULL);
INSERT INTO meal_food_items VALUES(591,67,240.0,'GRAM',NULL);
INSERT INTO meal_food_items VALUES(592,3,80.0,'GRAM',NULL);
INSERT INTO meal_food_items VALUES(592,4,80.0,'GRAM',NULL);
INSERT INTO meal_food_items VALUES(592,64,140.0,'GRAM',NULL);
INSERT INTO meal_food_items VALUES(592,35,100.0,'GRAM',NULL);
INSERT INTO meal_food_items VALUES(592,18,80.0,'GRAM',NULL);
INSERT INTO meal_food_items VALUES(592,20,50.0,'GRAM',NULL);
INSERT INTO meal_food_items VALUES(592,6,50.0,'GRAM',NULL);
INSERT INTO meal_food_items VALUES(592,22,14.0,'GRAM',NULL);
INSERT INTO meal_food_items VALUES(592,36,40.0,'GRAM',NULL);
INSERT INTO meal_food_items VALUES(592,37,20.0,'GRAM',NULL);
INSERT INTO meal_food_items VALUES(593,33,80.0,'GRAM',NULL);
INSERT INTO meal_food_items VALUES(593,32,50.0,'GRAM',NULL);
INSERT INTO meal_food_items VALUES(593,67,240.0,'GRAM',NULL);
INSERT INTO meal_food_items VALUES(593,79,50.0,'GRAM',NULL);
INSERT INTO meal_food_items VALUES(593,85,12.0,'GRAM',NULL);
INSERT INTO meal_food_items VALUES(594,27,100.0,'GRAM',NULL);
INSERT INTO meal_food_items VALUES(594,4,50.0,'GRAM',NULL);
INSERT INTO meal_food_items VALUES(594,3,50.0,'GRAM',NULL);
INSERT INTO meal_food_items VALUES(594,5,40.0,'GRAM',NULL);
INSERT INTO meal_food_items VALUES(594,8,12.0,'GRAM',NULL);
INSERT INTO meal_food_items VALUES(594,9,4.0,'PIECE',NULL);
INSERT INTO meal_food_items VALUES(594,26,12.0,'GRAM',NULL);
INSERT INTO meal_food_items VALUES(595,76,1.0,'CUP',NULL);
INSERT INTO meal_food_items VALUES(596,103,50.0,'GRAM',NULL);
INSERT INTO meal_food_items VALUES(596,4,80.0,'GRAM',NULL);
INSERT INTO meal_food_items VALUES(596,59,120.0,'GRAM',NULL);
INSERT INTO meal_food_items VALUES(596,3,20.0,'GRAM',NULL);
INSERT INTO meal_food_items VALUES(596,5,40.0,'GRAM',NULL);
INSERT INTO meal_food_items VALUES(597,67,240.0,'GRAM',NULL);
INSERT INTO meal_food_items VALUES(598,4,80.0,'GRAM',NULL);
INSERT INTO meal_food_items VALUES(598,3,80.0,'GRAM',NULL);
INSERT INTO meal_food_items VALUES(598,19,120.0,'GRAM',NULL);
INSERT INTO meal_food_items VALUES(598,61,100.0,'GRAM',NULL);
INSERT INTO meal_food_items VALUES(598,41,100.0,'GRAM',NULL);
INSERT INTO meal_food_items VALUES(598,20,50.0,'GRAM',NULL);
INSERT INTO meal_food_items VALUES(598,24,12.0,'GRAM',NULL);
INSERT INTO meal_food_items VALUES(598,106,30.0,'GRAM',NULL);
INSERT INTO meal_food_items VALUES(598,21,50.0,'GRAM',NULL);
INSERT INTO meal_food_items VALUES(599,67,240.0,'GRAM',NULL);
INSERT INTO meal_food_items VALUES(599,79,50.0,'GRAM',NULL);
INSERT INTO meal_food_items VALUES(599,31,120.0,'GRAM',NULL);
INSERT INTO meal_food_items VALUES(599,10,120.0,'GRAM',NULL);
INSERT INTO meal_food_items VALUES(600,27,80.0,'GRAM',NULL);
INSERT INTO meal_food_items VALUES(600,4,40.0,'GRAM',NULL);
INSERT INTO meal_food_items VALUES(600,3,40.0,'GRAM',NULL);
INSERT INTO meal_food_items VALUES(600,6,40.0,'GRAM',NULL);
INSERT INTO meal_food_items VALUES(600,7,40.0,'GRAM',NULL);
INSERT INTO meal_food_items VALUES(600,37,55.0,'GRAM',NULL);
INSERT INTO meal_food_items VALUES(600,22,10.0,'GRAM',NULL);
INSERT INTO meal_food_items VALUES(600,91,80.0,'GRAM',NULL);
INSERT INTO meal_food_items VALUES(601,76,1.0,'CUP',NULL);
INSERT INTO meal_food_items VALUES(602,31,100.0,'GRAM',NULL);
INSERT INTO meal_food_items VALUES(602,34,50.0,'GRAM',NULL);
INSERT INTO meal_food_items VALUES(602,9,2.0,'PIECE',NULL);
INSERT INTO meal_food_items VALUES(602,8,10.0,'GRAM',NULL);
INSERT INTO meal_food_items VALUES(602,85,12.0,'GRAM',NULL);
INSERT INTO meal_food_items VALUES(603,67,240.0,'GRAM',NULL);
INSERT INTO meal_food_items VALUES(604,4,80.0,'GRAM',NULL);
INSERT INTO meal_food_items VALUES(604,3,80.0,'GRAM',NULL);
INSERT INTO meal_food_items VALUES(604,19,120.0,'GRAM',NULL);
INSERT INTO meal_food_items VALUES(604,30,100.0,'GRAM',NULL);
INSERT INTO meal_food_items VALUES(604,93,20.0,'GRAM',NULL);
INSERT INTO meal_food_items VALUES(604,20,50.0,'GRAM',NULL);
INSERT INTO meal_food_items VALUES(604,24,12.0,'GRAM',NULL);
INSERT INTO meal_food_items VALUES(604,36,30.0,'GRAM',NULL);
INSERT INTO meal_food_items VALUES(604,88,30.0,'GRAM',NULL);
INSERT INTO meal_food_items VALUES(605,67,240.0,'GRAM',NULL);
INSERT INTO meal_food_items VALUES(605,79,50.0,'GRAM',NULL);
INSERT INTO meal_food_items VALUES(605,10,120.0,'GRAM',NULL);
INSERT INTO meal_food_items VALUES(605,32,50.0,'GRAM',NULL);
INSERT INTO meal_food_items VALUES(606,1,1.0,'PIECE',NULL);
INSERT INTO meal_food_items VALUES(606,2,3.0,'PIECE',NULL);
INSERT INTO meal_food_items VALUES(606,3,50.0,'GRAM',NULL);
INSERT INTO meal_food_items VALUES(606,4,50.0,'GRAM',NULL);
INSERT INTO meal_food_items VALUES(606,7,50.0,'GRAM',NULL);
INSERT INTO meal_food_items VALUES(606,56,2.0,'PIECE',NULL);
INSERT INTO meal_food_items VALUES(606,9,3.0,'PIECE',NULL);
INSERT INTO meal_food_items VALUES(606,8,12.0,'GRAM',NULL);
INSERT INTO meal_food_items VALUES(606,26,12.0,'GRAM',NULL);
INSERT INTO meal_food_items VALUES(607,76,1.0,'CUP',NULL);
INSERT INTO meal_food_items VALUES(608,31,100.0,'GRAM',NULL);
INSERT INTO meal_food_items VALUES(608,10,120.0,'GRAM',NULL);
INSERT INTO meal_food_items VALUES(608,45,150.0,'GRAM',NULL);
INSERT INTO meal_food_items VALUES(608,32,50.0,'GRAM',NULL);
INSERT INTO meal_food_items VALUES(608,13,10.0,'GRAM',NULL);
INSERT INTO meal_food_items VALUES(609,67,240.0,'GRAM',NULL);
INSERT INTO meal_food_items VALUES(610,4,80.0,'GRAM',NULL);
INSERT INTO meal_food_items VALUES(610,3,80.0,'GRAM',NULL);
INSERT INTO meal_food_items VALUES(610,64,140.0,'GRAM',NULL);
INSERT INTO meal_food_items VALUES(610,30,100.0,'GRAM',NULL);
INSERT INTO meal_food_items VALUES(610,53,45.0,'GRAM',NULL);
INSERT INTO meal_food_items VALUES(610,21,50.0,'GRAM',NULL);
INSERT INTO meal_food_items VALUES(610,23,12.0,'GRAM',NULL);
INSERT INTO meal_food_items VALUES(611,67,240.0,'GRAM',NULL);
INSERT INTO meal_food_items VALUES(611,79,45.0,'GRAM',NULL);
INSERT INTO meal_food_items VALUES(611,65,50.0,'GRAM',NULL);
INSERT INTO meal_food_items VALUES(612,77,1.0,'GRAM',NULL);
INSERT INTO meal_food_items VALUES(612,69,10.0,'GRAM',NULL);
INSERT INTO meal_food_items VALUES(613,94,60.0,'GRAM',NULL);
INSERT INTO meal_food_items VALUES(613,19,80.0,'GRAM',NULL);
INSERT INTO meal_food_items VALUES(613,3,80.0,'GRAM',NULL);
INSERT INTO meal_food_items VALUES(613,4,80.0,'GRAM',NULL);
INSERT INTO meal_food_items VALUES(613,18,50.0,'GRAM',NULL);
INSERT INTO meal_food_items VALUES(613,20,40.0,'GRAM',NULL);
INSERT INTO meal_food_items VALUES(613,24,12.0,'GRAM',NULL);
INSERT INTO meal_food_items VALUES(614,76,1.0,'CUP',NULL);
INSERT INTO meal_food_items VALUES(615,10,120.0,'GRAM',NULL);
INSERT INTO meal_food_items VALUES(615,50,120.0,'GRAM',NULL);
INSERT INTO meal_food_items VALUES(615,45,180.0,'GRAM',NULL);
INSERT INTO meal_food_items VALUES(615,14,20.0,'GRAM',NULL);
INSERT INTO meal_food_items VALUES(615,15,20.0,'GRAM',NULL);
INSERT INTO meal_food_items VALUES(616,67,240.0,'GRAM',NULL);
INSERT INTO meal_food_items VALUES(617,3,80.0,'GRAM',NULL);
INSERT INTO meal_food_items VALUES(617,4,80.0,'GRAM',NULL);
INSERT INTO meal_food_items VALUES(617,64,120.0,'GRAM',NULL);
INSERT INTO meal_food_items VALUES(617,17,100.0,'GRAM',NULL);
INSERT INTO meal_food_items VALUES(617,41,100.0,'GRAM',NULL);
INSERT INTO meal_food_items VALUES(617,20,40.0,'GRAM',NULL);
INSERT INTO meal_food_items VALUES(617,21,45.0,'GRAM',NULL);
INSERT INTO meal_food_items VALUES(617,22,12.0,'GRAM',NULL);
INSERT INTO meal_food_items VALUES(617,25,12.0,'GRAM',NULL);
INSERT INTO meal_food_items VALUES(618,67,240.0,'GRAM',NULL);
INSERT INTO meal_food_items VALUES(618,79,45.0,'GRAM',NULL);
INSERT INTO meal_food_items VALUES(618,33,80.0,'GRAM',NULL);
INSERT INTO meal_food_items VALUES(618,13,14.0,'GRAM',NULL);
INSERT INTO meal_food_items VALUES(619,1,2.0,'PIECE',NULL);
INSERT INTO meal_food_items VALUES(619,2,2.0,'PIECE',NULL);
INSERT INTO meal_food_items VALUES(619,3,40.0,'GRAM',NULL);
INSERT INTO meal_food_items VALUES(619,6,40.0,'GRAM',NULL);
INSERT INTO meal_food_items VALUES(619,28,50.0,'GRAM',NULL);
INSERT INTO meal_food_items VALUES(619,39,1.0,'PIECE',NULL);
INSERT INTO meal_food_items VALUES(619,8,12.0,'GRAM',NULL);
INSERT INTO meal_food_items VALUES(619,26,12.0,'GRAM',NULL);
INSERT INTO meal_food_items VALUES(620,76,1.0,'CUP',NULL);
INSERT INTO meal_food_items VALUES(621,27,80.0,'GRAM',NULL);
INSERT INTO meal_food_items VALUES(621,4,80.0,'GRAM',NULL);
INSERT INTO meal_food_items VALUES(621,59,120.0,'GRAM',NULL);
INSERT INTO meal_food_items VALUES(621,3,20.0,'GRAM',NULL);
INSERT INTO meal_food_items VALUES(621,6,40.0,'GRAM',NULL);
INSERT INTO meal_food_items VALUES(621,28,50.0,'GRAM',NULL);
INSERT INTO meal_food_items VALUES(621,58,40.0,'GRAM',NULL);
INSERT INTO meal_food_items VALUES(622,67,240.0,'GRAM',NULL);
INSERT INTO meal_food_items VALUES(623,4,80.0,'GRAM',NULL);
INSERT INTO meal_food_items VALUES(623,3,80.0,'GRAM',NULL);
INSERT INTO meal_food_items VALUES(623,64,120.0,'GRAM',NULL);
INSERT INTO meal_food_items VALUES(623,19,100.0,'GRAM',NULL);
INSERT INTO meal_food_items VALUES(623,18,80.0,'GRAM',NULL);
INSERT INTO meal_food_items VALUES(623,5,40.0,'GRAM',NULL);
INSERT INTO meal_food_items VALUES(623,47,55.0,'GRAM',NULL);
INSERT INTO meal_food_items VALUES(623,22,12.0,'GRAM',NULL);
INSERT INTO meal_food_items VALUES(623,49,12.0,'GRAM',NULL);
INSERT INTO meal_food_items VALUES(624,67,240.0,'GRAM',NULL);
INSERT INTO meal_food_items VALUES(624,79,45.0,'GRAM',NULL);
INSERT INTO meal_food_items VALUES(625,1,2.0,'PIECE',NULL);
INSERT INTO meal_food_items VALUES(625,2,2.0,'PIECE',NULL);
INSERT INTO meal_food_items VALUES(625,3,60.0,'GRAM',NULL);
INSERT INTO meal_food_items VALUES(625,4,60.0,'GRAM',NULL);
INSERT INTO meal_food_items VALUES(625,6,40.0,'GRAM',NULL);
INSERT INTO meal_food_items VALUES(625,95,20.0,'GRAM',NULL);
INSERT INTO meal_food_items VALUES(625,96,30.0,'GRAM',NULL);
INSERT INTO meal_food_items VALUES(625,9,4.0,'PIECE',NULL);
INSERT INTO meal_food_items VALUES(625,26,12.0,'GRAM',NULL);
INSERT INTO meal_food_items VALUES(626,76,1.0,'CUP',NULL);
INSERT INTO meal_food_items VALUES(627,39,1.0,'PIECE',NULL);
INSERT INTO meal_food_items VALUES(627,31,80.0,'GRAM',NULL);
INSERT INTO meal_food_items VALUES(627,33,80.0,'GRAM',NULL);
INSERT INTO meal_food_items VALUES(627,34,40.0,'GRAM',NULL);
INSERT INTO meal_food_items VALUES(627,8,8.0,'GRAM',NULL);
INSERT INTO meal_food_items VALUES(627,85,10.0,'GRAM',NULL);
INSERT INTO meal_food_items VALUES(628,67,240.0,'GRAM',NULL);
INSERT INTO meal_food_items VALUES(629,3,80.0,'GRAM',NULL);
INSERT INTO meal_food_items VALUES(629,4,80.0,'GRAM',NULL);
INSERT INTO meal_food_items VALUES(629,27,100.0,'GRAM',NULL);
INSERT INTO meal_food_items VALUES(629,101,120.0,'GRAM',NULL);
INSERT INTO meal_food_items VALUES(629,5,40.0,'GRAM',NULL);
INSERT INTO meal_food_items VALUES(629,21,50.0,'GRAM',NULL);
INSERT INTO meal_food_items VALUES(629,23,12.0,'GRAM',NULL);
INSERT INTO meal_food_items VALUES(630,67,360.0,'GRAM',NULL);
INSERT INTO meal_food_items VALUES(630,79,45.0,'GRAM',NULL);
INSERT INTO meal_food_items VALUES(630,65,50.0,'GRAM',NULL);
INSERT INTO meal_food_items VALUES(631,3,80.0,'GRAM',NULL);
INSERT INTO meal_food_items VALUES(631,4,80.0,'GRAM',NULL);
INSERT INTO meal_food_items VALUES(631,27,80.0,'GRAM',NULL);
INSERT INTO meal_food_items VALUES(631,6,40.0,'GRAM',NULL);
INSERT INTO meal_food_items VALUES(631,28,50.0,'GRAM',NULL);
INSERT INTO meal_food_items VALUES(631,8,10.0,'GRAM',NULL);
INSERT INTO meal_food_items VALUES(631,39,2.0,'PIECE',NULL);
INSERT INTO meal_food_items VALUES(631,26,12.0,'GRAM',NULL);
INSERT INTO meal_food_items VALUES(632,76,1.0,'CUP',NULL);
INSERT INTO meal_food_items VALUES(633,10,120.0,'GRAM',NULL);
INSERT INTO meal_food_items VALUES(633,46,140.0,'GRAM',NULL);
INSERT INTO meal_food_items VALUES(633,45,140.0,'GRAM',NULL);
INSERT INTO meal_food_items VALUES(634,67,240.0,'GRAM',NULL);
INSERT INTO meal_food_items VALUES(635,3,80.0,'GRAM',NULL);
INSERT INTO meal_food_items VALUES(635,4,80.0,'GRAM',NULL);
INSERT INTO meal_food_items VALUES(635,64,140.0,'GRAM',NULL);
INSERT INTO meal_food_items VALUES(635,41,100.0,'GRAM',NULL);
INSERT INTO meal_food_items VALUES(635,18,80.0,'GRAM',NULL);
INSERT INTO meal_food_items VALUES(635,6,40.0,'GRAM',NULL);
INSERT INTO meal_food_items VALUES(635,20,40.0,'GRAM',NULL);
INSERT INTO meal_food_items VALUES(635,47,55.0,'GRAM',NULL);
INSERT INTO meal_food_items VALUES(635,22,12.0,'GRAM',NULL);
INSERT INTO meal_food_items VALUES(636,98,25.0,'GRAM',NULL);
INSERT INTO meal_food_items VALUES(636,97,140.0,'GRAM',NULL);
INSERT INTO meal_food_items VALUES(636,99,120.0,'GRAM',NULL);
INSERT INTO meal_food_items VALUES(636,13,20.0,'GRAM',NULL);
INSERT INTO meal_food_items VALUES(636,14,20.0,'GRAM',NULL);
INSERT INTO meal_food_items VALUES(636,16,14.0,'GRAM',NULL);
INSERT INTO meal_food_items VALUES(637,100,60.0,'GRAM',NULL);
INSERT INTO meal_food_items VALUES(637,1,2.0,'PIECE',NULL);
INSERT INTO meal_food_items VALUES(637,2,2.0,'PIECE',NULL);
INSERT INTO meal_food_items VALUES(637,4,50.0,'GRAM',NULL);
INSERT INTO meal_food_items VALUES(637,3,50.0,'GRAM',NULL);
INSERT INTO meal_food_items VALUES(637,5,50.0,'GRAM',NULL);
INSERT INTO meal_food_items VALUES(637,57,50.0,'GRAM',NULL);
INSERT INTO meal_food_items VALUES(637,8,12.0,'GRAM',NULL);
INSERT INTO meal_food_items VALUES(637,26,12.0,'GRAM',NULL);
INSERT INTO meal_food_items VALUES(638,76,1.0,'CUP',NULL);
INSERT INTO meal_food_items VALUES(639,10,120.0,'GRAM',NULL);
INSERT INTO meal_food_items VALUES(639,45,200.0,'GRAM',NULL);
INSERT INTO meal_food_items VALUES(639,33,80.0,'GRAM',NULL);
INSERT INTO meal_food_items VALUES(639,65,80.0,'GRAM',NULL);
INSERT INTO meal_food_items VALUES(640,67,240.0,'GRAM',NULL);
INSERT INTO meal_food_items VALUES(641,3,80.0,'GRAM',NULL);
INSERT INTO meal_food_items VALUES(641,4,80.0,'GRAM',NULL);
INSERT INTO meal_food_items VALUES(641,27,80.0,'GRAM',NULL);
INSERT INTO meal_food_items VALUES(641,30,120.0,'GRAM',NULL);
INSERT INTO meal_food_items VALUES(641,20,50.0,'GRAM',NULL);
INSERT INTO meal_food_items VALUES(641,55,45.0,'GRAM',NULL);
INSERT INTO meal_food_items VALUES(641,21,45.0,'GRAM',NULL);
INSERT INTO meal_food_items VALUES(641,23,12.0,'GRAM',NULL);
INSERT INTO meal_food_items VALUES(642,103,50.0,'GRAM',NULL);
INSERT INTO meal_food_items VALUES(642,19,100.0,'GRAM',NULL);
INSERT INTO meal_food_items VALUES(642,4,80.0,'GRAM',NULL);
INSERT INTO meal_food_items VALUES(642,3,80.0,'GRAM',NULL);
INSERT INTO meal_food_items VALUES(642,59,100.0,'GRAM',NULL);
INSERT INTO meal_food_items VALUES(642,6,40.0,'GRAM',NULL);
INSERT INTO meal_food_items VALUES(642,8,12.0,'GRAM',NULL);
INSERT INTO meal_food_items VALUES(643,76,1.0,'CUP',NULL);
INSERT INTO meal_food_items VALUES(644,10,120.0,'GRAM',NULL);
INSERT INTO meal_food_items VALUES(644,50,120.0,'GRAM',NULL);
INSERT INTO meal_food_items VALUES(644,46,140.0,'GRAM',NULL);
INSERT INTO meal_food_items VALUES(644,13,20.0,'GRAM',NULL);
INSERT INTO meal_food_items VALUES(644,32,40.0,'GRAM',NULL);
INSERT INTO meal_food_items VALUES(645,67,240.0,'GRAM',NULL);
INSERT INTO meal_food_items VALUES(646,4,80.0,'GRAM',NULL);
INSERT INTO meal_food_items VALUES(646,3,80.0,'GRAM',NULL);
INSERT INTO meal_food_items VALUES(646,27,100.0,'GRAM',NULL);
INSERT INTO meal_food_items VALUES(646,17,80.0,'GRAM',NULL);
INSERT INTO meal_food_items VALUES(646,41,80.0,'GRAM',NULL);
INSERT INTO meal_food_items VALUES(646,5,40.0,'GRAM',NULL);
INSERT INTO meal_food_items VALUES(646,1,2.0,'PIECE',NULL);
INSERT INTO meal_food_items VALUES(646,21,45.0,'GRAM',NULL);
INSERT INTO meal_food_items VALUES(646,22,12.0,'GRAM',NULL);
INSERT INTO meal_food_items VALUES(646,102,15.0,'GRAM',NULL);
INSERT INTO meal_food_items VALUES(646,25,12.0,'GRAM',NULL);
INSERT INTO meal_food_items VALUES(647,27,80.0,'GRAM',NULL);
INSERT INTO meal_food_items VALUES(647,4,80.0,'GRAM',NULL);
INSERT INTO meal_food_items VALUES(647,3,80.0,'GRAM',NULL);
INSERT INTO meal_food_items VALUES(647,5,40.0,'GRAM',NULL);
INSERT INTO meal_food_items VALUES(647,7,30.0,'GRAM',NULL);
INSERT INTO meal_food_items VALUES(647,8,12.0,'GRAM',NULL);
INSERT INTO meal_food_items VALUES(647,9,2.0,'PIECE',NULL);
INSERT INTO meal_food_items VALUES(647,26,12.0,'GRAM',NULL);
INSERT INTO meal_food_items VALUES(648,76,1.0,'CUP',NULL);
INSERT INTO meal_food_items VALUES(649,10,100.0,'GRAM',NULL);
INSERT INTO meal_food_items VALUES(649,50,100.0,'GRAM',NULL);
INSERT INTO meal_food_items VALUES(649,45,180.0,'GRAM',NULL);
INSERT INTO meal_food_items VALUES(650,67,240.0,'GRAM',NULL);
INSERT INTO meal_food_items VALUES(651,4,80.0,'GRAM',NULL);
INSERT INTO meal_food_items VALUES(651,3,80.0,'GRAM',NULL);
INSERT INTO meal_food_items VALUES(651,19,120.0,'GRAM',NULL);
INSERT INTO meal_food_items VALUES(651,101,120.0,'GRAM',NULL);
INSERT INTO meal_food_items VALUES(651,5,40.0,'GRAM',NULL);
INSERT INTO meal_food_items VALUES(651,23,12.0,'GRAM',NULL);
INSERT INTO meal_food_items VALUES(651,21,45.0,'GRAM',NULL);
INSERT INTO meal_food_items VALUES(651,36,40.0,'GRAM',NULL);
INSERT INTO meal_food_items VALUES(651,88,20.0,'GRAM',NULL);
INSERT INTO meal_food_items VALUES(652,4,0.8000000000000000444,'GRAM',NULL);
INSERT INTO meal_food_items VALUES(652,107,1.78571428571428581,'GRAM',NULL);
INSERT INTO meal_food_items VALUES(652,3,1.0,'GRAM',NULL);
INSERT INTO meal_food_items VALUES(107,10,81.0,'GRAM',NULL);
INSERT INTO meal_food_items VALUES(109,67,240.0,'ML',NULL);
INSERT INTO meal_food_items VALUES(109,65,80.0,'GRAM',NULL);
CREATE TABLE room_master_table (id INTEGER PRIMARY KEY,identity_hash TEXT);
INSERT INTO room_master_table VALUES(42,'d5bc90579c0796eafafc3b955f73bb8b');
CREATE TABLE users (
                    id INTEGER PRIMARY KEY AUTOINCREMENT NOT NULL,
                    email TEXT NOT NULL,
                    passwordHash TEXT NOT NULL,
                    displayName TEXT,
                    photoUrl TEXT,
                    age INTEGER,
                    contact TEXT,
                    createdAt INTEGER NOT NULL,
                    updatedAt INTEGER NOT NULL
                , weightKg REAL DEFAULT NULL, heightCm REAL DEFAULT NULL, gender TEXT DEFAULT NULL, activityLevel TEXT DEFAULT NULL, targetCalories INTEGER DEFAULT NULL, goalType TEXT DEFAULT NULL);
INSERT INTO users VALUES(1,'pulins412@gmail.com','b73846dd535927acb39ffca85c45f41197d0380b1477e3448a041b9b94a222b1','Pulin',NULL,37,NULL,1771601453765,1772446041032,65.0,180.0,'MALE','VERY_ACTIVE',2800,'MAINTAIN');
INSERT INTO users VALUES(2,'rajni@gmail.com','8d969eef6ecad3c29a3a629280e686cf0c3f5d5a86aff3ca12020c923adc6c92','rajni',NULL,NULL,NULL,1771763552345,1771763552345,NULL,NULL,NULL,NULL,NULL,NULL);
INSERT INTO users VALUES(3,'pulin4122001@gmail.com','','Pulin Sharma','https://lh3.googleusercontent.com/a/ACg8ocJgFrdXsGJDOZI-e2SWw6uWBTlgviyhk9UogHqkyVI8wyAmPq4=s96-c',NULL,NULL,1772265711893,1772375493898,NULL,NULL,NULL,NULL,2500,NULL);
CREATE TABLE tags (
                    id INTEGER PRIMARY KEY AUTOINCREMENT NOT NULL,
                    userId INTEGER NOT NULL,
                    name TEXT NOT NULL,
                    createdAt INTEGER NOT NULL, color TEXT DEFAULT NULL,
                    FOREIGN KEY(userId) REFERENCES users(id) ON DELETE CASCADE
                );
INSERT INTO tags VALUES(1,1,'Remission',1771601453788,NULL);
INSERT INTO tags VALUES(2,1,'Maintenance',1771601453789,NULL);
INSERT INTO tags VALUES(3,1,'SOS',1771601453790,NULL);
INSERT INTO tags VALUES(4,2,'Remission',1771763552379,NULL);
INSERT INTO tags VALUES(5,2,'Maintenance',1771763552384,NULL);
INSERT INTO tags VALUES(6,2,'SOS',1771763552386,NULL);
INSERT INTO tags VALUES(7,1,'Chicken',1772181673063,'#E91E63');
INSERT INTO tags VALUES(8,3,'Remission',1772265711906,NULL);
INSERT INTO tags VALUES(9,3,'Maintenance',1772265711915,NULL);
INSERT INTO tags VALUES(10,3,'SOS',1772265711919,NULL);
INSERT INTO tags VALUES(11,1,'bf-diff',1772649857585,'#4CAF50');
INSERT INTO tags VALUES(12,1,'test',1773848767945,NULL);
CREATE TABLE diet_tags (
                    dietId INTEGER NOT NULL,
                    tagId INTEGER NOT NULL,
                    PRIMARY KEY(dietId, tagId),
                    FOREIGN KEY(dietId) REFERENCES diets(id) ON DELETE CASCADE,
                    FOREIGN KEY(tagId) REFERENCES tags(id) ON DELETE CASCADE
                );
INSERT INTO diet_tags VALUES(1,1);
INSERT INTO diet_tags VALUES(3,1);
INSERT INTO diet_tags VALUES(4,1);
INSERT INTO diet_tags VALUES(6,1);
INSERT INTO diet_tags VALUES(7,1);
INSERT INTO diet_tags VALUES(10,1);
INSERT INTO diet_tags VALUES(16,1);
INSERT INTO diet_tags VALUES(17,1);
INSERT INTO diet_tags VALUES(21,2);
INSERT INTO diet_tags VALUES(22,2);
INSERT INTO diet_tags VALUES(24,2);
INSERT INTO diet_tags VALUES(27,2);
INSERT INTO diet_tags VALUES(34,2);
INSERT INTO diet_tags VALUES(36,2);
INSERT INTO diet_tags VALUES(39,4);
INSERT INTO diet_tags VALUES(40,4);
INSERT INTO diet_tags VALUES(41,4);
INSERT INTO diet_tags VALUES(42,4);
INSERT INTO diet_tags VALUES(43,4);
INSERT INTO diet_tags VALUES(44,4);
INSERT INTO diet_tags VALUES(45,4);
INSERT INTO diet_tags VALUES(46,4);
INSERT INTO diet_tags VALUES(47,4);
INSERT INTO diet_tags VALUES(48,4);
INSERT INTO diet_tags VALUES(49,4);
INSERT INTO diet_tags VALUES(50,4);
INSERT INTO diet_tags VALUES(51,4);
INSERT INTO diet_tags VALUES(52,4);
INSERT INTO diet_tags VALUES(53,4);
INSERT INTO diet_tags VALUES(54,4);
INSERT INTO diet_tags VALUES(55,4);
INSERT INTO diet_tags VALUES(56,5);
INSERT INTO diet_tags VALUES(57,5);
INSERT INTO diet_tags VALUES(58,5);
INSERT INTO diet_tags VALUES(59,5);
INSERT INTO diet_tags VALUES(60,5);
INSERT INTO diet_tags VALUES(61,5);
INSERT INTO diet_tags VALUES(62,5);
INSERT INTO diet_tags VALUES(63,5);
INSERT INTO diet_tags VALUES(64,5);
INSERT INTO diet_tags VALUES(65,5);
INSERT INTO diet_tags VALUES(66,5);
INSERT INTO diet_tags VALUES(67,5);
INSERT INTO diet_tags VALUES(68,5);
INSERT INTO diet_tags VALUES(69,5);
INSERT INTO diet_tags VALUES(70,5);
INSERT INTO diet_tags VALUES(71,5);
INSERT INTO diet_tags VALUES(72,5);
INSERT INTO diet_tags VALUES(73,5);
INSERT INTO diet_tags VALUES(74,5);
INSERT INTO diet_tags VALUES(75,6);
INSERT INTO diet_tags VALUES(76,6);
INSERT INTO diet_tags VALUES(25,2);
INSERT INTO diet_tags VALUES(25,7);
INSERT INTO diet_tags VALUES(12,1);
INSERT INTO diet_tags VALUES(12,7);
INSERT INTO diet_tags VALUES(14,1);
INSERT INTO diet_tags VALUES(14,7);
INSERT INTO diet_tags VALUES(11,1);
INSERT INTO diet_tags VALUES(11,7);
INSERT INTO diet_tags VALUES(29,2);
INSERT INTO diet_tags VALUES(77,8);
INSERT INTO diet_tags VALUES(78,8);
INSERT INTO diet_tags VALUES(79,8);
INSERT INTO diet_tags VALUES(80,8);
INSERT INTO diet_tags VALUES(81,8);
INSERT INTO diet_tags VALUES(82,8);
INSERT INTO diet_tags VALUES(83,8);
INSERT INTO diet_tags VALUES(84,8);
INSERT INTO diet_tags VALUES(85,8);
INSERT INTO diet_tags VALUES(86,8);
INSERT INTO diet_tags VALUES(87,8);
INSERT INTO diet_tags VALUES(88,8);
INSERT INTO diet_tags VALUES(89,8);
INSERT INTO diet_tags VALUES(90,8);
INSERT INTO diet_tags VALUES(91,8);
INSERT INTO diet_tags VALUES(92,8);
INSERT INTO diet_tags VALUES(93,8);
INSERT INTO diet_tags VALUES(94,9);
INSERT INTO diet_tags VALUES(95,9);
INSERT INTO diet_tags VALUES(96,9);
INSERT INTO diet_tags VALUES(97,9);
INSERT INTO diet_tags VALUES(98,9);
INSERT INTO diet_tags VALUES(99,9);
INSERT INTO diet_tags VALUES(100,9);
INSERT INTO diet_tags VALUES(101,9);
INSERT INTO diet_tags VALUES(102,9);
INSERT INTO diet_tags VALUES(103,9);
INSERT INTO diet_tags VALUES(104,9);
INSERT INTO diet_tags VALUES(105,9);
INSERT INTO diet_tags VALUES(106,9);
INSERT INTO diet_tags VALUES(107,9);
INSERT INTO diet_tags VALUES(108,9);
INSERT INTO diet_tags VALUES(109,9);
INSERT INTO diet_tags VALUES(110,9);
INSERT INTO diet_tags VALUES(111,9);
INSERT INTO diet_tags VALUES(112,9);
INSERT INTO diet_tags VALUES(113,10);
INSERT INTO diet_tags VALUES(114,10);
INSERT INTO diet_tags VALUES(31,2);
INSERT INTO diet_tags VALUES(31,7);
INSERT INTO diet_tags VALUES(28,2);
INSERT INTO diet_tags VALUES(28,7);
INSERT INTO diet_tags VALUES(33,2);
INSERT INTO diet_tags VALUES(33,7);
INSERT INTO diet_tags VALUES(35,2);
INSERT INTO diet_tags VALUES(35,7);
INSERT INTO diet_tags VALUES(38,3);
INSERT INTO diet_tags VALUES(38,2);
INSERT INTO diet_tags VALUES(2,1);
INSERT INTO diet_tags VALUES(2,11);
INSERT INTO diet_tags VALUES(5,1);
INSERT INTO diet_tags VALUES(5,11);
INSERT INTO diet_tags VALUES(8,1);
INSERT INTO diet_tags VALUES(8,11);
INSERT INTO diet_tags VALUES(9,1);
INSERT INTO diet_tags VALUES(9,11);
INSERT INTO diet_tags VALUES(13,1);
INSERT INTO diet_tags VALUES(13,7);
INSERT INTO diet_tags VALUES(13,11);
INSERT INTO diet_tags VALUES(15,1);
INSERT INTO diet_tags VALUES(15,11);
INSERT INTO diet_tags VALUES(19,2);
INSERT INTO diet_tags VALUES(19,11);
INSERT INTO diet_tags VALUES(23,2);
INSERT INTO diet_tags VALUES(23,11);
INSERT INTO diet_tags VALUES(26,2);
INSERT INTO diet_tags VALUES(26,7);
INSERT INTO diet_tags VALUES(26,11);
INSERT INTO diet_tags VALUES(30,2);
INSERT INTO diet_tags VALUES(30,11);
INSERT INTO diet_tags VALUES(32,2);
INSERT INTO diet_tags VALUES(32,7);
INSERT INTO diet_tags VALUES(32,11);
INSERT INTO diet_tags VALUES(37,2);
INSERT INTO diet_tags VALUES(37,3);
INSERT INTO diet_tags VALUES(37,11);
INSERT INTO diet_tags VALUES(18,2);
INSERT INTO diet_tags VALUES(18,7);
INSERT INTO diet_tags VALUES(20,2);
INSERT INTO diet_tags VALUES(20,11);
CREATE TABLE IF NOT EXISTS "diets" (
                    id INTEGER PRIMARY KEY AUTOINCREMENT NOT NULL,
                    userId INTEGER NOT NULL,
                    name TEXT NOT NULL,
                    description TEXT,
                    createdAt INTEGER NOT NULL, isSystemDiet INTEGER NOT NULL DEFAULT 0, serverId TEXT, updatedAt INTEGER NOT NULL DEFAULT 0, syncedAt INTEGER, isFavourite INTEGER NOT NULL DEFAULT 0,
                    FOREIGN KEY(userId) REFERENCES users(id) ON DELETE CASCADE
                );
INSERT INTO diets VALUES(1,1,'Diet-1','Mix Veg Omelet, Fruit Bowl, Broccoli Fried Rice',1771601453873,0,NULL,0,NULL,0);
INSERT INTO diets VALUES(2,1,'Diet-2','Paneer Corn Stir Fry, Fruit Bowl, Tofu Fried Rice',1771601453937,0,NULL,0,NULL,0);
INSERT INTO diets VALUES(3,1,'Diet-3','Potato Egg Bhurji, Peanut Butter Banana, Mix Veg Roti',1771601453995,0,NULL,0,NULL,0);
INSERT INTO diets VALUES(4,1,'Diet-4','Mix Veg Omelet Wrap, Fruit Bowl, Paneer Cauliflower Fried Rice',1771601454046,0,NULL,0,NULL,0);
INSERT INTO diets VALUES(5,1,'Diet-5','Chickpea Stir Fry, Fruit Bowl, Egg Fried Pasta',1771601454098,0,NULL,0,NULL,0);
INSERT INTO diets VALUES(6,1,'Diet-6','Paneer Bhurji Wrap, Fruit Bowl, Tofu Fried Rice',1771601454154,0,NULL,0,NULL,0);
INSERT INTO diets VALUES(7,1,'Diet-7','Mix Veg Cheese Omelet, Fruit Bowl, Paneer Moong Dal Rice',1771601454205,0,NULL,0,NULL,0);
INSERT INTO diets VALUES(8,1,'Diet-8','Tofu Mix Veg Salad, Fruit Bowl, Potato Mushroom Pasta',1771601454255,0,NULL,0,NULL,0);
INSERT INTO diets VALUES(9,1,'Diet-9','Egg Parantha, Fruit Bowl, Paneer Lauki Chana Dal Rice',1771601454305,0,NULL,0,NULL,0);
INSERT INTO diets VALUES(10,1,'Diet-10','Onion Avocado Omelet, PB Apple Sandwich, Paneer Broccoli Spaghetti',1771601454360,0,NULL,0,NULL,0);
INSERT INTO diets VALUES(11,1,'Diet-11','Paneer Mix Veg Wrap, Fruit Bowl, Roasted Chicken Dal Chawal',1771601454422,0,NULL,0,NULL,0);
INSERT INTO diets VALUES(12,1,'Diet-12','Mix Veg Omelet Sandwich, Fruit Bowl, Chicken Potato Stir Fry',1771601454482,0,NULL,0,NULL,0);
INSERT INTO diets VALUES(13,1,'Diet-13','Mix Veg Besan Cheela, Veg Salad, Potato Chickpea Fried Rice',1771601454536,0,NULL,0,NULL,0);
INSERT INTO diets VALUES(14,1,'Diet-14','Mix Veg Omelet, Paneer Stir Fry Wrap, Chicken Broccoli Fried Rice',1771601454595,0,NULL,0,NULL,0);
INSERT INTO diets VALUES(15,1,'Diet-15','Paneer Besan Cheela, Black Chickpea Chaat, Aloo Bhindi Roti',1771601454667,0,NULL,0,NULL,0);
INSERT INTO diets VALUES(16,1,'Diet-16','Mix Veg Omelet, Paneer Mix Veg Salad, Gobi Green Moong Dal Rice',1771601454729,0,NULL,0,NULL,0);
INSERT INTO diets VALUES(17,1,'Diet-17','Paneer Stir Fry Tortilla, PB Sandwich, Egg Fried Rice',1771601454792,0,NULL,0,NULL,0);
INSERT INTO diets VALUES(18,1,'Diet-M1','Mix Veg Paneer Egg Bhurji, Mix Fruit Bowl, Chicken Stir Fry',1771601454844,0,NULL,0,NULL,0);
INSERT INTO diets VALUES(19,1,'Diet-M2','Mashed Potato Sandwiches, Overnight Oats Pudding, Paneer Broccoli Fried Rice',1771601454915,0,NULL,0,NULL,0);
INSERT INTO diets VALUES(20,1,'Diet-M3','Zucchini Besan Chilla, Peanut Butter Tortilla Wrap, Paneer Mix Veg Pasta',1771601454988,0,NULL,0,NULL,0);
INSERT INTO diets VALUES(21,1,'Diet-M4','Mix Veg Omelet, Fruit Bowl, Paneer Potato Fried Rice',1771601455053,0,NULL,0,NULL,0);
INSERT INTO diets VALUES(22,1,'Diet-M5','Paneer Bhurji Tortilla Wrap, Fruit Bowl, Zucchini Chana Dal Rice Roti',1771601455121,0,NULL,0,NULL,0);
INSERT INTO diets VALUES(23,1,'Diet-M6','Mashed Potato Avocado Sandwich, Oatmeal Chia Pudding, Paneer Veggie Pasta',1771601455187,0,NULL,0,NULL,0);
INSERT INTO diets VALUES(24,1,'Diet-M7','Egg Cheese Wrap, Mix Fruit Salad, Paneer Aalo Fried Rice',1771601455254,0,NULL,0,NULL,0);
INSERT INTO diets VALUES(25,1,'Diet-M8','Egg Veg Bhurji, Paneer Salad Bowl, Chicken Veggie Fried Rice',1771601455317,0,NULL,0,NULL,0);
INSERT INTO diets VALUES(26,1,'Diet-M9','Paneer Bhurji Besan Cheela, Mix Fruit Salad, Chicken Potato Pasta',1771601455372,0,NULL,0,NULL,0);
INSERT INTO diets VALUES(27,1,'Diet-M10','Avocado Omelet BB Toast, Mix Fruit Salad, Paneer Mix Veg Stir Fry',1771601455433,0,NULL,0,NULL,0);
INSERT INTO diets VALUES(28,1,'Diet-M11','Paneer Bhurji Tortilla Wrap, Mix Fruit Salad, Chicken Cabbage Roti',1771601455497,0,NULL,0,NULL,0);
INSERT INTO diets VALUES(29,1,'Diet-M12','Paneer Bhurji Sandwich, Chickpea Stir Fry, Spinach Mushroom Curry Rice',1771601455557,0,NULL,0,NULL,0);
INSERT INTO diets VALUES(30,1,'Diet-M13','Mix Veg Paneer Besan Chilla, Peanut Butter Banana Sandwich, Aalo Soya Veg Roti',1771601455628,0,NULL,0,NULL,0);
INSERT INTO diets VALUES(31,1,'Diet-M14','3 Layer Egg Sandwich, Mix Fruit Salad Bowl, Chicken Mix Veg Moong Dal Rice',1771601455683,0,NULL,0,NULL,0);
INSERT INTO diets VALUES(32,1,'Diet-M15','Masala Veggie Poha, Mix Fruit Salad Bowl, Chicken Broccoli Fried Rice',1771601455740,0,NULL,0,NULL,0);
INSERT INTO diets VALUES(33,1,'Diet-M16','Mix Veg Omelet Tortilla Wrap, Paneer Lettuce Salad Bowl, Chicken Mix Veg Stir Fry Pasta',1771601455801,0,NULL,0,NULL,0);
INSERT INTO diets VALUES(34,1,'Diet-M17','Boiled Egg Sandwiches, Banana Peanut Butter Tortilla, Paneer Rajma Fried Rice',1771601455861,0,NULL,0,NULL,0);
INSERT INTO diets VALUES(35,1,'Diet-M18','Paneer Bhurji Tortilla Wrap, Mix Fruit Salad, Chicken Mix Veg Pasta',1771601455905,0,NULL,0,NULL,0);
INSERT INTO diets VALUES(36,1,'Diet-M19','Omelet Sourdough Bread Toasts, Mix Fruit Salad, Paneer Zucchini Chana Dal Rice',1771601455956,0,NULL,0,NULL,0);
INSERT INTO diets VALUES(37,1,'Diet-M20','Chickpea Potato Chaat (SOS), Mix Fruit Salad, Mix Egg Fried Rice',1771601456010,0,NULL,0,NULL,0);
INSERT INTO diets VALUES(38,1,'Diet-M21','Paneer Bhurji BB Toast (SOS), Mix Fruit Salad, Rajma Rice Jeera Aalo Roti',1771601456057,0,NULL,0,NULL,0);
INSERT INTO diets VALUES(39,2,'Diet-1','Mix Veg Omelet, Fruit Bowl, Broccoli Fried Rice',1771763552514,0,NULL,0,NULL,0);
INSERT INTO diets VALUES(40,2,'Diet-2','Paneer Corn Stir Fry, Fruit Bowl, Tofu Fried Rice',1771763552616,0,NULL,0,NULL,0);
INSERT INTO diets VALUES(41,2,'Diet-3','Potato Egg Bhurji, Peanut Butter Banana, Mix Veg Roti',1771763552673,0,NULL,0,NULL,0);
INSERT INTO diets VALUES(42,2,'Diet-4','Mix Veg Omelet Wrap, Fruit Bowl, Paneer Cauliflower Fried Rice',1771763552742,0,NULL,0,NULL,0);
INSERT INTO diets VALUES(43,2,'Diet-5','Chickpea Stir Fry, Fruit Bowl, Egg Fried Pasta',1771763552821,0,NULL,0,NULL,0);
INSERT INTO diets VALUES(44,2,'Diet-6','Paneer Bhurji Wrap, Fruit Bowl, Tofu Fried Rice',1771763552899,0,NULL,0,NULL,0);
INSERT INTO diets VALUES(45,2,'Diet-7','Mix Veg Cheese Omelet, Fruit Bowl, Paneer Moong Dal Rice',1771763552964,0,NULL,0,NULL,0);
INSERT INTO diets VALUES(46,2,'Diet-8','Tofu Mix Veg Salad, Fruit Bowl, Potato Mushroom Pasta',1771763553039,0,NULL,0,NULL,0);
INSERT INTO diets VALUES(47,2,'Diet-9','Egg Parantha, Fruit Bowl, Paneer Lauki Chana Dal Rice',1771763553103,0,NULL,0,NULL,0);
INSERT INTO diets VALUES(48,2,'Diet-10','Onion Avocado Omelet, PB Apple Sandwich, Paneer Broccoli Spaghetti',1771763553165,0,NULL,0,NULL,0);
INSERT INTO diets VALUES(49,2,'Diet-11','Paneer Mix Veg Wrap, Fruit Bowl, Roasted Chicken Dal Chawal',1771763553239,0,NULL,0,NULL,0);
INSERT INTO diets VALUES(50,2,'Diet-12','Mix Veg Omelet Sandwich, Fruit Bowl, Chicken Potato Stir Fry',1771763553310,0,NULL,0,NULL,0);
INSERT INTO diets VALUES(51,2,'Diet-13','Mix Veg Besan Cheela, Veg Salad, Potato Chickpea Fried Rice',1771763553384,0,NULL,0,NULL,0);
INSERT INTO diets VALUES(52,2,'Diet-14','Mix Veg Omelet, Paneer Stir Fry Wrap, Chicken Broccoli Fried Rice',1771763553447,0,NULL,0,NULL,0);
INSERT INTO diets VALUES(53,2,'Diet-15','Paneer Besan Cheela, Black Chickpea Chaat, Aloo Bhindi Roti',1771763553514,0,NULL,0,NULL,0);
INSERT INTO diets VALUES(54,2,'Diet-16','Mix Veg Omelet, Paneer Mix Veg Salad, Gobi Green Moong Dal Rice',1771763553597,0,NULL,0,NULL,0);
INSERT INTO diets VALUES(55,2,'Diet-17','Paneer Stir Fry Tortilla, PB Sandwich, Egg Fried Rice',1771763553667,0,NULL,0,NULL,0);
INSERT INTO diets VALUES(56,2,'Diet-M1','Mix Veg Paneer Egg Bhurji, Mix Fruit Bowl, Chicken Stir Fry',1771763553734,0,NULL,0,NULL,0);
INSERT INTO diets VALUES(57,2,'Diet-M2','Mashed Potato Sandwiches, Overnight Oats Pudding, Paneer Broccoli Fried Rice',1771763553824,0,NULL,0,NULL,0);
INSERT INTO diets VALUES(58,2,'Diet-M3','Zucchini Besan Chilla, Peanut Butter Tortilla Wrap, Paneer Mix Veg Pasta',1771763553916,0,NULL,0,NULL,0);
INSERT INTO diets VALUES(59,2,'Diet-M4','Mix Veg Omelet, Fruit Bowl, Paneer Potato Fried Rice',1771763553987,0,NULL,0,NULL,0);
INSERT INTO diets VALUES(60,2,'Diet-M5','Paneer Bhurji Tortilla Wrap, Fruit Bowl, Zucchini Chana Dal Rice Roti',1771763554074,0,NULL,0,NULL,0);
INSERT INTO diets VALUES(61,2,'Diet-M6','Mashed Potato Avocado Sandwich, Oatmeal Chia Pudding, Paneer Veggie Pasta',1771763554158,0,NULL,0,NULL,0);
INSERT INTO diets VALUES(62,2,'Diet-M7','Egg Cheese Wrap, Mix Fruit Salad, Paneer Aalo Fried Rice',1771763554240,0,NULL,0,NULL,0);
INSERT INTO diets VALUES(63,2,'Diet-M8','Egg Veg Bhurji, Paneer Salad Bowl, Chicken Veggie Fried Rice',1771763554331,0,NULL,0,NULL,0);
INSERT INTO diets VALUES(64,2,'Diet-M9','Paneer Bhurji Besan Cheela, Mix Fruit Salad, Chicken Potato Pasta',1771763554405,0,NULL,0,NULL,0);
INSERT INTO diets VALUES(65,2,'Diet-M10','Avocado Omelet BB Toast, Mix Fruit Salad, Paneer Mix Veg Stir Fry',1771763554465,0,NULL,0,NULL,0);
INSERT INTO diets VALUES(66,2,'Diet-M11','Paneer Bhurji Tortilla Wrap, Mix Fruit Salad, Chicken Cabbage Roti',1771763554535,0,NULL,0,NULL,0);
INSERT INTO diets VALUES(67,2,'Diet-M12','Paneer Bhurji Sandwich, Chickpea Stir Fry, Spinach Mushroom Curry Rice',1771763554619,0,NULL,0,NULL,0);
INSERT INTO diets VALUES(68,2,'Diet-M13','Mix Veg Paneer Besan Chilla, Peanut Butter Banana Sandwich, Aalo Soya Veg Roti',1771763554712,0,NULL,0,NULL,0);
INSERT INTO diets VALUES(69,2,'Diet-M14','3 Layer Egg Sandwich, Mix Fruit Salad Bowl, Chicken Mix Veg Moong Dal Rice',1771763554799,0,NULL,0,NULL,0);
INSERT INTO diets VALUES(70,2,'Diet-M15','Masala Veggie Poha, Mix Fruit Salad Bowl, Chicken Broccoli Fried Rice',1771763554878,0,NULL,0,NULL,0);
INSERT INTO diets VALUES(71,2,'Diet-M16','Mix Veg Omelet Tortilla Wrap, Paneer Lettuce Salad Bowl, Chicken Mix Veg Stir Fry Pasta',1771763554963,0,NULL,0,NULL,0);
INSERT INTO diets VALUES(72,2,'Diet-M17','Boiled Egg Sandwiches, Banana Peanut Butter Tortilla, Paneer Rajma Fried Rice',1771763555038,0,NULL,0,NULL,0);
INSERT INTO diets VALUES(73,2,'Diet-M18','Paneer Bhurji Tortilla Wrap, Mix Fruit Salad, Chicken Mix Veg Pasta',1771763555117,0,NULL,0,NULL,0);
INSERT INTO diets VALUES(74,2,'Diet-M19','Omelet Sourdough Bread Toasts, Mix Fruit Salad, Paneer Zucchini Chana Dal Rice',1771763555172,0,NULL,0,NULL,0);
INSERT INTO diets VALUES(75,2,'Diet-M20','Chickpea Potato Chaat (SOS), Mix Fruit Salad, Mix Egg Fried Rice',1771763555221,0,NULL,0,NULL,0);
INSERT INTO diets VALUES(76,2,'Diet-M21','Paneer Bhurji BB Toast (SOS), Mix Fruit Salad, Rajma Rice Jeera Aalo Roti',1771763555274,0,NULL,0,NULL,0);
INSERT INTO diets VALUES(77,3,'Diet-1','Mix Veg Omelet, Fruit Bowl, Broccoli Fried Rice',1772265712052,0,NULL,0,NULL,0);
INSERT INTO diets VALUES(78,3,'Diet-2','Paneer Corn Stir Fry, Fruit Bowl, Tofu Fried Rice',1772265712118,0,NULL,0,NULL,0);
INSERT INTO diets VALUES(79,3,'Diet-3','Potato Egg Bhurji, Peanut Butter Banana, Mix Veg Roti',1772265712193,0,NULL,0,NULL,0);
INSERT INTO diets VALUES(80,3,'Diet-4','Mix Veg Omelet Wrap, Fruit Bowl, Paneer Cauliflower Fried Rice',1772265712266,0,NULL,0,NULL,0);
INSERT INTO diets VALUES(81,3,'Diet-5','Chickpea Stir Fry, Fruit Bowl, Egg Fried Pasta',1772265712333,0,NULL,0,NULL,0);
INSERT INTO diets VALUES(82,3,'Diet-6','Paneer Bhurji Wrap, Fruit Bowl, Tofu Fried Rice',1772265712409,0,NULL,0,NULL,0);
INSERT INTO diets VALUES(83,3,'Diet-7','Mix Veg Cheese Omelet, Fruit Bowl, Paneer Moong Dal Rice',1772265712453,0,NULL,0,NULL,0);
INSERT INTO diets VALUES(84,3,'Diet-8','Tofu Mix Veg Salad, Fruit Bowl, Potato Mushroom Pasta',1772265712506,0,NULL,0,NULL,0);
INSERT INTO diets VALUES(85,3,'Diet-9','Egg Parantha, Fruit Bowl, Paneer Lauki Chana Dal Rice',1772265712585,0,NULL,0,NULL,0);
INSERT INTO diets VALUES(86,3,'Diet-10','Onion Avocado Omelet, PB Apple Sandwich, Paneer Broccoli Spaghetti',1772265712641,0,NULL,0,NULL,0);
INSERT INTO diets VALUES(87,3,'Diet-11','Paneer Mix Veg Wrap, Fruit Bowl, Roasted Chicken Dal Chawal',1772265712699,0,NULL,0,NULL,0);
INSERT INTO diets VALUES(88,3,'Diet-12','Mix Veg Omelet Sandwich, Fruit Bowl, Chicken Potato Stir Fry',1772265712760,0,NULL,0,NULL,0);
INSERT INTO diets VALUES(89,3,'Diet-13','Mix Veg Besan Cheela, Veg Salad, Potato Chickpea Fried Rice',1772265712821,0,NULL,0,NULL,0);
INSERT INTO diets VALUES(90,3,'Diet-14','Mix Veg Omelet, Paneer Stir Fry Wrap, Chicken Broccoli Fried Rice',1772265712878,0,NULL,0,NULL,0);
INSERT INTO diets VALUES(91,3,'Diet-15','Paneer Besan Cheela, Black Chickpea Chaat, Aloo Bhindi Roti',1772265712931,0,NULL,0,NULL,0);
INSERT INTO diets VALUES(92,3,'Diet-16','Mix Veg Omelet, Paneer Mix Veg Salad, Gobi Green Moong Dal Rice',1772265712990,0,NULL,0,NULL,0);
INSERT INTO diets VALUES(93,3,'Diet-17','Paneer Stir Fry Tortilla, PB Sandwich, Egg Fried Rice',1772265713052,0,NULL,0,NULL,0);
INSERT INTO diets VALUES(94,3,'Diet-M1','Mix Veg Paneer Egg Bhurji, Mix Fruit Bowl, Chicken Stir Fry',1772265713115,0,NULL,0,NULL,0);
INSERT INTO diets VALUES(95,3,'Diet-M2','Mashed Potato Sandwiches, Overnight Oats Pudding, Paneer Broccoli Fried Rice',1772265713184,0,NULL,0,NULL,0);
INSERT INTO diets VALUES(96,3,'Diet-M3','Zucchini Besan Chilla, Peanut Butter Tortilla Wrap, Paneer Mix Veg Pasta',1772265713273,0,NULL,0,NULL,0);
INSERT INTO diets VALUES(97,3,'Diet-M4','Mix Veg Omelet, Fruit Bowl, Paneer Potato Fried Rice',1772265713343,0,NULL,0,NULL,0);
INSERT INTO diets VALUES(98,3,'Diet-M5','Paneer Bhurji Tortilla Wrap, Fruit Bowl, Zucchini Chana Dal Rice Roti',1772265713425,0,NULL,0,NULL,0);
INSERT INTO diets VALUES(99,3,'Diet-M6','Mashed Potato Avocado Sandwich, Oatmeal Chia Pudding, Paneer Veggie Pasta',1772265713502,0,NULL,0,NULL,0);
INSERT INTO diets VALUES(100,3,'Diet-M7','Egg Cheese Wrap, Mix Fruit Salad, Paneer Aalo Fried Rice',1772265713569,0,NULL,0,NULL,0);
INSERT INTO diets VALUES(101,3,'Diet-M8','Egg Veg Bhurji, Paneer Salad Bowl, Chicken Veggie Fried Rice',1772265713661,0,NULL,0,NULL,0);
INSERT INTO diets VALUES(102,3,'Diet-M9','Paneer Bhurji Besan Cheela, Mix Fruit Salad, Chicken Potato Pasta',1772265713748,0,NULL,0,NULL,0);
INSERT INTO diets VALUES(103,3,'Diet-M10','Avocado Omelet BB Toast, Mix Fruit Salad, Paneer Mix Veg Stir Fry',1772265713823,0,NULL,0,NULL,0);
INSERT INTO diets VALUES(104,3,'Diet-M11','Paneer Bhurji Tortilla Wrap, Mix Fruit Salad, Chicken Cabbage Roti',1772265713885,0,NULL,0,NULL,0);
INSERT INTO diets VALUES(105,3,'Diet-M12','Paneer Bhurji Sandwich, Chickpea Stir Fry, Spinach Mushroom Curry Rice',1772265713937,0,NULL,0,NULL,0);
INSERT INTO diets VALUES(106,3,'Diet-M13','Mix Veg Paneer Besan Chilla, Peanut Butter Banana Sandwich, Aalo Soya Veg Roti',1772265714009,0,NULL,0,NULL,0);
INSERT INTO diets VALUES(107,3,'Diet-M14','3 Layer Egg Sandwich, Mix Fruit Salad Bowl, Chicken Mix Veg Moong Dal Rice',1772265714081,0,NULL,0,NULL,0);
INSERT INTO diets VALUES(108,3,'Diet-M15','Masala Veggie Poha, Mix Fruit Salad Bowl, Chicken Broccoli Fried Rice',1772265714134,0,NULL,0,NULL,0);
INSERT INTO diets VALUES(109,3,'Diet-M16','Mix Veg Omelet Tortilla Wrap, Paneer Lettuce Salad Bowl, Chicken Mix Veg Stir Fry Pasta',1772265714222,0,NULL,0,NULL,0);
INSERT INTO diets VALUES(110,3,'Diet-M17','Boiled Egg Sandwiches, Banana Peanut Butter Tortilla, Paneer Rajma Fried Rice',1772265714293,0,NULL,0,NULL,0);
INSERT INTO diets VALUES(111,3,'Diet-M18','Paneer Bhurji Tortilla Wrap, Mix Fruit Salad, Chicken Mix Veg Pasta',1772265714355,0,NULL,0,NULL,0);
INSERT INTO diets VALUES(112,3,'Diet-M19','Omelet Sourdough Bread Toasts, Mix Fruit Salad, Paneer Zucchini Chana Dal Rice',1772265714425,0,NULL,0,NULL,0);
INSERT INTO diets VALUES(113,3,'Diet-M20','Chickpea Potato Chaat (SOS), Mix Fruit Salad, Mix Egg Fried Rice',1772265714487,0,NULL,0,NULL,0);
INSERT INTO diets VALUES(114,3,'Diet-M21','Paneer Bhurji BB Toast (SOS), Mix Fruit Salad, Rajma Rice Jeera Aalo Roti',1772265714558,0,NULL,0,NULL,0);
CREATE TABLE IF NOT EXISTS "meals" (
                    id INTEGER PRIMARY KEY AUTOINCREMENT NOT NULL,
                    userId INTEGER NOT NULL,
                    name TEXT NOT NULL,
                    description TEXT,
                    slotType TEXT NOT NULL,
                    customSlotId INTEGER,
                    createdAt INTEGER NOT NULL, serverId TEXT, updatedAt INTEGER NOT NULL DEFAULT 0, syncedAt INTEGER,
                    FOREIGN KEY(userId) REFERENCES users(id) ON DELETE CASCADE
                );
INSERT INTO meals VALUES(1,1,'Mix Veg Omelet + BB Toast',NULL,'BREAKFAST',NULL,1771601453882,NULL,0,NULL);
INSERT INTO meals VALUES(2,1,'Mix Fruit Bowl',NULL,'LUNCH',NULL,1771601453896,NULL,0,NULL);
INSERT INTO meals VALUES(3,1,'Black Coffee',NULL,'NOON',NULL,1771601453908,NULL,0,NULL);
INSERT INTO meals VALUES(4,1,'Milk Tea',NULL,'EVENING',NULL,1771601453915,NULL,0,NULL);
INSERT INTO meals VALUES(5,1,'Broccoli Mix Veg Fried Rice',NULL,'DINNER',NULL,1771601453924,NULL,0,NULL);
INSERT INTO meals VALUES(6,1,'Paneer Corn Stir Fry + BB Toast',NULL,'BREAKFAST',NULL,1771601453941,NULL,0,NULL);
INSERT INTO meals VALUES(7,1,'Mix Fruit Bowl',NULL,'LUNCH',NULL,1771601453958,NULL,0,NULL);
INSERT INTO meals VALUES(8,1,'Black Coffee',NULL,'NOON',NULL,1771601453968,NULL,0,NULL);
INSERT INTO meals VALUES(9,1,'Milk Tea',NULL,'EVENING',NULL,1771601453976,NULL,0,NULL);
INSERT INTO meals VALUES(10,1,'Tofu Veggie Fried Rice',NULL,'DINNER',NULL,1771601453984,NULL,0,NULL);
INSERT INTO meals VALUES(11,1,'Potato Egg Bhurji + BB Toast',NULL,'BREAKFAST',NULL,1771601454001,NULL,0,NULL);
INSERT INTO meals VALUES(12,1,'Peanut Butter Banana Sandwich',NULL,'LUNCH',NULL,1771601454010,NULL,0,NULL);
INSERT INTO meals VALUES(13,1,'Black Coffee',NULL,'NOON',NULL,1771601454020,NULL,0,NULL);
INSERT INTO meals VALUES(14,1,'Milk Tea',NULL,'EVENING',NULL,1771601454028,NULL,0,NULL);
INSERT INTO meals VALUES(15,1,'Mix Veg + Mix Flour Liquid Dough Roti',NULL,'DINNER',NULL,1771601454040,NULL,0,NULL);
INSERT INTO meals VALUES(16,1,'Mix Veg Omelet Tortilla Wrap',NULL,'BREAKFAST',NULL,1771601454051,NULL,0,NULL);
INSERT INTO meals VALUES(17,1,'Mix Fruit Bowl',NULL,'LUNCH',NULL,1771601454059,NULL,0,NULL);
INSERT INTO meals VALUES(18,1,'Black Coffee',NULL,'NOON',NULL,1771601454068,NULL,0,NULL);
INSERT INTO meals VALUES(19,1,'Dry Fruits Mix',NULL,'PRE_WORKOUT',NULL,1771601454073,NULL,0,NULL);
INSERT INTO meals VALUES(20,1,'Milk Tea',NULL,'EVENING',NULL,1771601454079,NULL,0,NULL);
INSERT INTO meals VALUES(21,1,'Paneer Cauliflower Fried Rice',NULL,'DINNER',NULL,1771601454085,NULL,0,NULL);
INSERT INTO meals VALUES(22,1,'Chickpea Stir Fry + BB Toast',NULL,'BREAKFAST',NULL,1771601454104,NULL,0,NULL);
INSERT INTO meals VALUES(23,1,'Mix Fruit Bowl',NULL,'LUNCH',NULL,1771601454113,NULL,0,NULL);
INSERT INTO meals VALUES(24,1,'Black Coffee',NULL,'NOON',NULL,1771601454122,NULL,0,NULL);
INSERT INTO meals VALUES(25,1,'Milk Tea',NULL,'EVENING',NULL,1771601454127,NULL,0,NULL);
INSERT INTO meals VALUES(26,1,'Egg Mix Veg Fried Pasta',NULL,'DINNER',NULL,1771601454136,NULL,0,NULL);
INSERT INTO meals VALUES(27,1,'Post Workout Snack',NULL,'POST_WORKOUT',NULL,1771601454147,NULL,0,NULL);
INSERT INTO meals VALUES(28,1,'Paneer Bhurji Tortilla Wrap',NULL,'BREAKFAST',NULL,1771601454157,NULL,0,NULL);
INSERT INTO meals VALUES(29,1,'Mix Fruit Bowl',NULL,'LUNCH',NULL,1771601454169,NULL,0,NULL);
INSERT INTO meals VALUES(30,1,'Black Coffee',NULL,'NOON',NULL,1771601454179,NULL,0,NULL);
INSERT INTO meals VALUES(31,1,'Milk Tea',NULL,'EVENING',NULL,1771601454187,NULL,0,NULL);
INSERT INTO meals VALUES(32,1,'Tofu Mix Fried Rice',NULL,'DINNER',NULL,1771601454195,NULL,0,NULL);
INSERT INTO meals VALUES(33,1,'Mix Veg Cheese Omelet',NULL,'BREAKFAST',NULL,1771601454212,NULL,0,NULL);
INSERT INTO meals VALUES(34,1,'Mix Fruit Bowl',NULL,'LUNCH',NULL,1771601454220,NULL,0,NULL);
INSERT INTO meals VALUES(35,1,'Black Coffee',NULL,'NOON',NULL,1771601454227,NULL,0,NULL);
INSERT INTO meals VALUES(36,1,'Milk Tea',NULL,'EVENING',NULL,1771601454239,NULL,0,NULL);
INSERT INTO meals VALUES(37,1,'Paneer Moong Dal + Rice',NULL,'DINNER',NULL,1771601454245,NULL,0,NULL);
INSERT INTO meals VALUES(38,1,'3 Layer Tofu Mix Veg Salad',NULL,'BREAKFAST',NULL,1771601454259,NULL,0,NULL);
INSERT INTO meals VALUES(39,1,'Mix Fruit Bowl',NULL,'LUNCH',NULL,1771601454267,NULL,0,NULL);
INSERT INTO meals VALUES(40,1,'Black Coffee',NULL,'NOON',NULL,1771601454274,NULL,0,NULL);
INSERT INTO meals VALUES(41,1,'Milk Tea',NULL,'EVENING',NULL,1771601454282,NULL,0,NULL);
INSERT INTO meals VALUES(42,1,'Potato Mushroom Pasta',NULL,'DINNER',NULL,1771601454291,NULL,0,NULL);
INSERT INTO meals VALUES(43,1,'Egg Parantha (Liquid Dough)',NULL,'BREAKFAST',NULL,1771601454312,NULL,0,NULL);
INSERT INTO meals VALUES(44,1,'Mix Fruit Bowl',NULL,'LUNCH',NULL,1771601454321,NULL,0,NULL);
INSERT INTO meals VALUES(45,1,'Black Coffee',NULL,'NOON',NULL,1771601454329,NULL,0,NULL);
INSERT INTO meals VALUES(46,1,'Milk Tea',NULL,'EVENING',NULL,1771601454339,NULL,0,NULL);
INSERT INTO meals VALUES(47,1,'Paneer Lauki Chana Dal Rice',NULL,'DINNER',NULL,1771601454348,NULL,0,NULL);
INSERT INTO meals VALUES(48,1,'Onion Avocado Omelet',NULL,'BREAKFAST',NULL,1771601454367,NULL,0,NULL);
INSERT INTO meals VALUES(49,1,'Peanut Butter Apple Sandwich',NULL,'LUNCH',NULL,1771601454375,NULL,0,NULL);
INSERT INTO meals VALUES(50,1,'Black Coffee',NULL,'NOON',NULL,1771601454392,NULL,0,NULL);
INSERT INTO meals VALUES(51,1,'Milk Tea',NULL,'EVENING',NULL,1771601454400,NULL,0,NULL);
INSERT INTO meals VALUES(52,1,'Paneer Broccoli Spaghetti',NULL,'DINNER',NULL,1771601454411,NULL,0,NULL);
INSERT INTO meals VALUES(53,1,'Paneer Mix Veg Tortilla Wrap',NULL,'BREAKFAST',NULL,1771601454429,NULL,0,NULL);
INSERT INTO meals VALUES(54,1,'Mix Fruit Bowl',NULL,'LUNCH',NULL,1771601454438,NULL,0,NULL);
INSERT INTO meals VALUES(55,1,'Black Coffee',NULL,'NOON',NULL,1771601454449,NULL,0,NULL);
INSERT INTO meals VALUES(56,1,'Milk Tea + Pista',NULL,'EVENING',NULL,1771601454457,NULL,0,NULL);
INSERT INTO meals VALUES(57,1,'Roasted Chicken + Dal Chawal',NULL,'DINNER',NULL,1771601454472,NULL,0,NULL);
INSERT INTO meals VALUES(58,1,'Mix Veg Omelet Sandwich',NULL,'BREAKFAST',NULL,1771601454488,NULL,0,NULL);
INSERT INTO meals VALUES(59,1,'Mix Fruit Bowl',NULL,'LUNCH',NULL,1771601454498,NULL,0,NULL);
INSERT INTO meals VALUES(60,1,'Black Coffee',NULL,'NOON',NULL,1771601454507,NULL,0,NULL);
INSERT INTO meals VALUES(61,1,'Milk Tea + Pista',NULL,'EVENING',NULL,1771601454516,NULL,0,NULL);
INSERT INTO meals VALUES(62,1,'Chicken Potato Stir Fry + Rice',NULL,'DINNER',NULL,1771601454524,NULL,0,NULL);
INSERT INTO meals VALUES(63,1,'Mix Veg Besan Cheela',NULL,'BREAKFAST',NULL,1771601454545,NULL,0,NULL);
INSERT INTO meals VALUES(64,1,'Mix Veg Salad',NULL,'LUNCH',NULL,1771601454562,NULL,0,NULL);
INSERT INTO meals VALUES(65,1,'Black Coffee',NULL,'NOON',NULL,1771601454571,NULL,0,NULL);
INSERT INTO meals VALUES(66,1,'Milk Tea',NULL,'EVENING',NULL,1771601454578,NULL,0,NULL);
INSERT INTO meals VALUES(67,1,'Potato Chickpea Fried Rice',NULL,'DINNER',NULL,1771601454587,NULL,0,NULL);
INSERT INTO meals VALUES(68,1,'Mix Veg Omelet + BB Toast',NULL,'BREAKFAST',NULL,1771601454601,NULL,0,NULL);
INSERT INTO meals VALUES(69,1,'Paneer Stir Fry Wrap',NULL,'LUNCH',NULL,1771601454611,NULL,0,NULL);
INSERT INTO meals VALUES(70,1,'Black Coffee',NULL,'NOON',NULL,1771601454623,NULL,0,NULL);
INSERT INTO meals VALUES(71,1,'Mango Shake',NULL,'PRE_WORKOUT',NULL,1771601454635,NULL,0,NULL);
INSERT INTO meals VALUES(72,1,'Milk Tea',NULL,'EVENING',NULL,1771601454644,NULL,0,NULL);
INSERT INTO meals VALUES(73,1,'Chicken Broccoli Fried Rice',NULL,'DINNER',NULL,1771601454653,NULL,0,NULL);
INSERT INTO meals VALUES(74,1,'Paneer Besan Cheela',NULL,'BREAKFAST',NULL,1771601454672,NULL,0,NULL);
INSERT INTO meals VALUES(75,1,'Black Chickpea Chaat',NULL,'LUNCH',NULL,1771601454678,NULL,0,NULL);
INSERT INTO meals VALUES(76,1,'Black Coffee',NULL,'NOON',NULL,1771601454687,NULL,0,NULL);
INSERT INTO meals VALUES(77,1,'Apple Shake',NULL,'PRE_WORKOUT',NULL,1771601454695,NULL,0,NULL);
INSERT INTO meals VALUES(78,1,'Milk Tea',NULL,'EVENING',NULL,1771601454708,NULL,0,NULL);
INSERT INTO meals VALUES(79,1,'Aloo Bhindi + Roti',NULL,'DINNER',NULL,1771601454718,NULL,0,NULL);
INSERT INTO meals VALUES(80,1,'Mix Veg Omelet + Toast',NULL,'BREAKFAST',NULL,1771601454736,NULL,0,NULL);
INSERT INTO meals VALUES(81,1,'Paneer Mix Veg Salad',NULL,'LUNCH',NULL,1771601454745,NULL,0,NULL);
INSERT INTO meals VALUES(82,1,'Black Coffee',NULL,'NOON',NULL,1771601454756,NULL,0,NULL);
INSERT INTO meals VALUES(83,1,'Banana Shake',NULL,'PRE_WORKOUT',NULL,1771601454766,NULL,0,NULL);
INSERT INTO meals VALUES(84,1,'Milk Tea',NULL,'EVENING',NULL,1771601454775,NULL,0,NULL);
INSERT INTO meals VALUES(85,1,'Gobi Green Moong Dal Curry Rice',NULL,'DINNER',NULL,1771601454786,NULL,0,NULL);
INSERT INTO meals VALUES(86,1,'Paneer Stir Fry Tortilla',NULL,'BREAKFAST',NULL,1771601454800,NULL,0,NULL);
INSERT INTO meals VALUES(87,1,'Peanut Butter Sandwich',NULL,'LUNCH',NULL,1771601454808,NULL,0,NULL);
INSERT INTO meals VALUES(88,1,'Black Coffee',NULL,'NOON',NULL,1771601454814,NULL,0,NULL);
INSERT INTO meals VALUES(89,1,'Milk Tea',NULL,'EVENING',NULL,1771601454821,NULL,0,NULL);
INSERT INTO meals VALUES(90,1,'Egg Fried Rice',NULL,'DINNER',NULL,1771601454833,NULL,0,NULL);
INSERT INTO meals VALUES(91,1,'Chia Seeds',NULL,'EARLY_MORNING',NULL,1771601454850,NULL,0,NULL);
INSERT INTO meals VALUES(92,1,'Mix Veg Paneer Egg Bhurji',NULL,'BREAKFAST',NULL,1771601454862,NULL,0,NULL);
INSERT INTO meals VALUES(93,1,'Black Coffee',NULL,'NOON',NULL,1771601454873,NULL,0,NULL);
INSERT INTO meals VALUES(94,1,'Mix Fruit Bowl',NULL,'LUNCH',NULL,1771601454879,NULL,0,NULL);
INSERT INTO meals VALUES(95,1,'Milk Tea',NULL,'EVENING',NULL,1771601454886,NULL,0,NULL);
INSERT INTO meals VALUES(96,1,'Dry Fruits With Tea',NULL,'PRE_WORKOUT',NULL,1771601454895,NULL,0,NULL);
INSERT INTO meals VALUES(97,1,'Chicken Stir Fry',NULL,'DINNER',NULL,1771601454906,NULL,0,NULL);
INSERT INTO meals VALUES(98,1,'Chia Seeds',NULL,'EARLY_MORNING',NULL,1771601454921,NULL,0,NULL);
INSERT INTO meals VALUES(99,1,'Mashed Potato Sandwiches',NULL,'BREAKFAST',NULL,1771601454935,NULL,0,NULL);
INSERT INTO meals VALUES(100,1,'Black Coffee',NULL,'NOON',NULL,1771601454943,NULL,0,NULL);
INSERT INTO meals VALUES(101,1,'Overnight Oats Pudding',NULL,'LUNCH',NULL,1771601454953,NULL,0,NULL);
INSERT INTO meals VALUES(102,1,'Milk Tea',NULL,'EVENING',NULL,1771601454963,NULL,0,NULL);
INSERT INTO meals VALUES(103,1,'Oreo Milkshake',NULL,'PRE_WORKOUT',NULL,1771601454971,NULL,0,NULL);
INSERT INTO meals VALUES(104,1,'Paneer Broccoli Fried Rice',NULL,'DINNER',NULL,1771601454979,NULL,0,NULL);
INSERT INTO meals VALUES(105,1,'Zucchini Besan Chilla',NULL,'BREAKFAST',NULL,1771601454994,NULL,0,NULL);
INSERT INTO meals VALUES(106,1,'Black Coffee',NULL,'NOON',NULL,1771601455005,NULL,0,NULL);
INSERT INTO meals VALUES(107,1,'Peanut Butter Tortilla Wrap',NULL,'LUNCH',NULL,1771601455012,NULL,0,NULL);
INSERT INTO meals VALUES(108,1,'Milk Tea',NULL,'EVENING',NULL,1771601455022,NULL,0,NULL);
INSERT INTO meals VALUES(109,1,'Dates Blueberry Shake',NULL,'PRE_WORKOUT',NULL,1771601455029,NULL,0,NULL);
INSERT INTO meals VALUES(110,1,'Paneer Mix Veg Pasta',NULL,'DINNER',NULL,1771601455038,NULL,0,NULL);
INSERT INTO meals VALUES(111,1,'Mix Veg Omelet',NULL,'BREAKFAST',NULL,1771601455057,NULL,0,NULL);
INSERT INTO meals VALUES(112,1,'Black Coffee',NULL,'NOON',NULL,1771601455070,NULL,0,NULL);
INSERT INTO meals VALUES(113,1,'Fruit Bowl',NULL,'LUNCH',NULL,1771601455086,NULL,0,NULL);
INSERT INTO meals VALUES(114,1,'Milk Tea',NULL,'EVENING',NULL,1771601455097,NULL,0,NULL);
INSERT INTO meals VALUES(115,1,'Banana Shake',NULL,'PRE_WORKOUT',NULL,1771601455107,NULL,0,NULL);
INSERT INTO meals VALUES(116,1,'Paneer Potato Fried Rice',NULL,'DINNER',NULL,1771601455114,NULL,0,NULL);
INSERT INTO meals VALUES(117,1,'Paneer Bhurji Tortilla Wrap',NULL,'BREAKFAST',NULL,1771601455127,NULL,0,NULL);
INSERT INTO meals VALUES(118,1,'Black Coffee',NULL,'NOON',NULL,1771601455135,NULL,0,NULL);
INSERT INTO meals VALUES(119,1,'Fruit Bowl',NULL,'LUNCH',NULL,1771601455144,NULL,0,NULL);
INSERT INTO meals VALUES(120,1,'Milk Tea',NULL,'EVENING',NULL,1771601455163,NULL,0,NULL);
INSERT INTO meals VALUES(121,1,'Berry Shake',NULL,'PRE_WORKOUT',NULL,1771601455170,NULL,0,NULL);
INSERT INTO meals VALUES(122,1,'Zucchini Chana Dal Rice Roti',NULL,'DINNER',NULL,1771601455179,NULL,0,NULL);
INSERT INTO meals VALUES(123,1,'Mashed Potato Avocado Sandwich',NULL,'BREAKFAST',NULL,1771601455191,NULL,0,NULL);
INSERT INTO meals VALUES(124,1,'Black Coffee',NULL,'NOON',NULL,1771601455201,NULL,0,NULL);
INSERT INTO meals VALUES(125,1,'Oatmeal Chia Pudding',NULL,'LUNCH',NULL,1771601455211,NULL,0,NULL);
INSERT INTO meals VALUES(126,1,'Milk Tea',NULL,'EVENING',NULL,1771601455223,NULL,0,NULL);
INSERT INTO meals VALUES(127,1,'Mango Protein Shake',NULL,'PRE_WORKOUT',NULL,1771601455234,NULL,0,NULL);
INSERT INTO meals VALUES(128,1,'Paneer Veggie Pasta',NULL,'DINNER',NULL,1771601455243,NULL,0,NULL);
INSERT INTO meals VALUES(129,1,'Egg Cheese Wrap',NULL,'BREAKFAST',NULL,1771601455257,NULL,0,NULL);
INSERT INTO meals VALUES(130,1,'Black Coffee',NULL,'NOON',NULL,1771601455268,NULL,0,NULL);
INSERT INTO meals VALUES(131,1,'Mix Fruit Salad',NULL,'LUNCH',NULL,1771601455274,NULL,0,NULL);
INSERT INTO meals VALUES(132,1,'Milk Tea',NULL,'EVENING',NULL,1771601455285,NULL,0,NULL);
INSERT INTO meals VALUES(133,1,'Berry Protein Shake',NULL,'PRE_WORKOUT',NULL,1771601455293,NULL,0,NULL);
INSERT INTO meals VALUES(134,1,'Paneer Aalo Fried Rice',NULL,'DINNER',NULL,1771601455299,NULL,0,NULL);
INSERT INTO meals VALUES(135,1,'Chocolate Ice Cream',NULL,'POST_DINNER',NULL,1771601455310,NULL,0,NULL);
INSERT INTO meals VALUES(136,1,'Egg Veg Bhurji',NULL,'BREAKFAST',NULL,1771601455322,NULL,0,NULL);
INSERT INTO meals VALUES(137,1,'Black Coffee',NULL,'NOON',NULL,1771601455330,NULL,0,NULL);
INSERT INTO meals VALUES(138,1,'Paneer Salad Bowl',NULL,'LUNCH',NULL,1771601455338,NULL,0,NULL);
INSERT INTO meals VALUES(139,1,'Milk Tea',NULL,'EVENING',NULL,1771601455344,NULL,0,NULL);
INSERT INTO meals VALUES(140,1,'Banana Protein Shake',NULL,'PRE_WORKOUT',NULL,1771601455349,NULL,0,NULL);
INSERT INTO meals VALUES(141,1,'Chicken Veggie Fried Rice',NULL,'DINNER',NULL,1771601455356,NULL,0,NULL);
INSERT INTO meals VALUES(142,1,'Paneer Bhurji Besan Cheela',NULL,'BREAKFAST',NULL,1771601455377,NULL,0,NULL);
INSERT INTO meals VALUES(143,1,'Black Coffee',NULL,'NOON',NULL,1771601455388,NULL,0,NULL);
INSERT INTO meals VALUES(144,1,'Mix Fruit Salad',NULL,'LUNCH',NULL,1771601455396,NULL,0,NULL);
INSERT INTO meals VALUES(145,1,'Milk Tea',NULL,'EVENING',NULL,1771601455407,NULL,0,NULL);
INSERT INTO meals VALUES(146,1,'Berry Shake',NULL,'PRE_WORKOUT',NULL,1771601455414,NULL,0,NULL);
INSERT INTO meals VALUES(147,1,'Chicken Potato Pasta',NULL,'DINNER',NULL,1771601455422,NULL,0,NULL);
INSERT INTO meals VALUES(148,1,'Avocado Omelet BB Toast',NULL,'BREAKFAST',NULL,1771601455441,NULL,0,NULL);
INSERT INTO meals VALUES(149,1,'Black Coffee',NULL,'NOON',NULL,1771601455454,NULL,0,NULL);
INSERT INTO meals VALUES(150,1,'Mix Fruit Salad',NULL,'LUNCH',NULL,1771601455466,NULL,0,NULL);
INSERT INTO meals VALUES(151,1,'Milk Tea',NULL,'EVENING',NULL,1771601455473,NULL,0,NULL);
INSERT INTO meals VALUES(152,1,'Paneer Mix Veg Stir Fry',NULL,'DINNER',NULL,1771601455479,NULL,0,NULL);
INSERT INTO meals VALUES(153,1,'Oats Peanut Butter Shake',NULL,'POST_WORKOUT',NULL,1771601455489,NULL,0,NULL);
INSERT INTO meals VALUES(154,1,'Paneer Bhurji Tortilla Wrap',NULL,'BREAKFAST',NULL,1771601455502,NULL,0,NULL);
INSERT INTO meals VALUES(155,1,'Black Coffee',NULL,'NOON',NULL,1771601455516,NULL,0,NULL);
INSERT INTO meals VALUES(156,1,'Mix Fruit Salad',NULL,'LUNCH',NULL,1771601455526,NULL,0,NULL);
INSERT INTO meals VALUES(157,1,'Milk Tea',NULL,'EVENING',NULL,1771601455535,NULL,0,NULL);
INSERT INTO meals VALUES(158,1,'Chicken Cabbage Roti',NULL,'DINNER',NULL,1771601455540,NULL,0,NULL);
INSERT INTO meals VALUES(159,1,'Berry Protein Shake',NULL,'POST_WORKOUT',NULL,1771601455549,NULL,0,NULL);
INSERT INTO meals VALUES(160,1,'Paneer Bhurji Sandwich',NULL,'BREAKFAST',NULL,1771601455563,NULL,0,NULL);
INSERT INTO meals VALUES(161,1,'Black Coffee',NULL,'NOON',NULL,1771601455576,NULL,0,NULL);
INSERT INTO meals VALUES(162,1,'Chickpea Stir Fry',NULL,'LUNCH',NULL,1771601455583,NULL,0,NULL);
INSERT INTO meals VALUES(163,1,'Milk Tea',NULL,'EVENING',NULL,1771601455601,NULL,0,NULL);
INSERT INTO meals VALUES(164,1,'Spinach Mushroom Curry Rice',NULL,'DINNER',NULL,1771601455609,NULL,0,NULL);
INSERT INTO meals VALUES(165,1,'Fruit Protein Shake',NULL,'POST_WORKOUT',NULL,1771601455619,NULL,0,NULL);
INSERT INTO meals VALUES(166,1,'Mix Veg Paneer Besan Chilla',NULL,'BREAKFAST',NULL,1771601455632,NULL,0,NULL);
INSERT INTO meals VALUES(167,1,'Black Coffee',NULL,'NOON',NULL,1771601455639,NULL,0,NULL);
INSERT INTO meals VALUES(168,1,'Peanut Butter Banana Sandwich',NULL,'LUNCH',NULL,1771601455649,NULL,0,NULL);
INSERT INTO meals VALUES(169,1,'Milk Tea',NULL,'EVENING',NULL,1771601455661,NULL,0,NULL);
INSERT INTO meals VALUES(170,1,'Aalo Soya Veg Roti',NULL,'DINNER',NULL,1771601455668,NULL,0,NULL);
INSERT INTO meals VALUES(171,1,'Fruit Protein Shake',NULL,'POST_WORKOUT',NULL,1771601455676,NULL,0,NULL);
INSERT INTO meals VALUES(172,1,'3 Layer Egg Sandwich',NULL,'BREAKFAST',NULL,1771601455688,NULL,0,NULL);
INSERT INTO meals VALUES(173,1,'Black Coffee',NULL,'NOON',NULL,1771601455698,NULL,0,NULL);
INSERT INTO meals VALUES(174,1,'Mix Fruit Salad Bowl',NULL,'LUNCH',NULL,1771601455707,NULL,0,NULL);
INSERT INTO meals VALUES(175,1,'Milk Tea',NULL,'EVENING',NULL,1771601455716,NULL,0,NULL);
INSERT INTO meals VALUES(176,1,'Chicken Mix Veg Moong Dal Rice',NULL,'DINNER',NULL,1771601455726,NULL,0,NULL);
INSERT INTO meals VALUES(177,1,'Dates Protein Shake',NULL,'POST_WORKOUT',NULL,1771601455733,NULL,0,NULL);
INSERT INTO meals VALUES(178,1,'Water + Chia Seeds',NULL,'EARLY_MORNING',NULL,1771601455744,NULL,0,NULL);
INSERT INTO meals VALUES(179,1,'Masala Veggie Poha',NULL,'BREAKFAST',NULL,1771601455752,NULL,0,NULL);
INSERT INTO meals VALUES(180,1,'Black Coffee',NULL,'NOON',NULL,1771601455758,NULL,0,NULL);
INSERT INTO meals VALUES(181,1,'Mix Fruit Salad Bowl',NULL,'LUNCH',NULL,1771601455766,NULL,0,NULL);
INSERT INTO meals VALUES(182,1,'Milk Tea',NULL,'EVENING',NULL,1771601455772,NULL,0,NULL);
INSERT INTO meals VALUES(183,1,'Chicken Broccoli Fried Rice',NULL,'DINNER',NULL,1771601455781,NULL,0,NULL);
INSERT INTO meals VALUES(184,1,'Strawberry Protein Shake',NULL,'POST_WORKOUT',NULL,1771601455794,NULL,0,NULL);
INSERT INTO meals VALUES(185,1,'Mix Veg Omelet Tortilla Wrap',NULL,'BREAKFAST',NULL,1771601455806,NULL,0,NULL);
INSERT INTO meals VALUES(186,1,'Black Coffee',NULL,'NOON',NULL,1771601455816,NULL,0,NULL);
INSERT INTO meals VALUES(187,1,'Paneer Lettuce Salad Bowl',NULL,'LUNCH',NULL,1771601455825,NULL,0,NULL);
INSERT INTO meals VALUES(188,1,'Milk Tea',NULL,'EVENING',NULL,1771601455833,NULL,0,NULL);
INSERT INTO meals VALUES(189,1,'Chicken Mix Veg Stir Fry Pasta',NULL,'DINNER',NULL,1771601455840,NULL,0,NULL);
INSERT INTO meals VALUES(190,1,'Protein Shake',NULL,'POST_WORKOUT',NULL,1771601455851,NULL,0,NULL);
INSERT INTO meals VALUES(191,1,'Boiled Egg Sandwiches',NULL,'BREAKFAST',NULL,1771601455864,NULL,0,NULL);
INSERT INTO meals VALUES(192,1,'Black Coffee',NULL,'NOON',NULL,1771601455875,NULL,0,NULL);
INSERT INTO meals VALUES(193,1,'Banana Peanut Butter Tortilla',NULL,'LUNCH',NULL,1771601455880,NULL,0,NULL);
INSERT INTO meals VALUES(194,1,'Milk Tea',NULL,'EVENING',NULL,1771601455888,NULL,0,NULL);
INSERT INTO meals VALUES(195,1,'Paneer Rajma Fried Rice',NULL,'DINNER',NULL,1771601455893,NULL,0,NULL);
INSERT INTO meals VALUES(196,1,'Dates Protein Shake',NULL,'POST_WORKOUT',NULL,1771601455898,NULL,0,NULL);
INSERT INTO meals VALUES(197,1,'Paneer Bhurji Tortilla Wrap',NULL,'BREAKFAST',NULL,1771601455917,NULL,0,NULL);
INSERT INTO meals VALUES(198,1,'Black Coffee',NULL,'NOON',NULL,1771601455926,NULL,0,NULL);
INSERT INTO meals VALUES(199,1,'Mix Fruit Salad',NULL,'LUNCH',NULL,1771601455931,NULL,0,NULL);
INSERT INTO meals VALUES(200,1,'Milk Tea',NULL,'EVENING',NULL,1771601455936,NULL,0,NULL);
INSERT INTO meals VALUES(201,1,'Chicken Mix Veg Pasta',NULL,'DINNER',NULL,1771601455942,NULL,0,NULL);
INSERT INTO meals VALUES(202,1,'Ice Cream Brownie Dessert',NULL,'POST_DINNER',NULL,1771601455949,NULL,0,NULL);
INSERT INTO meals VALUES(203,1,'Omelet Sourdough Bread Toasts',NULL,'BREAKFAST',NULL,1771601455960,NULL,0,NULL);
INSERT INTO meals VALUES(204,1,'Black Coffee',NULL,'NOON',NULL,1771601455970,NULL,0,NULL);
INSERT INTO meals VALUES(205,1,'Mix Fruit Salad',NULL,'LUNCH',NULL,1771601455980,NULL,0,NULL);
INSERT INTO meals VALUES(206,1,'Milk Tea',NULL,'EVENING',NULL,1771601455988,NULL,0,NULL);
INSERT INTO meals VALUES(207,1,'Paneer Zucchini Chana Dal Rice',NULL,'DINNER',NULL,1771601455995,NULL,0,NULL);
INSERT INTO meals VALUES(208,1,'Chickpea Potato Chaat',NULL,'BREAKFAST',NULL,1771601456015,NULL,0,NULL);
INSERT INTO meals VALUES(209,1,'Black Coffee',NULL,'NOON',NULL,1771601456024,NULL,0,NULL);
INSERT INTO meals VALUES(210,1,'Mix Fruit Salad',NULL,'LUNCH',NULL,1771601456031,NULL,0,NULL);
INSERT INTO meals VALUES(211,1,'Milk Tea',NULL,'EVENING',NULL,1771601456046,NULL,0,NULL);
INSERT INTO meals VALUES(212,1,'Mix Egg Fried Rice',NULL,'DINNER',NULL,1771601456051,NULL,0,NULL);
INSERT INTO meals VALUES(213,1,'Paneer Bhurji BB Toast',NULL,'BREAKFAST',NULL,1771601456062,NULL,0,NULL);
INSERT INTO meals VALUES(214,1,'Black Coffee',NULL,'NOON',NULL,1771601456072,NULL,0,NULL);
INSERT INTO meals VALUES(215,1,'Mix Fruit Salad',NULL,'LUNCH',NULL,1771601456079,NULL,0,NULL);
INSERT INTO meals VALUES(216,1,'Milk Tea',NULL,'EVENING',NULL,1771601456084,NULL,0,NULL);
INSERT INTO meals VALUES(217,1,'Rajma Rice Jeera Aalo Roti',NULL,'DINNER',NULL,1771601456091,NULL,0,NULL);
INSERT INTO meals VALUES(218,2,'Mix Veg Omelet + BB Toast',NULL,'BREAKFAST',NULL,1771763552527,NULL,0,NULL);
INSERT INTO meals VALUES(219,2,'Mix Fruit Bowl',NULL,'LUNCH',NULL,1771763552549,NULL,0,NULL);
INSERT INTO meals VALUES(220,2,'Black Coffee',NULL,'NOON',NULL,1771763552560,NULL,0,NULL);
INSERT INTO meals VALUES(221,2,'Milk Tea',NULL,'EVENING',NULL,1771763552578,NULL,0,NULL);
INSERT INTO meals VALUES(222,2,'Broccoli Mix Veg Fried Rice',NULL,'DINNER',NULL,1771763552608,NULL,0,NULL);
INSERT INTO meals VALUES(223,2,'Paneer Corn Stir Fry + BB Toast',NULL,'BREAKFAST',NULL,1771763552623,NULL,0,NULL);
INSERT INTO meals VALUES(224,2,'Mix Fruit Bowl',NULL,'LUNCH',NULL,1771763552632,NULL,0,NULL);
INSERT INTO meals VALUES(225,2,'Black Coffee',NULL,'NOON',NULL,1771763552639,NULL,0,NULL);
INSERT INTO meals VALUES(226,2,'Milk Tea',NULL,'EVENING',NULL,1771763552649,NULL,0,NULL);
INSERT INTO meals VALUES(227,2,'Tofu Veggie Fried Rice',NULL,'DINNER',NULL,1771763552662,NULL,0,NULL);
INSERT INTO meals VALUES(228,2,'Potato Egg Bhurji + BB Toast',NULL,'BREAKFAST',NULL,1771763552679,NULL,0,NULL);
INSERT INTO meals VALUES(229,2,'Peanut Butter Banana Sandwich',NULL,'LUNCH',NULL,1771763552692,NULL,0,NULL);
INSERT INTO meals VALUES(230,2,'Black Coffee',NULL,'NOON',NULL,1771763552702,NULL,0,NULL);
INSERT INTO meals VALUES(231,2,'Milk Tea',NULL,'EVENING',NULL,1771763552714,NULL,0,NULL);
INSERT INTO meals VALUES(232,2,'Mix Veg + Mix Flour Liquid Dough Roti',NULL,'DINNER',NULL,1771763552727,NULL,0,NULL);
INSERT INTO meals VALUES(233,2,'Mix Veg Omelet Tortilla Wrap',NULL,'BREAKFAST',NULL,1771763552750,NULL,0,NULL);
INSERT INTO meals VALUES(234,2,'Mix Fruit Bowl',NULL,'LUNCH',NULL,1771763552763,NULL,0,NULL);
INSERT INTO meals VALUES(235,2,'Black Coffee',NULL,'NOON',NULL,1771763552772,NULL,0,NULL);
INSERT INTO meals VALUES(236,2,'Dry Fruits Mix',NULL,'PRE_WORKOUT',NULL,1771763552790,NULL,0,NULL);
INSERT INTO meals VALUES(237,2,'Milk Tea',NULL,'EVENING',NULL,1771763552801,NULL,0,NULL);
INSERT INTO meals VALUES(238,2,'Paneer Cauliflower Fried Rice',NULL,'DINNER',NULL,1771763552813,NULL,0,NULL);
INSERT INTO meals VALUES(239,2,'Chickpea Stir Fry + BB Toast',NULL,'BREAKFAST',NULL,1771763552827,NULL,0,NULL);
INSERT INTO meals VALUES(240,2,'Mix Fruit Bowl',NULL,'LUNCH',NULL,1771763552840,NULL,0,NULL);
INSERT INTO meals VALUES(241,2,'Black Coffee',NULL,'NOON',NULL,1771763552852,NULL,0,NULL);
INSERT INTO meals VALUES(242,2,'Milk Tea',NULL,'EVENING',NULL,1771763552862,NULL,0,NULL);
INSERT INTO meals VALUES(243,2,'Egg Mix Veg Fried Pasta',NULL,'DINNER',NULL,1771763552871,NULL,0,NULL);
INSERT INTO meals VALUES(244,2,'Post Workout Snack',NULL,'POST_WORKOUT',NULL,1771763552888,NULL,0,NULL);
INSERT INTO meals VALUES(245,2,'Paneer Bhurji Tortilla Wrap',NULL,'BREAKFAST',NULL,1771763552907,NULL,0,NULL);
INSERT INTO meals VALUES(246,2,'Mix Fruit Bowl',NULL,'LUNCH',NULL,1771763552920,NULL,0,NULL);
INSERT INTO meals VALUES(247,2,'Black Coffee',NULL,'NOON',NULL,1771763552932,NULL,0,NULL);
INSERT INTO meals VALUES(248,2,'Milk Tea',NULL,'EVENING',NULL,1771763552941,NULL,0,NULL);
INSERT INTO meals VALUES(249,2,'Tofu Mix Fried Rice',NULL,'DINNER',NULL,1771763552953,NULL,0,NULL);
INSERT INTO meals VALUES(250,2,'Mix Veg Cheese Omelet',NULL,'BREAKFAST',NULL,1771763552971,NULL,0,NULL);
INSERT INTO meals VALUES(251,2,'Mix Fruit Bowl',NULL,'LUNCH',NULL,1771763552997,NULL,0,NULL);
INSERT INTO meals VALUES(252,2,'Black Coffee',NULL,'NOON',NULL,1771763553008,NULL,0,NULL);
INSERT INTO meals VALUES(253,2,'Milk Tea',NULL,'EVENING',NULL,1771763553018,NULL,0,NULL);
INSERT INTO meals VALUES(254,2,'Paneer Moong Dal + Rice',NULL,'DINNER',NULL,1771763553028,NULL,0,NULL);
INSERT INTO meals VALUES(255,2,'3 Layer Tofu Mix Veg Salad',NULL,'BREAKFAST',NULL,1771763553045,NULL,0,NULL);
INSERT INTO meals VALUES(256,2,'Mix Fruit Bowl',NULL,'LUNCH',NULL,1771763553058,NULL,0,NULL);
INSERT INTO meals VALUES(257,2,'Black Coffee',NULL,'NOON',NULL,1771763553073,NULL,0,NULL);
INSERT INTO meals VALUES(258,2,'Milk Tea',NULL,'EVENING',NULL,1771763553090,NULL,0,NULL);
INSERT INTO meals VALUES(259,2,'Potato Mushroom Pasta',NULL,'DINNER',NULL,1771763553095,NULL,0,NULL);
INSERT INTO meals VALUES(260,2,'Egg Parantha (Liquid Dough)',NULL,'BREAKFAST',NULL,1771763553109,NULL,0,NULL);
INSERT INTO meals VALUES(261,2,'Mix Fruit Bowl',NULL,'LUNCH',NULL,1771763553120,NULL,0,NULL);
INSERT INTO meals VALUES(262,2,'Black Coffee',NULL,'NOON',NULL,1771763553131,NULL,0,NULL);
INSERT INTO meals VALUES(263,2,'Milk Tea',NULL,'EVENING',NULL,1771763553140,NULL,0,NULL);
INSERT INTO meals VALUES(264,2,'Paneer Lauki Chana Dal Rice',NULL,'DINNER',NULL,1771763553150,NULL,0,NULL);
INSERT INTO meals VALUES(265,2,'Onion Avocado Omelet',NULL,'BREAKFAST',NULL,1771763553176,NULL,0,NULL);
INSERT INTO meals VALUES(266,2,'Peanut Butter Apple Sandwich',NULL,'LUNCH',NULL,1771763553189,NULL,0,NULL);
INSERT INTO meals VALUES(267,2,'Black Coffee',NULL,'NOON',NULL,1771763553200,NULL,0,NULL);
INSERT INTO meals VALUES(268,2,'Milk Tea',NULL,'EVENING',NULL,1771763553209,NULL,0,NULL);
INSERT INTO meals VALUES(269,2,'Paneer Broccoli Spaghetti',NULL,'DINNER',NULL,1771763553222,NULL,0,NULL);
INSERT INTO meals VALUES(270,2,'Paneer Mix Veg Tortilla Wrap',NULL,'BREAKFAST',NULL,1771763553245,NULL,0,NULL);
INSERT INTO meals VALUES(271,2,'Mix Fruit Bowl',NULL,'LUNCH',NULL,1771763553255,NULL,0,NULL);
INSERT INTO meals VALUES(272,2,'Black Coffee',NULL,'NOON',NULL,1771763553272,NULL,0,NULL);
INSERT INTO meals VALUES(273,2,'Milk Tea + Pista',NULL,'EVENING',NULL,1771763553282,NULL,0,NULL);
INSERT INTO meals VALUES(274,2,'Roasted Chicken + Dal Chawal',NULL,'DINNER',NULL,1771763553294,NULL,0,NULL);
INSERT INTO meals VALUES(275,2,'Mix Veg Omelet Sandwich',NULL,'BREAKFAST',NULL,1771763553319,NULL,0,NULL);
INSERT INTO meals VALUES(276,2,'Mix Fruit Bowl',NULL,'LUNCH',NULL,1771763553334,NULL,0,NULL);
INSERT INTO meals VALUES(277,2,'Black Coffee',NULL,'NOON',NULL,1771763553347,NULL,0,NULL);
INSERT INTO meals VALUES(278,2,'Milk Tea + Pista',NULL,'EVENING',NULL,1771763553358,NULL,0,NULL);
INSERT INTO meals VALUES(279,2,'Chicken Potato Stir Fry + Rice',NULL,'DINNER',NULL,1771763553373,NULL,0,NULL);
INSERT INTO meals VALUES(280,2,'Mix Veg Besan Cheela',NULL,'BREAKFAST',NULL,1771763553391,NULL,0,NULL);
INSERT INTO meals VALUES(281,2,'Mix Veg Salad',NULL,'LUNCH',NULL,1771763553402,NULL,0,NULL);
INSERT INTO meals VALUES(282,2,'Black Coffee',NULL,'NOON',NULL,1771763553417,NULL,0,NULL);
INSERT INTO meals VALUES(283,2,'Milk Tea',NULL,'EVENING',NULL,1771763553427,NULL,0,NULL);
INSERT INTO meals VALUES(284,2,'Potato Chickpea Fried Rice',NULL,'DINNER',NULL,1771763553438,NULL,0,NULL);
INSERT INTO meals VALUES(285,2,'Mix Veg Omelet + BB Toast',NULL,'BREAKFAST',NULL,1771763553452,NULL,0,NULL);
INSERT INTO meals VALUES(286,2,'Paneer Stir Fry Wrap',NULL,'LUNCH',NULL,1771763553464,NULL,0,NULL);
INSERT INTO meals VALUES(287,2,'Black Coffee',NULL,'NOON',NULL,1771763553473,NULL,0,NULL);
INSERT INTO meals VALUES(288,2,'Mango Shake',NULL,'PRE_WORKOUT',NULL,1771763553481,NULL,0,NULL);
INSERT INTO meals VALUES(289,2,'Milk Tea',NULL,'EVENING',NULL,1771763553491,NULL,0,NULL);
INSERT INTO meals VALUES(290,2,'Chicken Broccoli Fried Rice',NULL,'DINNER',NULL,1771763553503,NULL,0,NULL);
INSERT INTO meals VALUES(291,2,'Paneer Besan Cheela',NULL,'BREAKFAST',NULL,1771763553520,NULL,0,NULL);
INSERT INTO meals VALUES(292,2,'Black Chickpea Chaat',NULL,'LUNCH',NULL,1771763553539,NULL,0,NULL);
INSERT INTO meals VALUES(293,2,'Black Coffee',NULL,'NOON',NULL,1771763553551,NULL,0,NULL);
INSERT INTO meals VALUES(294,2,'Apple Shake',NULL,'PRE_WORKOUT',NULL,1771763553563,NULL,0,NULL);
INSERT INTO meals VALUES(295,2,'Milk Tea',NULL,'EVENING',NULL,1771763553574,NULL,0,NULL);
INSERT INTO meals VALUES(296,2,'Aloo Bhindi + Roti',NULL,'DINNER',NULL,1771763553586,NULL,0,NULL);
INSERT INTO meals VALUES(297,2,'Mix Veg Omelet + Toast',NULL,'BREAKFAST',NULL,1771763553603,NULL,0,NULL);
INSERT INTO meals VALUES(298,2,'Paneer Mix Veg Salad',NULL,'LUNCH',NULL,1771763553614,NULL,0,NULL);
INSERT INTO meals VALUES(299,2,'Black Coffee',NULL,'NOON',NULL,1771763553627,NULL,0,NULL);
INSERT INTO meals VALUES(300,2,'Banana Shake',NULL,'PRE_WORKOUT',NULL,1771763553642,NULL,0,NULL);
INSERT INTO meals VALUES(301,2,'Milk Tea',NULL,'EVENING',NULL,1771763553651,NULL,0,NULL);
INSERT INTO meals VALUES(302,2,'Gobi Green Moong Dal Curry Rice',NULL,'DINNER',NULL,1771763553658,NULL,0,NULL);
INSERT INTO meals VALUES(303,2,'Paneer Stir Fry Tortilla',NULL,'BREAKFAST',NULL,1771763553672,NULL,0,NULL);
INSERT INTO meals VALUES(304,2,'Peanut Butter Sandwich',NULL,'LUNCH',NULL,1771763553684,NULL,0,NULL);
INSERT INTO meals VALUES(305,2,'Black Coffee',NULL,'NOON',NULL,1771763553693,NULL,0,NULL);
INSERT INTO meals VALUES(306,2,'Milk Tea',NULL,'EVENING',NULL,1771763553704,NULL,0,NULL);
INSERT INTO meals VALUES(307,2,'Egg Fried Rice',NULL,'DINNER',NULL,1771763553715,NULL,0,NULL);
INSERT INTO meals VALUES(308,2,'Chia Seeds',NULL,'EARLY_MORNING',NULL,1771763553741,NULL,0,NULL);
INSERT INTO meals VALUES(309,2,'Mix Veg Paneer Egg Bhurji',NULL,'BREAKFAST',NULL,1771763553751,NULL,0,NULL);
INSERT INTO meals VALUES(310,2,'Black Coffee',NULL,'NOON',NULL,1771763553763,NULL,0,NULL);
INSERT INTO meals VALUES(311,2,'Mix Fruit Bowl',NULL,'LUNCH',NULL,1771763553770,NULL,0,NULL);
INSERT INTO meals VALUES(312,2,'Milk Tea',NULL,'EVENING',NULL,1771763553785,NULL,0,NULL);
INSERT INTO meals VALUES(313,2,'Dry Fruits With Tea',NULL,'PRE_WORKOUT',NULL,1771763553796,NULL,0,NULL);
INSERT INTO meals VALUES(314,2,'Chicken Stir Fry',NULL,'DINNER',NULL,1771763553807,NULL,0,NULL);
INSERT INTO meals VALUES(315,2,'Chia Seeds',NULL,'EARLY_MORNING',NULL,1771763553840,NULL,0,NULL);
INSERT INTO meals VALUES(316,2,'Mashed Potato Sandwiches',NULL,'BREAKFAST',NULL,1771763553850,NULL,0,NULL);
INSERT INTO meals VALUES(317,2,'Black Coffee',NULL,'NOON',NULL,1771763553860,NULL,0,NULL);
INSERT INTO meals VALUES(318,2,'Overnight Oats Pudding',NULL,'LUNCH',NULL,1771763553871,NULL,0,NULL);
INSERT INTO meals VALUES(319,2,'Milk Tea',NULL,'EVENING',NULL,1771763553881,NULL,0,NULL);
INSERT INTO meals VALUES(320,2,'Oreo Milkshake',NULL,'PRE_WORKOUT',NULL,1771763553890,NULL,0,NULL);
INSERT INTO meals VALUES(321,2,'Paneer Broccoli Fried Rice',NULL,'DINNER',NULL,1771763553902,NULL,0,NULL);
INSERT INTO meals VALUES(322,2,'Zucchini Besan Chilla',NULL,'BREAKFAST',NULL,1771763553922,NULL,0,NULL);
INSERT INTO meals VALUES(323,2,'Black Coffee',NULL,'NOON',NULL,1771763553934,NULL,0,NULL);
INSERT INTO meals VALUES(324,2,'Peanut Butter Tortilla Wrap',NULL,'LUNCH',NULL,1771763553945,NULL,0,NULL);
INSERT INTO meals VALUES(325,2,'Milk Tea',NULL,'EVENING',NULL,1771763553956,NULL,0,NULL);
INSERT INTO meals VALUES(326,2,'Dates Blueberry Shake',NULL,'PRE_WORKOUT',NULL,1771763553966,NULL,0,NULL);
INSERT INTO meals VALUES(327,2,'Paneer Mix Veg Pasta',NULL,'DINNER',NULL,1771763553975,NULL,0,NULL);
INSERT INTO meals VALUES(328,2,'Mix Veg Omelet',NULL,'BREAKFAST',NULL,1771763553993,NULL,0,NULL);
INSERT INTO meals VALUES(329,2,'Black Coffee',NULL,'NOON',NULL,1771763554007,NULL,0,NULL);
INSERT INTO meals VALUES(330,2,'Fruit Bowl',NULL,'LUNCH',NULL,1771763554018,NULL,0,NULL);
INSERT INTO meals VALUES(331,2,'Milk Tea',NULL,'EVENING',NULL,1771763554037,NULL,0,NULL);
INSERT INTO meals VALUES(332,2,'Banana Shake',NULL,'PRE_WORKOUT',NULL,1771763554051,NULL,0,NULL);
INSERT INTO meals VALUES(333,2,'Paneer Potato Fried Rice',NULL,'DINNER',NULL,1771763554063,NULL,0,NULL);
INSERT INTO meals VALUES(334,2,'Paneer Bhurji Tortilla Wrap',NULL,'BREAKFAST',NULL,1771763554081,NULL,0,NULL);
INSERT INTO meals VALUES(335,2,'Black Coffee',NULL,'NOON',NULL,1771763554097,NULL,0,NULL);
INSERT INTO meals VALUES(336,2,'Fruit Bowl',NULL,'LUNCH',NULL,1771763554105,NULL,0,NULL);
INSERT INTO meals VALUES(337,2,'Milk Tea',NULL,'EVENING',NULL,1771763554118,NULL,0,NULL);
INSERT INTO meals VALUES(338,2,'Berry Shake',NULL,'PRE_WORKOUT',NULL,1771763554135,NULL,0,NULL);
INSERT INTO meals VALUES(339,2,'Zucchini Chana Dal Rice Roti',NULL,'DINNER',NULL,1771763554147,NULL,0,NULL);
INSERT INTO meals VALUES(340,2,'Mashed Potato Avocado Sandwich',NULL,'BREAKFAST',NULL,1771763554167,NULL,0,NULL);
INSERT INTO meals VALUES(341,2,'Black Coffee',NULL,'NOON',NULL,1771763554178,NULL,0,NULL);
INSERT INTO meals VALUES(342,2,'Oatmeal Chia Pudding',NULL,'LUNCH',NULL,1771763554188,NULL,0,NULL);
INSERT INTO meals VALUES(343,2,'Milk Tea',NULL,'EVENING',NULL,1771763554198,NULL,0,NULL);
INSERT INTO meals VALUES(344,2,'Mango Protein Shake',NULL,'PRE_WORKOUT',NULL,1771763554209,NULL,0,NULL);
INSERT INTO meals VALUES(345,2,'Paneer Veggie Pasta',NULL,'DINNER',NULL,1771763554222,NULL,0,NULL);
INSERT INTO meals VALUES(346,2,'Egg Cheese Wrap',NULL,'BREAKFAST',NULL,1771763554248,NULL,0,NULL);
INSERT INTO meals VALUES(347,2,'Black Coffee',NULL,'NOON',NULL,1771763554257,NULL,0,NULL);
INSERT INTO meals VALUES(348,2,'Mix Fruit Salad',NULL,'LUNCH',NULL,1771763554267,NULL,0,NULL);
INSERT INTO meals VALUES(349,2,'Milk Tea',NULL,'EVENING',NULL,1771763554279,NULL,0,NULL);
INSERT INTO meals VALUES(350,2,'Berry Protein Shake',NULL,'PRE_WORKOUT',NULL,1771763554288,NULL,0,NULL);
INSERT INTO meals VALUES(351,2,'Paneer Aalo Fried Rice',NULL,'DINNER',NULL,1771763554299,NULL,0,NULL);
INSERT INTO meals VALUES(352,2,'Chocolate Ice Cream',NULL,'POST_DINNER',NULL,1771763554320,NULL,0,NULL);
INSERT INTO meals VALUES(353,2,'Egg Veg Bhurji',NULL,'BREAKFAST',NULL,1771763554337,NULL,0,NULL);
INSERT INTO meals VALUES(354,2,'Black Coffee',NULL,'NOON',NULL,1771763554348,NULL,0,NULL);
INSERT INTO meals VALUES(355,2,'Paneer Salad Bowl',NULL,'LUNCH',NULL,1771763554358,NULL,0,NULL);
INSERT INTO meals VALUES(356,2,'Milk Tea',NULL,'EVENING',NULL,1771763554370,NULL,0,NULL);
INSERT INTO meals VALUES(357,2,'Banana Protein Shake',NULL,'PRE_WORKOUT',NULL,1771763554380,NULL,0,NULL);
INSERT INTO meals VALUES(358,2,'Chicken Veggie Fried Rice',NULL,'DINNER',NULL,1771763554395,NULL,0,NULL);
INSERT INTO meals VALUES(359,2,'Paneer Bhurji Besan Cheela',NULL,'BREAKFAST',NULL,1771763554409,NULL,0,NULL);
INSERT INTO meals VALUES(360,2,'Black Coffee',NULL,'NOON',NULL,1771763554417,NULL,0,NULL);
INSERT INTO meals VALUES(361,2,'Mix Fruit Salad',NULL,'LUNCH',NULL,1771763554427,NULL,0,NULL);
INSERT INTO meals VALUES(362,2,'Milk Tea',NULL,'EVENING',NULL,1771763554436,NULL,0,NULL);
INSERT INTO meals VALUES(363,2,'Berry Shake',NULL,'PRE_WORKOUT',NULL,1771763554447,NULL,0,NULL);
INSERT INTO meals VALUES(364,2,'Chicken Potato Pasta',NULL,'DINNER',NULL,1771763554454,NULL,0,NULL);
INSERT INTO meals VALUES(365,2,'Avocado Omelet BB Toast',NULL,'BREAKFAST',NULL,1771763554475,NULL,0,NULL);
INSERT INTO meals VALUES(366,2,'Black Coffee',NULL,'NOON',NULL,1771763554485,NULL,0,NULL);
INSERT INTO meals VALUES(367,2,'Mix Fruit Salad',NULL,'LUNCH',NULL,1771763554492,NULL,0,NULL);
INSERT INTO meals VALUES(368,2,'Milk Tea',NULL,'EVENING',NULL,1771763554503,NULL,0,NULL);
INSERT INTO meals VALUES(369,2,'Paneer Mix Veg Stir Fry',NULL,'DINNER',NULL,1771763554513,NULL,0,NULL);
INSERT INTO meals VALUES(370,2,'Oats Peanut Butter Shake',NULL,'POST_WORKOUT',NULL,1771763554525,NULL,0,NULL);
INSERT INTO meals VALUES(371,2,'Paneer Bhurji Tortilla Wrap',NULL,'BREAKFAST',NULL,1771763554542,NULL,0,NULL);
INSERT INTO meals VALUES(372,2,'Black Coffee',NULL,'NOON',NULL,1771763554555,NULL,0,NULL);
INSERT INTO meals VALUES(373,2,'Mix Fruit Salad',NULL,'LUNCH',NULL,1771763554571,NULL,0,NULL);
INSERT INTO meals VALUES(374,2,'Milk Tea',NULL,'EVENING',NULL,1771763554584,NULL,0,NULL);
INSERT INTO meals VALUES(375,2,'Chicken Cabbage Roti',NULL,'DINNER',NULL,1771763554596,NULL,0,NULL);
INSERT INTO meals VALUES(376,2,'Berry Protein Shake',NULL,'POST_WORKOUT',NULL,1771763554610,NULL,0,NULL);
INSERT INTO meals VALUES(377,2,'Paneer Bhurji Sandwich',NULL,'BREAKFAST',NULL,1771763554628,NULL,0,NULL);
INSERT INTO meals VALUES(378,2,'Black Coffee',NULL,'NOON',NULL,1771763554639,NULL,0,NULL);
INSERT INTO meals VALUES(379,2,'Chickpea Stir Fry',NULL,'LUNCH',NULL,1771763554650,NULL,0,NULL);
INSERT INTO meals VALUES(380,2,'Milk Tea',NULL,'EVENING',NULL,1771763554670,NULL,0,NULL);
INSERT INTO meals VALUES(381,2,'Spinach Mushroom Curry Rice',NULL,'DINNER',NULL,1771763554684,NULL,0,NULL);
INSERT INTO meals VALUES(382,2,'Fruit Protein Shake',NULL,'POST_WORKOUT',NULL,1771763554698,NULL,0,NULL);
INSERT INTO meals VALUES(383,2,'Mix Veg Paneer Besan Chilla',NULL,'BREAKFAST',NULL,1771763554718,NULL,0,NULL);
INSERT INTO meals VALUES(384,2,'Black Coffee',NULL,'NOON',NULL,1771763554729,NULL,0,NULL);
INSERT INTO meals VALUES(385,2,'Peanut Butter Banana Sandwich',NULL,'LUNCH',NULL,1771763554740,NULL,0,NULL);
INSERT INTO meals VALUES(386,2,'Milk Tea',NULL,'EVENING',NULL,1771763554752,NULL,0,NULL);
INSERT INTO meals VALUES(387,2,'Aalo Soya Veg Roti',NULL,'DINNER',NULL,1771763554763,NULL,0,NULL);
INSERT INTO meals VALUES(388,2,'Fruit Protein Shake',NULL,'POST_WORKOUT',NULL,1771763554784,NULL,0,NULL);
INSERT INTO meals VALUES(389,2,'3 Layer Egg Sandwich',NULL,'BREAKFAST',NULL,1771763554809,NULL,0,NULL);
INSERT INTO meals VALUES(390,2,'Black Coffee',NULL,'NOON',NULL,1771763554823,NULL,0,NULL);
INSERT INTO meals VALUES(391,2,'Mix Fruit Salad Bowl',NULL,'LUNCH',NULL,1771763554833,NULL,0,NULL);
INSERT INTO meals VALUES(392,2,'Milk Tea',NULL,'EVENING',NULL,1771763554840,NULL,0,NULL);
INSERT INTO meals VALUES(393,2,'Chicken Mix Veg Moong Dal Rice',NULL,'DINNER',NULL,1771763554851,NULL,0,NULL);
INSERT INTO meals VALUES(394,2,'Dates Protein Shake',NULL,'POST_WORKOUT',NULL,1771763554866,NULL,0,NULL);
INSERT INTO meals VALUES(395,2,'Water + Chia Seeds',NULL,'EARLY_MORNING',NULL,1771763554884,NULL,0,NULL);
INSERT INTO meals VALUES(396,2,'Masala Veggie Poha',NULL,'BREAKFAST',NULL,1771763554894,NULL,0,NULL);
INSERT INTO meals VALUES(397,2,'Black Coffee',NULL,'NOON',NULL,1771763554906,NULL,0,NULL);
INSERT INTO meals VALUES(398,2,'Mix Fruit Salad Bowl',NULL,'LUNCH',NULL,1771763554917,NULL,0,NULL);
INSERT INTO meals VALUES(399,2,'Milk Tea',NULL,'EVENING',NULL,1771763554927,NULL,0,NULL);
INSERT INTO meals VALUES(400,2,'Chicken Broccoli Fried Rice',NULL,'DINNER',NULL,1771763554937,NULL,0,NULL);
INSERT INTO meals VALUES(401,2,'Strawberry Protein Shake',NULL,'POST_WORKOUT',NULL,1771763554948,NULL,0,NULL);
INSERT INTO meals VALUES(402,2,'Mix Veg Omelet Tortilla Wrap',NULL,'BREAKFAST',NULL,1771763554970,NULL,0,NULL);
INSERT INTO meals VALUES(403,2,'Black Coffee',NULL,'NOON',NULL,1771763554984,NULL,0,NULL);
INSERT INTO meals VALUES(404,2,'Paneer Lettuce Salad Bowl',NULL,'LUNCH',NULL,1771763554997,NULL,0,NULL);
INSERT INTO meals VALUES(405,2,'Milk Tea',NULL,'EVENING',NULL,1771763555009,NULL,0,NULL);
INSERT INTO meals VALUES(406,2,'Chicken Mix Veg Stir Fry Pasta',NULL,'DINNER',NULL,1771763555017,NULL,0,NULL);
INSERT INTO meals VALUES(407,2,'Protein Shake',NULL,'POST_WORKOUT',NULL,1771763555028,NULL,0,NULL);
INSERT INTO meals VALUES(408,2,'Boiled Egg Sandwiches',NULL,'BREAKFAST',NULL,1771763555043,NULL,0,NULL);
INSERT INTO meals VALUES(409,2,'Black Coffee',NULL,'NOON',NULL,1771763555059,NULL,0,NULL);
INSERT INTO meals VALUES(410,2,'Banana Peanut Butter Tortilla',NULL,'LUNCH',NULL,1771763555069,NULL,0,NULL);
INSERT INTO meals VALUES(411,2,'Milk Tea',NULL,'EVENING',NULL,1771763555083,NULL,0,NULL);
INSERT INTO meals VALUES(412,2,'Paneer Rajma Fried Rice',NULL,'DINNER',NULL,1771763555094,NULL,0,NULL);
INSERT INTO meals VALUES(413,2,'Dates Protein Shake',NULL,'POST_WORKOUT',NULL,1771763555106,NULL,0,NULL);
INSERT INTO meals VALUES(414,2,'Paneer Bhurji Tortilla Wrap',NULL,'BREAKFAST',NULL,1771763555123,NULL,0,NULL);
INSERT INTO meals VALUES(415,2,'Black Coffee',NULL,'NOON',NULL,1771763555132,NULL,0,NULL);
INSERT INTO meals VALUES(416,2,'Mix Fruit Salad',NULL,'LUNCH',NULL,1771763555144,NULL,0,NULL);
INSERT INTO meals VALUES(417,2,'Milk Tea',NULL,'EVENING',NULL,1771763555151,NULL,0,NULL);
INSERT INTO meals VALUES(418,2,'Chicken Mix Veg Pasta',NULL,'DINNER',NULL,1771763555157,NULL,0,NULL);
INSERT INTO meals VALUES(419,2,'Ice Cream Brownie Dessert',NULL,'POST_DINNER',NULL,1771763555165,NULL,0,NULL);
INSERT INTO meals VALUES(420,2,'Omelet Sourdough Bread Toasts',NULL,'BREAKFAST',NULL,1771763555177,NULL,0,NULL);
INSERT INTO meals VALUES(421,2,'Black Coffee',NULL,'NOON',NULL,1771763555184,NULL,0,NULL);
INSERT INTO meals VALUES(422,2,'Mix Fruit Salad',NULL,'LUNCH',NULL,1771763555197,NULL,0,NULL);
INSERT INTO meals VALUES(423,2,'Milk Tea',NULL,'EVENING',NULL,1771763555205,NULL,0,NULL);
INSERT INTO meals VALUES(424,2,'Paneer Zucchini Chana Dal Rice',NULL,'DINNER',NULL,1771763555213,NULL,0,NULL);
INSERT INTO meals VALUES(425,2,'Chickpea Potato Chaat',NULL,'BREAKFAST',NULL,1771763555226,NULL,0,NULL);
INSERT INTO meals VALUES(426,2,'Black Coffee',NULL,'NOON',NULL,1771763555237,NULL,0,NULL);
INSERT INTO meals VALUES(427,2,'Mix Fruit Salad',NULL,'LUNCH',NULL,1771763555243,NULL,0,NULL);
INSERT INTO meals VALUES(428,2,'Milk Tea',NULL,'EVENING',NULL,1771763555256,NULL,0,NULL);
INSERT INTO meals VALUES(429,2,'Mix Egg Fried Rice',NULL,'DINNER',NULL,1771763555263,NULL,0,NULL);
INSERT INTO meals VALUES(430,2,'Paneer Bhurji BB Toast',NULL,'BREAKFAST',NULL,1771763555277,NULL,0,NULL);
INSERT INTO meals VALUES(431,2,'Black Coffee',NULL,'NOON',NULL,1771763555285,NULL,0,NULL);
INSERT INTO meals VALUES(432,2,'Mix Fruit Salad',NULL,'LUNCH',NULL,1771763555295,NULL,0,NULL);
INSERT INTO meals VALUES(433,2,'Milk Tea',NULL,'EVENING',NULL,1771763555303,NULL,0,NULL);
INSERT INTO meals VALUES(434,2,'Rajma Rice Jeera Aalo Roti',NULL,'DINNER',NULL,1771763555311,NULL,0,NULL);
INSERT INTO meals VALUES(435,3,'Mix Veg Omelet + BB Toast',NULL,'BREAKFAST',NULL,1772265712067,NULL,0,NULL);
INSERT INTO meals VALUES(436,3,'Mix Fruit Bowl',NULL,'LUNCH',NULL,1772265712080,NULL,0,NULL);
INSERT INTO meals VALUES(437,3,'Black Coffee',NULL,'NOON',NULL,1772265712086,NULL,0,NULL);
INSERT INTO meals VALUES(438,3,'Milk Tea',NULL,'EVENING',NULL,1772265712095,NULL,0,NULL);
INSERT INTO meals VALUES(439,3,'Broccoli Mix Veg Fried Rice',NULL,'DINNER',NULL,1772265712104,NULL,0,NULL);
INSERT INTO meals VALUES(440,3,'Paneer Corn Stir Fry + BB Toast',NULL,'BREAKFAST',NULL,1772265712124,NULL,0,NULL);
INSERT INTO meals VALUES(441,3,'Mix Fruit Bowl',NULL,'LUNCH',NULL,1772265712144,NULL,0,NULL);
INSERT INTO meals VALUES(442,3,'Black Coffee',NULL,'NOON',NULL,1772265712164,NULL,0,NULL);
INSERT INTO meals VALUES(443,3,'Milk Tea',NULL,'EVENING',NULL,1772265712173,NULL,0,NULL);
INSERT INTO meals VALUES(444,3,'Tofu Veggie Fried Rice',NULL,'DINNER',NULL,1772265712182,NULL,0,NULL);
INSERT INTO meals VALUES(445,3,'Potato Egg Bhurji + BB Toast',NULL,'BREAKFAST',NULL,1772265712198,NULL,0,NULL);
INSERT INTO meals VALUES(446,3,'Peanut Butter Banana Sandwich',NULL,'LUNCH',NULL,1772265712208,NULL,0,NULL);
INSERT INTO meals VALUES(447,3,'Black Coffee',NULL,'NOON',NULL,1772265712220,NULL,0,NULL);
INSERT INTO meals VALUES(448,3,'Milk Tea',NULL,'EVENING',NULL,1772265712234,NULL,0,NULL);
INSERT INTO meals VALUES(449,3,'Mix Veg + Mix Flour Liquid Dough Roti',NULL,'DINNER',NULL,1772265712247,NULL,0,NULL);
INSERT INTO meals VALUES(450,3,'Mix Veg Omelet Tortilla Wrap',NULL,'BREAKFAST',NULL,1772265712269,NULL,0,NULL);
INSERT INTO meals VALUES(451,3,'Mix Fruit Bowl',NULL,'LUNCH',NULL,1772265712281,NULL,0,NULL);
INSERT INTO meals VALUES(452,3,'Black Coffee',NULL,'NOON',NULL,1772265712290,NULL,0,NULL);
INSERT INTO meals VALUES(453,3,'Dry Fruits Mix',NULL,'PRE_WORKOUT',NULL,1772265712299,NULL,0,NULL);
INSERT INTO meals VALUES(454,3,'Milk Tea',NULL,'EVENING',NULL,1772265712311,NULL,0,NULL);
INSERT INTO meals VALUES(455,3,'Paneer Cauliflower Fried Rice',NULL,'DINNER',NULL,1772265712318,NULL,0,NULL);
INSERT INTO meals VALUES(456,3,'Chickpea Stir Fry + BB Toast',NULL,'BREAKFAST',NULL,1772265712341,NULL,0,NULL);
INSERT INTO meals VALUES(457,3,'Mix Fruit Bowl',NULL,'LUNCH',NULL,1772265712357,NULL,0,NULL);
INSERT INTO meals VALUES(458,3,'Black Coffee',NULL,'NOON',NULL,1772265712373,NULL,0,NULL);
INSERT INTO meals VALUES(459,3,'Milk Tea',NULL,'EVENING',NULL,1772265712387,NULL,0,NULL);
INSERT INTO meals VALUES(460,3,'Egg Mix Veg Fried Pasta',NULL,'DINNER',NULL,1772265712394,NULL,0,NULL);
INSERT INTO meals VALUES(461,3,'Post Workout Snack',NULL,'POST_WORKOUT',NULL,1772265712402,NULL,0,NULL);
INSERT INTO meals VALUES(462,3,'Paneer Bhurji Tortilla Wrap',NULL,'BREAKFAST',NULL,1772265712413,NULL,0,NULL);
INSERT INTO meals VALUES(463,3,'Mix Fruit Bowl',NULL,'LUNCH',NULL,1772265712423,NULL,0,NULL);
INSERT INTO meals VALUES(464,3,'Black Coffee',NULL,'NOON',NULL,1772265712429,NULL,0,NULL);
INSERT INTO meals VALUES(465,3,'Milk Tea',NULL,'EVENING',NULL,1772265712437,NULL,0,NULL);
INSERT INTO meals VALUES(466,3,'Tofu Mix Fried Rice',NULL,'DINNER',NULL,1772265712445,NULL,0,NULL);
INSERT INTO meals VALUES(467,3,'Mix Veg Cheese Omelet',NULL,'BREAKFAST',NULL,1772265712458,NULL,0,NULL);
INSERT INTO meals VALUES(468,3,'Mix Fruit Bowl',NULL,'LUNCH',NULL,1772265712467,NULL,0,NULL);
INSERT INTO meals VALUES(469,3,'Black Coffee',NULL,'NOON',NULL,1772265712477,NULL,0,NULL);
INSERT INTO meals VALUES(470,3,'Milk Tea',NULL,'EVENING',NULL,1772265712487,NULL,0,NULL);
INSERT INTO meals VALUES(471,3,'Paneer Moong Dal + Rice',NULL,'DINNER',NULL,1772265712496,NULL,0,NULL);
INSERT INTO meals VALUES(472,3,'3 Layer Tofu Mix Veg Salad',NULL,'BREAKFAST',NULL,1772265712519,NULL,0,NULL);
INSERT INTO meals VALUES(473,3,'Mix Fruit Bowl',NULL,'LUNCH',NULL,1772265712542,NULL,0,NULL);
INSERT INTO meals VALUES(474,3,'Black Coffee',NULL,'NOON',NULL,1772265712552,NULL,0,NULL);
INSERT INTO meals VALUES(475,3,'Milk Tea',NULL,'EVENING',NULL,1772265712562,NULL,0,NULL);
INSERT INTO meals VALUES(476,3,'Potato Mushroom Pasta',NULL,'DINNER',NULL,1772265712571,NULL,0,NULL);
INSERT INTO meals VALUES(477,3,'Egg Parantha (Liquid Dough)',NULL,'BREAKFAST',NULL,1772265712591,NULL,0,NULL);
INSERT INTO meals VALUES(478,3,'Mix Fruit Bowl',NULL,'LUNCH',NULL,1772265712605,NULL,0,NULL);
INSERT INTO meals VALUES(479,3,'Black Coffee',NULL,'NOON',NULL,1772265712616,NULL,0,NULL);
INSERT INTO meals VALUES(480,3,'Milk Tea',NULL,'EVENING',NULL,1772265712624,NULL,0,NULL);
INSERT INTO meals VALUES(481,3,'Paneer Lauki Chana Dal Rice',NULL,'DINNER',NULL,1772265712634,NULL,0,NULL);
INSERT INTO meals VALUES(482,3,'Onion Avocado Omelet',NULL,'BREAKFAST',NULL,1772265712647,NULL,0,NULL);
INSERT INTO meals VALUES(483,3,'Peanut Butter Apple Sandwich',NULL,'LUNCH',NULL,1772265712659,NULL,0,NULL);
INSERT INTO meals VALUES(484,3,'Black Coffee',NULL,'NOON',NULL,1772265712666,NULL,0,NULL);
INSERT INTO meals VALUES(485,3,'Milk Tea',NULL,'EVENING',NULL,1772265712677,NULL,0,NULL);
INSERT INTO meals VALUES(486,3,'Paneer Broccoli Spaghetti',NULL,'DINNER',NULL,1772265712687,NULL,0,NULL);
INSERT INTO meals VALUES(487,3,'Paneer Mix Veg Tortilla Wrap',NULL,'BREAKFAST',NULL,1772265712705,NULL,0,NULL);
INSERT INTO meals VALUES(488,3,'Mix Fruit Bowl',NULL,'LUNCH',NULL,1772265712719,NULL,0,NULL);
INSERT INTO meals VALUES(489,3,'Black Coffee',NULL,'NOON',NULL,1772265712734,NULL,0,NULL);
INSERT INTO meals VALUES(490,3,'Milk Tea + Pista',NULL,'EVENING',NULL,1772265712739,NULL,0,NULL);
INSERT INTO meals VALUES(491,3,'Roasted Chicken + Dal Chawal',NULL,'DINNER',NULL,1772265712748,NULL,0,NULL);
INSERT INTO meals VALUES(492,3,'Mix Veg Omelet Sandwich',NULL,'BREAKFAST',NULL,1772265712767,NULL,0,NULL);
INSERT INTO meals VALUES(493,3,'Mix Fruit Bowl',NULL,'LUNCH',NULL,1772265712776,NULL,0,NULL);
INSERT INTO meals VALUES(494,3,'Black Coffee',NULL,'NOON',NULL,1772265712784,NULL,0,NULL);
INSERT INTO meals VALUES(495,3,'Milk Tea + Pista',NULL,'EVENING',NULL,1772265712793,NULL,0,NULL);
INSERT INTO meals VALUES(496,3,'Chicken Potato Stir Fry + Rice',NULL,'DINNER',NULL,1772265712810,NULL,0,NULL);
INSERT INTO meals VALUES(497,3,'Mix Veg Besan Cheela',NULL,'BREAKFAST',NULL,1772265712828,NULL,0,NULL);
INSERT INTO meals VALUES(498,3,'Mix Veg Salad',NULL,'LUNCH',NULL,1772265712842,NULL,0,NULL);
INSERT INTO meals VALUES(499,3,'Black Coffee',NULL,'NOON',NULL,1772265712850,NULL,0,NULL);
INSERT INTO meals VALUES(500,3,'Milk Tea',NULL,'EVENING',NULL,1772265712859,NULL,0,NULL);
INSERT INTO meals VALUES(501,3,'Potato Chickpea Fried Rice',NULL,'DINNER',NULL,1772265712868,NULL,0,NULL);
INSERT INTO meals VALUES(502,3,'Mix Veg Omelet + BB Toast',NULL,'BREAKFAST',NULL,1772265712882,NULL,0,NULL);
INSERT INTO meals VALUES(503,3,'Paneer Stir Fry Wrap',NULL,'LUNCH',NULL,1772265712893,NULL,0,NULL);
INSERT INTO meals VALUES(504,3,'Black Coffee',NULL,'NOON',NULL,1772265712902,NULL,0,NULL);
INSERT INTO meals VALUES(505,3,'Mango Shake',NULL,'PRE_WORKOUT',NULL,1772265712909,NULL,0,NULL);
INSERT INTO meals VALUES(506,3,'Milk Tea',NULL,'EVENING',NULL,1772265712917,NULL,0,NULL);
INSERT INTO meals VALUES(507,3,'Chicken Broccoli Fried Rice',NULL,'DINNER',NULL,1772265712923,NULL,0,NULL);
INSERT INTO meals VALUES(508,3,'Paneer Besan Cheela',NULL,'BREAKFAST',NULL,1772265712940,NULL,0,NULL);
INSERT INTO meals VALUES(509,3,'Black Chickpea Chaat',NULL,'LUNCH',NULL,1772265712950,NULL,0,NULL);
INSERT INTO meals VALUES(510,3,'Black Coffee',NULL,'NOON',NULL,1772265712958,NULL,0,NULL);
INSERT INTO meals VALUES(511,3,'Apple Shake',NULL,'PRE_WORKOUT',NULL,1772265712966,NULL,0,NULL);
INSERT INTO meals VALUES(512,3,'Milk Tea',NULL,'EVENING',NULL,1772265712973,NULL,0,NULL);
INSERT INTO meals VALUES(513,3,'Aloo Bhindi + Roti',NULL,'DINNER',NULL,1772265712979,NULL,0,NULL);
INSERT INTO meals VALUES(514,3,'Mix Veg Omelet + Toast',NULL,'BREAKFAST',NULL,1772265712995,NULL,0,NULL);
INSERT INTO meals VALUES(515,3,'Paneer Mix Veg Salad',NULL,'LUNCH',NULL,1772265713005,NULL,0,NULL);
INSERT INTO meals VALUES(516,3,'Black Coffee',NULL,'NOON',NULL,1772265713016,NULL,0,NULL);
INSERT INTO meals VALUES(517,3,'Banana Shake',NULL,'PRE_WORKOUT',NULL,1772265713026,NULL,0,NULL);
INSERT INTO meals VALUES(518,3,'Milk Tea',NULL,'EVENING',NULL,1772265713035,NULL,0,NULL);
INSERT INTO meals VALUES(519,3,'Gobi Green Moong Dal Curry Rice',NULL,'DINNER',NULL,1772265713042,NULL,0,NULL);
INSERT INTO meals VALUES(520,3,'Paneer Stir Fry Tortilla',NULL,'BREAKFAST',NULL,1772265713059,NULL,0,NULL);
INSERT INTO meals VALUES(521,3,'Peanut Butter Sandwich',NULL,'LUNCH',NULL,1772265713074,NULL,0,NULL);
INSERT INTO meals VALUES(522,3,'Black Coffee',NULL,'NOON',NULL,1772265713083,NULL,0,NULL);
INSERT INTO meals VALUES(523,3,'Milk Tea',NULL,'EVENING',NULL,1772265713094,NULL,0,NULL);
INSERT INTO meals VALUES(524,3,'Egg Fried Rice',NULL,'DINNER',NULL,1772265713104,NULL,0,NULL);
INSERT INTO meals VALUES(525,3,'Chia Seeds',NULL,'EARLY_MORNING',NULL,1772265713121,NULL,0,NULL);
INSERT INTO meals VALUES(526,3,'Mix Veg Paneer Egg Bhurji',NULL,'BREAKFAST',NULL,1772265713132,NULL,0,NULL);
INSERT INTO meals VALUES(527,3,'Black Coffee',NULL,'NOON',NULL,1772265713141,NULL,0,NULL);
INSERT INTO meals VALUES(528,3,'Mix Fruit Bowl',NULL,'LUNCH',NULL,1772265713149,NULL,0,NULL);
INSERT INTO meals VALUES(529,3,'Milk Tea',NULL,'EVENING',NULL,1772265713158,NULL,0,NULL);
INSERT INTO meals VALUES(530,3,'Dry Fruits With Tea',NULL,'PRE_WORKOUT',NULL,1772265713168,NULL,0,NULL);
INSERT INTO meals VALUES(531,3,'Chicken Stir Fry',NULL,'DINNER',NULL,1772265713175,NULL,0,NULL);
INSERT INTO meals VALUES(532,3,'Chia Seeds',NULL,'EARLY_MORNING',NULL,1772265713194,NULL,0,NULL);
INSERT INTO meals VALUES(533,3,'Mashed Potato Sandwiches',NULL,'BREAKFAST',NULL,1772265713207,NULL,0,NULL);
INSERT INTO meals VALUES(534,3,'Black Coffee',NULL,'NOON',NULL,1772265713219,NULL,0,NULL);
INSERT INTO meals VALUES(535,3,'Overnight Oats Pudding',NULL,'LUNCH',NULL,1772265713228,NULL,0,NULL);
INSERT INTO meals VALUES(536,3,'Milk Tea',NULL,'EVENING',NULL,1772265713238,NULL,0,NULL);
INSERT INTO meals VALUES(537,3,'Oreo Milkshake',NULL,'PRE_WORKOUT',NULL,1772265713249,NULL,0,NULL);
INSERT INTO meals VALUES(538,3,'Paneer Broccoli Fried Rice',NULL,'DINNER',NULL,1772265713260,NULL,0,NULL);
INSERT INTO meals VALUES(539,3,'Zucchini Besan Chilla',NULL,'BREAKFAST',NULL,1772265713279,NULL,0,NULL);
INSERT INTO meals VALUES(540,3,'Black Coffee',NULL,'NOON',NULL,1772265713292,NULL,0,NULL);
INSERT INTO meals VALUES(541,3,'Peanut Butter Tortilla Wrap',NULL,'LUNCH',NULL,1772265713300,NULL,0,NULL);
INSERT INTO meals VALUES(542,3,'Milk Tea',NULL,'EVENING',NULL,1772265713307,NULL,0,NULL);
INSERT INTO meals VALUES(543,3,'Dates Blueberry Shake',NULL,'PRE_WORKOUT',NULL,1772265713315,NULL,0,NULL);
INSERT INTO meals VALUES(544,3,'Paneer Mix Veg Pasta',NULL,'DINNER',NULL,1772265713332,NULL,0,NULL);
INSERT INTO meals VALUES(545,3,'Mix Veg Omelet',NULL,'BREAKFAST',NULL,1772265713349,NULL,0,NULL);
INSERT INTO meals VALUES(546,3,'Black Coffee',NULL,'NOON',NULL,1772265713360,NULL,0,NULL);
INSERT INTO meals VALUES(547,3,'Fruit Bowl',NULL,'LUNCH',NULL,1772265713367,NULL,0,NULL);
INSERT INTO meals VALUES(548,3,'Milk Tea',NULL,'EVENING',NULL,1772265713377,NULL,0,NULL);
INSERT INTO meals VALUES(549,3,'Banana Shake',NULL,'PRE_WORKOUT',NULL,1772265713385,NULL,0,NULL);
INSERT INTO meals VALUES(550,3,'Paneer Potato Fried Rice',NULL,'DINNER',NULL,1772265713407,NULL,0,NULL);
INSERT INTO meals VALUES(551,3,'Paneer Bhurji Tortilla Wrap',NULL,'BREAKFAST',NULL,1772265713433,NULL,0,NULL);
INSERT INTO meals VALUES(552,3,'Black Coffee',NULL,'NOON',NULL,1772265713448,NULL,0,NULL);
INSERT INTO meals VALUES(553,3,'Fruit Bowl',NULL,'LUNCH',NULL,1772265713459,NULL,0,NULL);
INSERT INTO meals VALUES(554,3,'Milk Tea',NULL,'EVENING',NULL,1772265713466,NULL,0,NULL);
INSERT INTO meals VALUES(555,3,'Berry Shake',NULL,'PRE_WORKOUT',NULL,1772265713474,NULL,0,NULL);
INSERT INTO meals VALUES(556,3,'Zucchini Chana Dal Rice Roti',NULL,'DINNER',NULL,1772265713488,NULL,0,NULL);
INSERT INTO meals VALUES(557,3,'Mashed Potato Avocado Sandwich',NULL,'BREAKFAST',NULL,1772265713508,NULL,0,NULL);
INSERT INTO meals VALUES(558,3,'Black Coffee',NULL,'NOON',NULL,1772265713515,NULL,0,NULL);
INSERT INTO meals VALUES(559,3,'Oatmeal Chia Pudding',NULL,'LUNCH',NULL,1772265713525,NULL,0,NULL);
INSERT INTO meals VALUES(560,3,'Milk Tea',NULL,'EVENING',NULL,1772265713535,NULL,0,NULL);
INSERT INTO meals VALUES(561,3,'Mango Protein Shake',NULL,'PRE_WORKOUT',NULL,1772265713547,NULL,0,NULL);
INSERT INTO meals VALUES(562,3,'Paneer Veggie Pasta',NULL,'DINNER',NULL,1772265713557,NULL,0,NULL);
INSERT INTO meals VALUES(563,3,'Egg Cheese Wrap',NULL,'BREAKFAST',NULL,1772265713575,NULL,0,NULL);
INSERT INTO meals VALUES(564,3,'Black Coffee',NULL,'NOON',NULL,1772265713592,NULL,0,NULL);
INSERT INTO meals VALUES(565,3,'Mix Fruit Salad',NULL,'LUNCH',NULL,1772265713601,NULL,0,NULL);
INSERT INTO meals VALUES(566,3,'Milk Tea',NULL,'EVENING',NULL,1772265713615,NULL,0,NULL);
INSERT INTO meals VALUES(567,3,'Berry Protein Shake',NULL,'PRE_WORKOUT',NULL,1772265713628,NULL,0,NULL);
INSERT INTO meals VALUES(568,3,'Paneer Aalo Fried Rice',NULL,'DINNER',NULL,1772265713639,NULL,0,NULL);
INSERT INTO meals VALUES(569,3,'Chocolate Ice Cream',NULL,'POST_DINNER',NULL,1772265713650,NULL,0,NULL);
INSERT INTO meals VALUES(570,3,'Egg Veg Bhurji',NULL,'BREAKFAST',NULL,1772265713669,NULL,0,NULL);
INSERT INTO meals VALUES(571,3,'Black Coffee',NULL,'NOON',NULL,1772265713689,NULL,0,NULL);
INSERT INTO meals VALUES(572,3,'Paneer Salad Bowl',NULL,'LUNCH',NULL,1772265713700,NULL,0,NULL);
INSERT INTO meals VALUES(573,3,'Milk Tea',NULL,'EVENING',NULL,1772265713712,NULL,0,NULL);
INSERT INTO meals VALUES(574,3,'Banana Protein Shake',NULL,'PRE_WORKOUT',NULL,1772265713723,NULL,0,NULL);
INSERT INTO meals VALUES(575,3,'Chicken Veggie Fried Rice',NULL,'DINNER',NULL,1772265713734,NULL,0,NULL);
INSERT INTO meals VALUES(576,3,'Paneer Bhurji Besan Cheela',NULL,'BREAKFAST',NULL,1772265713755,NULL,0,NULL);
INSERT INTO meals VALUES(577,3,'Black Coffee',NULL,'NOON',NULL,1772265713776,NULL,0,NULL);
INSERT INTO meals VALUES(578,3,'Mix Fruit Salad',NULL,'LUNCH',NULL,1772265713784,NULL,0,NULL);
INSERT INTO meals VALUES(579,3,'Milk Tea',NULL,'EVENING',NULL,1772265713797,NULL,0,NULL);
INSERT INTO meals VALUES(580,3,'Berry Shake',NULL,'PRE_WORKOUT',NULL,1772265713806,NULL,0,NULL);
INSERT INTO meals VALUES(581,3,'Chicken Potato Pasta',NULL,'DINNER',NULL,1772265713812,NULL,0,NULL);
INSERT INTO meals VALUES(582,3,'Avocado Omelet BB Toast',NULL,'BREAKFAST',NULL,1772265713831,NULL,0,NULL);
INSERT INTO meals VALUES(583,3,'Black Coffee',NULL,'NOON',NULL,1772265713844,NULL,0,NULL);
INSERT INTO meals VALUES(584,3,'Mix Fruit Salad',NULL,'LUNCH',NULL,1772265713860,NULL,0,NULL);
INSERT INTO meals VALUES(585,3,'Milk Tea',NULL,'EVENING',NULL,1772265713869,NULL,0,NULL);
INSERT INTO meals VALUES(586,3,'Paneer Mix Veg Stir Fry',NULL,'DINNER',NULL,1772265713876,NULL,0,NULL);
INSERT INTO meals VALUES(587,3,'Oats Peanut Butter Shake',NULL,'POST_WORKOUT',NULL,1772265713881,NULL,0,NULL);
INSERT INTO meals VALUES(588,3,'Paneer Bhurji Tortilla Wrap',NULL,'BREAKFAST',NULL,1772265713889,NULL,0,NULL);
INSERT INTO meals VALUES(589,3,'Black Coffee',NULL,'NOON',NULL,1772265713897,NULL,0,NULL);
INSERT INTO meals VALUES(590,3,'Mix Fruit Salad',NULL,'LUNCH',NULL,1772265713902,NULL,0,NULL);
INSERT INTO meals VALUES(591,3,'Milk Tea',NULL,'EVENING',NULL,1772265713907,NULL,0,NULL);
INSERT INTO meals VALUES(592,3,'Chicken Cabbage Roti',NULL,'DINNER',NULL,1772265713919,NULL,0,NULL);
INSERT INTO meals VALUES(593,3,'Berry Protein Shake',NULL,'POST_WORKOUT',NULL,1772265713927,NULL,0,NULL);
INSERT INTO meals VALUES(594,3,'Paneer Bhurji Sandwich',NULL,'BREAKFAST',NULL,1772265713942,NULL,0,NULL);
INSERT INTO meals VALUES(595,3,'Black Coffee',NULL,'NOON',NULL,1772265713952,NULL,0,NULL);
INSERT INTO meals VALUES(596,3,'Chickpea Stir Fry',NULL,'LUNCH',NULL,1772265713959,NULL,0,NULL);
INSERT INTO meals VALUES(597,3,'Milk Tea',NULL,'EVENING',NULL,1772265713969,NULL,0,NULL);
INSERT INTO meals VALUES(598,3,'Spinach Mushroom Curry Rice',NULL,'DINNER',NULL,1772265713977,NULL,0,NULL);
INSERT INTO meals VALUES(599,3,'Fruit Protein Shake',NULL,'POST_WORKOUT',NULL,1772265713997,NULL,0,NULL);
INSERT INTO meals VALUES(600,3,'Mix Veg Paneer Besan Chilla',NULL,'BREAKFAST',NULL,1772265714014,NULL,0,NULL);
INSERT INTO meals VALUES(601,3,'Black Coffee',NULL,'NOON',NULL,1772265714026,NULL,0,NULL);
INSERT INTO meals VALUES(602,3,'Peanut Butter Banana Sandwich',NULL,'LUNCH',NULL,1772265714037,NULL,0,NULL);
INSERT INTO meals VALUES(603,3,'Milk Tea',NULL,'EVENING',NULL,1772265714047,NULL,0,NULL);
INSERT INTO meals VALUES(604,3,'Aalo Soya Veg Roti',NULL,'DINNER',NULL,1772265714056,NULL,0,NULL);
INSERT INTO meals VALUES(605,3,'Fruit Protein Shake',NULL,'POST_WORKOUT',NULL,1772265714068,NULL,0,NULL);
INSERT INTO meals VALUES(606,3,'3 Layer Egg Sandwich',NULL,'BREAKFAST',NULL,1772265714084,NULL,0,NULL);
INSERT INTO meals VALUES(607,3,'Black Coffee',NULL,'NOON',NULL,1772265714092,NULL,0,NULL);
INSERT INTO meals VALUES(608,3,'Mix Fruit Salad Bowl',NULL,'LUNCH',NULL,1772265714100,NULL,0,NULL);
INSERT INTO meals VALUES(609,3,'Milk Tea',NULL,'EVENING',NULL,1772265714108,NULL,0,NULL);
INSERT INTO meals VALUES(610,3,'Chicken Mix Veg Moong Dal Rice',NULL,'DINNER',NULL,1772265714114,NULL,0,NULL);
INSERT INTO meals VALUES(611,3,'Dates Protein Shake',NULL,'POST_WORKOUT',NULL,1772265714121,NULL,0,NULL);
INSERT INTO meals VALUES(612,3,'Water + Chia Seeds',NULL,'EARLY_MORNING',NULL,1772265714140,NULL,0,NULL);
INSERT INTO meals VALUES(613,3,'Masala Veggie Poha',NULL,'BREAKFAST',NULL,1772265714151,NULL,0,NULL);
INSERT INTO meals VALUES(614,3,'Black Coffee',NULL,'NOON',NULL,1772265714162,NULL,0,NULL);
INSERT INTO meals VALUES(615,3,'Mix Fruit Salad Bowl',NULL,'LUNCH',NULL,1772265714173,NULL,0,NULL);
INSERT INTO meals VALUES(616,3,'Milk Tea',NULL,'EVENING',NULL,1772265714182,NULL,0,NULL);
INSERT INTO meals VALUES(617,3,'Chicken Broccoli Fried Rice',NULL,'DINNER',NULL,1772265714191,NULL,0,NULL);
INSERT INTO meals VALUES(618,3,'Strawberry Protein Shake',NULL,'POST_WORKOUT',NULL,1772265714202,NULL,0,NULL);
INSERT INTO meals VALUES(619,3,'Mix Veg Omelet Tortilla Wrap',NULL,'BREAKFAST',NULL,1772265714226,NULL,0,NULL);
INSERT INTO meals VALUES(620,3,'Black Coffee',NULL,'NOON',NULL,1772265714235,NULL,0,NULL);
INSERT INTO meals VALUES(621,3,'Paneer Lettuce Salad Bowl',NULL,'LUNCH',NULL,1772265714244,NULL,0,NULL);
INSERT INTO meals VALUES(622,3,'Milk Tea',NULL,'EVENING',NULL,1772265714257,NULL,0,NULL);
INSERT INTO meals VALUES(623,3,'Chicken Mix Veg Stir Fry Pasta',NULL,'DINNER',NULL,1772265714266,NULL,0,NULL);
INSERT INTO meals VALUES(624,3,'Protein Shake',NULL,'POST_WORKOUT',NULL,1772265714277,NULL,0,NULL);
INSERT INTO meals VALUES(625,3,'Boiled Egg Sandwiches',NULL,'BREAKFAST',NULL,1772265714297,NULL,0,NULL);
INSERT INTO meals VALUES(626,3,'Black Coffee',NULL,'NOON',NULL,1772265714311,NULL,0,NULL);
INSERT INTO meals VALUES(627,3,'Banana Peanut Butter Tortilla',NULL,'LUNCH',NULL,1772265714317,NULL,0,NULL);
INSERT INTO meals VALUES(628,3,'Milk Tea',NULL,'EVENING',NULL,1772265714326,NULL,0,NULL);
INSERT INTO meals VALUES(629,3,'Paneer Rajma Fried Rice',NULL,'DINNER',NULL,1772265714335,NULL,0,NULL);
INSERT INTO meals VALUES(630,3,'Dates Protein Shake',NULL,'POST_WORKOUT',NULL,1772265714345,NULL,0,NULL);
INSERT INTO meals VALUES(631,3,'Paneer Bhurji Tortilla Wrap',NULL,'BREAKFAST',NULL,1772265714361,NULL,0,NULL);
INSERT INTO meals VALUES(632,3,'Black Coffee',NULL,'NOON',NULL,1772265714373,NULL,0,NULL);
INSERT INTO meals VALUES(633,3,'Mix Fruit Salad',NULL,'LUNCH',NULL,1772265714383,NULL,0,NULL);
INSERT INTO meals VALUES(634,3,'Milk Tea',NULL,'EVENING',NULL,1772265714395,NULL,0,NULL);
INSERT INTO meals VALUES(635,3,'Chicken Mix Veg Pasta',NULL,'DINNER',NULL,1772265714406,NULL,0,NULL);
INSERT INTO meals VALUES(636,3,'Ice Cream Brownie Dessert',NULL,'POST_DINNER',NULL,1772265714415,NULL,0,NULL);
INSERT INTO meals VALUES(637,3,'Omelet Sourdough Bread Toasts',NULL,'BREAKFAST',NULL,1772265714429,NULL,0,NULL);
INSERT INTO meals VALUES(638,3,'Black Coffee',NULL,'NOON',NULL,1772265714442,NULL,0,NULL);
INSERT INTO meals VALUES(639,3,'Mix Fruit Salad',NULL,'LUNCH',NULL,1772265714451,NULL,0,NULL);
INSERT INTO meals VALUES(640,3,'Milk Tea',NULL,'EVENING',NULL,1772265714460,NULL,0,NULL);
INSERT INTO meals VALUES(641,3,'Paneer Zucchini Chana Dal Rice',NULL,'DINNER',NULL,1772265714476,NULL,0,NULL);
INSERT INTO meals VALUES(642,3,'Chickpea Potato Chaat',NULL,'BREAKFAST',NULL,1772265714494,NULL,0,NULL);
INSERT INTO meals VALUES(643,3,'Black Coffee',NULL,'NOON',NULL,1772265714504,NULL,0,NULL);
INSERT INTO meals VALUES(644,3,'Mix Fruit Salad',NULL,'LUNCH',NULL,1772265714513,NULL,0,NULL);
INSERT INTO meals VALUES(645,3,'Milk Tea',NULL,'EVENING',NULL,1772265714524,NULL,0,NULL);
INSERT INTO meals VALUES(646,3,'Mix Egg Fried Rice',NULL,'DINNER',NULL,1772265714541,NULL,0,NULL);
INSERT INTO meals VALUES(647,3,'Paneer Bhurji BB Toast',NULL,'BREAKFAST',NULL,1772265714564,NULL,0,NULL);
INSERT INTO meals VALUES(648,3,'Black Coffee',NULL,'NOON',NULL,1772265714573,NULL,0,NULL);
INSERT INTO meals VALUES(649,3,'Mix Fruit Salad',NULL,'LUNCH',NULL,1772265714576,NULL,0,NULL);
INSERT INTO meals VALUES(650,3,'Milk Tea',NULL,'EVENING',NULL,1772265714585,NULL,0,NULL);
INSERT INTO meals VALUES(651,3,'Rajma Rice Jeera Aalo Roti',NULL,'DINNER',NULL,1772265714594,NULL,0,NULL);
INSERT INTO meals VALUES(652,1,'Breakfast',NULL,'BREAKFAST',NULL,1773848802500,NULL,1773848802500,NULL);
CREATE TABLE IF NOT EXISTS "custom_metric_types" (
                    id INTEGER PRIMARY KEY AUTOINCREMENT NOT NULL,
                    userId INTEGER NOT NULL,
                    name TEXT NOT NULL,
                    unit TEXT NOT NULL,
                    minValue REAL,
                    maxValue REAL,
                    isActive INTEGER NOT NULL DEFAULT 1,
                    FOREIGN KEY(userId) REFERENCES users(id) ON DELETE CASCADE
                );
CREATE TABLE diet_meals (
                    dietId INTEGER NOT NULL,
                    slotType TEXT NOT NULL,
                    mealId INTEGER, instructions TEXT DEFAULT NULL,
                    PRIMARY KEY(dietId, slotType),
                    FOREIGN KEY(dietId) REFERENCES diets(id) ON DELETE CASCADE,
                    FOREIGN KEY(mealId) REFERENCES meals(id) ON DELETE SET NULL
                );
INSERT INTO diet_meals VALUES(1,'BREAKFAST',1,NULL);
INSERT INTO diet_meals VALUES(1,'LUNCH',2,NULL);
INSERT INTO diet_meals VALUES(1,'NOON',3,NULL);
INSERT INTO diet_meals VALUES(1,'EVENING',4,NULL);
INSERT INTO diet_meals VALUES(1,'DINNER',5,NULL);
INSERT INTO diet_meals VALUES(2,'BREAKFAST',6,NULL);
INSERT INTO diet_meals VALUES(2,'LUNCH',7,NULL);
INSERT INTO diet_meals VALUES(2,'NOON',8,NULL);
INSERT INTO diet_meals VALUES(2,'EVENING',9,NULL);
INSERT INTO diet_meals VALUES(2,'DINNER',10,NULL);
INSERT INTO diet_meals VALUES(3,'BREAKFAST',11,NULL);
INSERT INTO diet_meals VALUES(3,'LUNCH',12,NULL);
INSERT INTO diet_meals VALUES(3,'NOON',13,NULL);
INSERT INTO diet_meals VALUES(3,'EVENING',14,NULL);
INSERT INTO diet_meals VALUES(3,'DINNER',15,NULL);
INSERT INTO diet_meals VALUES(4,'BREAKFAST',16,NULL);
INSERT INTO diet_meals VALUES(4,'LUNCH',17,NULL);
INSERT INTO diet_meals VALUES(4,'NOON',18,NULL);
INSERT INTO diet_meals VALUES(4,'PRE_WORKOUT',19,NULL);
INSERT INTO diet_meals VALUES(4,'EVENING',20,NULL);
INSERT INTO diet_meals VALUES(4,'DINNER',21,NULL);
INSERT INTO diet_meals VALUES(5,'BREAKFAST',22,NULL);
INSERT INTO diet_meals VALUES(5,'LUNCH',23,NULL);
INSERT INTO diet_meals VALUES(5,'NOON',24,NULL);
INSERT INTO diet_meals VALUES(5,'EVENING',25,NULL);
INSERT INTO diet_meals VALUES(5,'DINNER',26,NULL);
INSERT INTO diet_meals VALUES(5,'POST_WORKOUT',27,NULL);
INSERT INTO diet_meals VALUES(6,'BREAKFAST',28,NULL);
INSERT INTO diet_meals VALUES(6,'LUNCH',29,NULL);
INSERT INTO diet_meals VALUES(6,'NOON',30,NULL);
INSERT INTO diet_meals VALUES(6,'EVENING',31,NULL);
INSERT INTO diet_meals VALUES(6,'DINNER',32,NULL);
INSERT INTO diet_meals VALUES(7,'BREAKFAST',33,NULL);
INSERT INTO diet_meals VALUES(7,'LUNCH',34,NULL);
INSERT INTO diet_meals VALUES(7,'NOON',35,NULL);
INSERT INTO diet_meals VALUES(7,'EVENING',36,NULL);
INSERT INTO diet_meals VALUES(7,'DINNER',37,NULL);
INSERT INTO diet_meals VALUES(8,'BREAKFAST',38,NULL);
INSERT INTO diet_meals VALUES(8,'LUNCH',39,NULL);
INSERT INTO diet_meals VALUES(8,'NOON',40,NULL);
INSERT INTO diet_meals VALUES(8,'EVENING',41,NULL);
INSERT INTO diet_meals VALUES(8,'DINNER',42,NULL);
INSERT INTO diet_meals VALUES(9,'BREAKFAST',43,NULL);
INSERT INTO diet_meals VALUES(9,'LUNCH',44,NULL);
INSERT INTO diet_meals VALUES(9,'NOON',45,NULL);
INSERT INTO diet_meals VALUES(9,'EVENING',46,NULL);
INSERT INTO diet_meals VALUES(9,'DINNER',47,NULL);
INSERT INTO diet_meals VALUES(10,'BREAKFAST',48,NULL);
INSERT INTO diet_meals VALUES(10,'LUNCH',49,NULL);
INSERT INTO diet_meals VALUES(10,'NOON',50,NULL);
INSERT INTO diet_meals VALUES(10,'EVENING',51,NULL);
INSERT INTO diet_meals VALUES(10,'DINNER',52,NULL);
INSERT INTO diet_meals VALUES(11,'BREAKFAST',53,NULL);
INSERT INTO diet_meals VALUES(11,'LUNCH',54,NULL);
INSERT INTO diet_meals VALUES(11,'NOON',55,NULL);
INSERT INTO diet_meals VALUES(11,'EVENING',56,NULL);
INSERT INTO diet_meals VALUES(11,'DINNER',57,NULL);
INSERT INTO diet_meals VALUES(12,'BREAKFAST',58,NULL);
INSERT INTO diet_meals VALUES(12,'LUNCH',59,NULL);
INSERT INTO diet_meals VALUES(12,'NOON',60,NULL);
INSERT INTO diet_meals VALUES(12,'EVENING',61,NULL);
INSERT INTO diet_meals VALUES(12,'DINNER',62,NULL);
INSERT INTO diet_meals VALUES(13,'BREAKFAST',63,NULL);
INSERT INTO diet_meals VALUES(13,'LUNCH',64,NULL);
INSERT INTO diet_meals VALUES(13,'NOON',65,NULL);
INSERT INTO diet_meals VALUES(13,'EVENING',66,NULL);
INSERT INTO diet_meals VALUES(13,'DINNER',67,NULL);
INSERT INTO diet_meals VALUES(14,'BREAKFAST',68,NULL);
INSERT INTO diet_meals VALUES(14,'LUNCH',69,NULL);
INSERT INTO diet_meals VALUES(14,'NOON',70,NULL);
INSERT INTO diet_meals VALUES(14,'PRE_WORKOUT',71,NULL);
INSERT INTO diet_meals VALUES(14,'EVENING',72,NULL);
INSERT INTO diet_meals VALUES(14,'DINNER',73,NULL);
INSERT INTO diet_meals VALUES(15,'BREAKFAST',74,NULL);
INSERT INTO diet_meals VALUES(15,'LUNCH',75,NULL);
INSERT INTO diet_meals VALUES(15,'NOON',76,NULL);
INSERT INTO diet_meals VALUES(15,'PRE_WORKOUT',77,NULL);
INSERT INTO diet_meals VALUES(15,'EVENING',78,NULL);
INSERT INTO diet_meals VALUES(15,'DINNER',79,NULL);
INSERT INTO diet_meals VALUES(16,'BREAKFAST',80,NULL);
INSERT INTO diet_meals VALUES(16,'LUNCH',81,NULL);
INSERT INTO diet_meals VALUES(16,'NOON',82,NULL);
INSERT INTO diet_meals VALUES(16,'PRE_WORKOUT',83,NULL);
INSERT INTO diet_meals VALUES(16,'EVENING',84,NULL);
INSERT INTO diet_meals VALUES(16,'DINNER',85,NULL);
INSERT INTO diet_meals VALUES(17,'BREAKFAST',86,NULL);
INSERT INTO diet_meals VALUES(17,'LUNCH',87,NULL);
INSERT INTO diet_meals VALUES(17,'NOON',88,NULL);
INSERT INTO diet_meals VALUES(17,'EVENING',89,NULL);
INSERT INTO diet_meals VALUES(17,'DINNER',90,NULL);
INSERT INTO diet_meals VALUES(18,'EARLY_MORNING',91,NULL);
INSERT INTO diet_meals VALUES(18,'BREAKFAST',92,NULL);
INSERT INTO diet_meals VALUES(18,'NOON',93,NULL);
INSERT INTO diet_meals VALUES(18,'LUNCH',94,NULL);
INSERT INTO diet_meals VALUES(18,'EVENING',95,NULL);
INSERT INTO diet_meals VALUES(18,'PRE_WORKOUT',96,NULL);
INSERT INTO diet_meals VALUES(18,'DINNER',97,NULL);
INSERT INTO diet_meals VALUES(19,'EARLY_MORNING',98,NULL);
INSERT INTO diet_meals VALUES(19,'BREAKFAST',99,NULL);
INSERT INTO diet_meals VALUES(19,'NOON',100,NULL);
INSERT INTO diet_meals VALUES(19,'LUNCH',101,NULL);
INSERT INTO diet_meals VALUES(19,'EVENING',102,NULL);
INSERT INTO diet_meals VALUES(19,'PRE_WORKOUT',103,NULL);
INSERT INTO diet_meals VALUES(19,'DINNER',104,NULL);
INSERT INTO diet_meals VALUES(20,'BREAKFAST',105,NULL);
INSERT INTO diet_meals VALUES(20,'NOON',106,NULL);
INSERT INTO diet_meals VALUES(20,'LUNCH',107,NULL);
INSERT INTO diet_meals VALUES(20,'EVENING',108,NULL);
INSERT INTO diet_meals VALUES(20,'PRE_WORKOUT',109,NULL);
INSERT INTO diet_meals VALUES(20,'DINNER',110,NULL);
INSERT INTO diet_meals VALUES(21,'BREAKFAST',111,NULL);
INSERT INTO diet_meals VALUES(21,'NOON',112,NULL);
INSERT INTO diet_meals VALUES(21,'LUNCH',113,NULL);
INSERT INTO diet_meals VALUES(21,'EVENING',114,NULL);
INSERT INTO diet_meals VALUES(21,'PRE_WORKOUT',115,NULL);
INSERT INTO diet_meals VALUES(21,'DINNER',116,NULL);
INSERT INTO diet_meals VALUES(22,'BREAKFAST',117,NULL);
INSERT INTO diet_meals VALUES(22,'NOON',118,NULL);
INSERT INTO diet_meals VALUES(22,'LUNCH',119,NULL);
INSERT INTO diet_meals VALUES(22,'EVENING',120,NULL);
INSERT INTO diet_meals VALUES(22,'PRE_WORKOUT',121,NULL);
INSERT INTO diet_meals VALUES(22,'DINNER',122,NULL);
INSERT INTO diet_meals VALUES(23,'BREAKFAST',123,NULL);
INSERT INTO diet_meals VALUES(23,'NOON',124,NULL);
INSERT INTO diet_meals VALUES(23,'LUNCH',125,NULL);
INSERT INTO diet_meals VALUES(23,'EVENING',126,NULL);
INSERT INTO diet_meals VALUES(23,'PRE_WORKOUT',127,NULL);
INSERT INTO diet_meals VALUES(23,'DINNER',128,NULL);
INSERT INTO diet_meals VALUES(24,'BREAKFAST',129,NULL);
INSERT INTO diet_meals VALUES(24,'NOON',130,NULL);
INSERT INTO diet_meals VALUES(24,'LUNCH',131,NULL);
INSERT INTO diet_meals VALUES(24,'EVENING',132,NULL);
INSERT INTO diet_meals VALUES(24,'PRE_WORKOUT',133,NULL);
INSERT INTO diet_meals VALUES(24,'DINNER',134,NULL);
INSERT INTO diet_meals VALUES(24,'POST_DINNER',135,NULL);
INSERT INTO diet_meals VALUES(25,'BREAKFAST',136,NULL);
INSERT INTO diet_meals VALUES(25,'NOON',137,NULL);
INSERT INTO diet_meals VALUES(25,'LUNCH',138,NULL);
INSERT INTO diet_meals VALUES(25,'EVENING',139,NULL);
INSERT INTO diet_meals VALUES(25,'PRE_WORKOUT',140,NULL);
INSERT INTO diet_meals VALUES(25,'DINNER',141,NULL);
INSERT INTO diet_meals VALUES(26,'BREAKFAST',142,NULL);
INSERT INTO diet_meals VALUES(26,'NOON',143,NULL);
INSERT INTO diet_meals VALUES(26,'LUNCH',144,NULL);
INSERT INTO diet_meals VALUES(26,'EVENING',145,NULL);
INSERT INTO diet_meals VALUES(26,'PRE_WORKOUT',146,NULL);
INSERT INTO diet_meals VALUES(26,'DINNER',147,NULL);
INSERT INTO diet_meals VALUES(27,'BREAKFAST',148,NULL);
INSERT INTO diet_meals VALUES(27,'NOON',149,NULL);
INSERT INTO diet_meals VALUES(27,'LUNCH',150,NULL);
INSERT INTO diet_meals VALUES(27,'EVENING',151,NULL);
INSERT INTO diet_meals VALUES(27,'DINNER',152,NULL);
INSERT INTO diet_meals VALUES(27,'POST_WORKOUT',153,NULL);
INSERT INTO diet_meals VALUES(28,'BREAKFAST',154,NULL);
INSERT INTO diet_meals VALUES(28,'NOON',155,NULL);
INSERT INTO diet_meals VALUES(28,'LUNCH',156,NULL);
INSERT INTO diet_meals VALUES(28,'EVENING',157,NULL);
INSERT INTO diet_meals VALUES(28,'DINNER',158,NULL);
INSERT INTO diet_meals VALUES(28,'POST_WORKOUT',159,NULL);
INSERT INTO diet_meals VALUES(29,'BREAKFAST',160,NULL);
INSERT INTO diet_meals VALUES(29,'NOON',161,NULL);
INSERT INTO diet_meals VALUES(29,'LUNCH',162,NULL);
INSERT INTO diet_meals VALUES(29,'EVENING',163,'sugar free milk tea');
INSERT INTO diet_meals VALUES(29,'DINNER',164,NULL);
INSERT INTO diet_meals VALUES(29,'POST_WORKOUT',165,NULL);
INSERT INTO diet_meals VALUES(30,'BREAKFAST',166,NULL);
INSERT INTO diet_meals VALUES(30,'NOON',167,NULL);
INSERT INTO diet_meals VALUES(30,'LUNCH',168,NULL);
INSERT INTO diet_meals VALUES(30,'EVENING',169,NULL);
INSERT INTO diet_meals VALUES(30,'DINNER',170,NULL);
INSERT INTO diet_meals VALUES(30,'POST_WORKOUT',171,NULL);
INSERT INTO diet_meals VALUES(31,'BREAKFAST',172,NULL);
INSERT INTO diet_meals VALUES(31,'NOON',173,NULL);
INSERT INTO diet_meals VALUES(31,'LUNCH',174,NULL);
INSERT INTO diet_meals VALUES(31,'EVENING',175,NULL);
INSERT INTO diet_meals VALUES(31,'DINNER',176,NULL);
INSERT INTO diet_meals VALUES(31,'POST_WORKOUT',177,NULL);
INSERT INTO diet_meals VALUES(32,'EARLY_MORNING',178,NULL);
INSERT INTO diet_meals VALUES(32,'BREAKFAST',179,NULL);
INSERT INTO diet_meals VALUES(32,'NOON',180,NULL);
INSERT INTO diet_meals VALUES(32,'LUNCH',181,NULL);
INSERT INTO diet_meals VALUES(32,'EVENING',182,NULL);
INSERT INTO diet_meals VALUES(32,'DINNER',183,NULL);
INSERT INTO diet_meals VALUES(32,'POST_WORKOUT',184,NULL);
INSERT INTO diet_meals VALUES(33,'BREAKFAST',185,NULL);
INSERT INTO diet_meals VALUES(33,'NOON',186,NULL);
INSERT INTO diet_meals VALUES(33,'LUNCH',187,NULL);
INSERT INTO diet_meals VALUES(33,'EVENING',188,NULL);
INSERT INTO diet_meals VALUES(33,'DINNER',189,NULL);
INSERT INTO diet_meals VALUES(33,'POST_WORKOUT',190,NULL);
INSERT INTO diet_meals VALUES(34,'BREAKFAST',191,NULL);
INSERT INTO diet_meals VALUES(34,'NOON',192,NULL);
INSERT INTO diet_meals VALUES(34,'LUNCH',193,NULL);
INSERT INTO diet_meals VALUES(34,'EVENING',194,NULL);
INSERT INTO diet_meals VALUES(34,'DINNER',195,NULL);
INSERT INTO diet_meals VALUES(34,'POST_WORKOUT',196,NULL);
INSERT INTO diet_meals VALUES(35,'BREAKFAST',197,NULL);
INSERT INTO diet_meals VALUES(35,'NOON',198,NULL);
INSERT INTO diet_meals VALUES(35,'LUNCH',199,NULL);
INSERT INTO diet_meals VALUES(35,'EVENING',200,NULL);
INSERT INTO diet_meals VALUES(35,'DINNER',201,NULL);
INSERT INTO diet_meals VALUES(35,'POST_DINNER',202,NULL);
INSERT INTO diet_meals VALUES(36,'BREAKFAST',203,NULL);
INSERT INTO diet_meals VALUES(36,'NOON',204,NULL);
INSERT INTO diet_meals VALUES(36,'LUNCH',205,NULL);
INSERT INTO diet_meals VALUES(36,'EVENING',206,NULL);
INSERT INTO diet_meals VALUES(36,'DINNER',207,NULL);
INSERT INTO diet_meals VALUES(37,'BREAKFAST',208,NULL);
INSERT INTO diet_meals VALUES(37,'NOON',209,NULL);
INSERT INTO diet_meals VALUES(37,'LUNCH',210,NULL);
INSERT INTO diet_meals VALUES(37,'EVENING',211,NULL);
INSERT INTO diet_meals VALUES(37,'DINNER',212,NULL);
INSERT INTO diet_meals VALUES(38,'BREAKFAST',213,NULL);
INSERT INTO diet_meals VALUES(38,'NOON',214,NULL);
INSERT INTO diet_meals VALUES(38,'LUNCH',215,NULL);
INSERT INTO diet_meals VALUES(38,'EVENING',216,NULL);
INSERT INTO diet_meals VALUES(38,'DINNER',217,NULL);
INSERT INTO diet_meals VALUES(39,'BREAKFAST',218,NULL);
INSERT INTO diet_meals VALUES(39,'LUNCH',219,NULL);
INSERT INTO diet_meals VALUES(39,'NOON',220,NULL);
INSERT INTO diet_meals VALUES(39,'EVENING',221,NULL);
INSERT INTO diet_meals VALUES(39,'DINNER',222,NULL);
INSERT INTO diet_meals VALUES(40,'BREAKFAST',223,NULL);
INSERT INTO diet_meals VALUES(40,'LUNCH',224,NULL);
INSERT INTO diet_meals VALUES(40,'NOON',225,NULL);
INSERT INTO diet_meals VALUES(40,'EVENING',226,NULL);
INSERT INTO diet_meals VALUES(40,'DINNER',227,NULL);
INSERT INTO diet_meals VALUES(41,'BREAKFAST',228,NULL);
INSERT INTO diet_meals VALUES(41,'LUNCH',229,NULL);
INSERT INTO diet_meals VALUES(41,'NOON',230,NULL);
INSERT INTO diet_meals VALUES(41,'EVENING',231,NULL);
INSERT INTO diet_meals VALUES(41,'DINNER',232,NULL);
INSERT INTO diet_meals VALUES(42,'BREAKFAST',233,NULL);
INSERT INTO diet_meals VALUES(42,'LUNCH',234,NULL);
INSERT INTO diet_meals VALUES(42,'NOON',235,NULL);
INSERT INTO diet_meals VALUES(42,'PRE_WORKOUT',236,NULL);
INSERT INTO diet_meals VALUES(42,'EVENING',237,NULL);
INSERT INTO diet_meals VALUES(42,'DINNER',238,NULL);
INSERT INTO diet_meals VALUES(43,'BREAKFAST',239,NULL);
INSERT INTO diet_meals VALUES(43,'LUNCH',240,NULL);
INSERT INTO diet_meals VALUES(43,'NOON',241,NULL);
INSERT INTO diet_meals VALUES(43,'EVENING',242,NULL);
INSERT INTO diet_meals VALUES(43,'DINNER',243,NULL);
INSERT INTO diet_meals VALUES(43,'POST_WORKOUT',244,NULL);
INSERT INTO diet_meals VALUES(44,'BREAKFAST',245,NULL);
INSERT INTO diet_meals VALUES(44,'LUNCH',246,NULL);
INSERT INTO diet_meals VALUES(44,'NOON',247,NULL);
INSERT INTO diet_meals VALUES(44,'EVENING',248,NULL);
INSERT INTO diet_meals VALUES(44,'DINNER',249,NULL);
INSERT INTO diet_meals VALUES(45,'BREAKFAST',250,NULL);
INSERT INTO diet_meals VALUES(45,'LUNCH',251,NULL);
INSERT INTO diet_meals VALUES(45,'NOON',252,NULL);
INSERT INTO diet_meals VALUES(45,'EVENING',253,NULL);
INSERT INTO diet_meals VALUES(45,'DINNER',254,NULL);
INSERT INTO diet_meals VALUES(46,'BREAKFAST',255,NULL);
INSERT INTO diet_meals VALUES(46,'LUNCH',256,NULL);
INSERT INTO diet_meals VALUES(46,'NOON',257,NULL);
INSERT INTO diet_meals VALUES(46,'EVENING',258,NULL);
INSERT INTO diet_meals VALUES(46,'DINNER',259,NULL);
INSERT INTO diet_meals VALUES(47,'BREAKFAST',260,NULL);
INSERT INTO diet_meals VALUES(47,'LUNCH',261,NULL);
INSERT INTO diet_meals VALUES(47,'NOON',262,NULL);
INSERT INTO diet_meals VALUES(47,'EVENING',263,NULL);
INSERT INTO diet_meals VALUES(47,'DINNER',264,NULL);
INSERT INTO diet_meals VALUES(48,'BREAKFAST',265,NULL);
INSERT INTO diet_meals VALUES(48,'LUNCH',266,NULL);
INSERT INTO diet_meals VALUES(48,'NOON',267,NULL);
INSERT INTO diet_meals VALUES(48,'EVENING',268,NULL);
INSERT INTO diet_meals VALUES(48,'DINNER',269,NULL);
INSERT INTO diet_meals VALUES(49,'BREAKFAST',270,NULL);
INSERT INTO diet_meals VALUES(49,'LUNCH',271,NULL);
INSERT INTO diet_meals VALUES(49,'NOON',272,NULL);
INSERT INTO diet_meals VALUES(49,'EVENING',273,NULL);
INSERT INTO diet_meals VALUES(49,'DINNER',274,NULL);
INSERT INTO diet_meals VALUES(50,'BREAKFAST',275,NULL);
INSERT INTO diet_meals VALUES(50,'LUNCH',276,NULL);
INSERT INTO diet_meals VALUES(50,'NOON',277,NULL);
INSERT INTO diet_meals VALUES(50,'EVENING',278,NULL);
INSERT INTO diet_meals VALUES(50,'DINNER',279,NULL);
INSERT INTO diet_meals VALUES(51,'BREAKFAST',280,NULL);
INSERT INTO diet_meals VALUES(51,'LUNCH',281,NULL);
INSERT INTO diet_meals VALUES(51,'NOON',282,NULL);
INSERT INTO diet_meals VALUES(51,'EVENING',283,NULL);
INSERT INTO diet_meals VALUES(51,'DINNER',284,NULL);
INSERT INTO diet_meals VALUES(52,'BREAKFAST',285,NULL);
INSERT INTO diet_meals VALUES(52,'LUNCH',286,NULL);
INSERT INTO diet_meals VALUES(52,'NOON',287,NULL);
INSERT INTO diet_meals VALUES(52,'PRE_WORKOUT',288,NULL);
INSERT INTO diet_meals VALUES(52,'EVENING',289,NULL);
INSERT INTO diet_meals VALUES(52,'DINNER',290,NULL);
INSERT INTO diet_meals VALUES(53,'BREAKFAST',291,NULL);
INSERT INTO diet_meals VALUES(53,'LUNCH',292,NULL);
INSERT INTO diet_meals VALUES(53,'NOON',293,NULL);
INSERT INTO diet_meals VALUES(53,'PRE_WORKOUT',294,NULL);
INSERT INTO diet_meals VALUES(53,'EVENING',295,NULL);
INSERT INTO diet_meals VALUES(53,'DINNER',296,NULL);
INSERT INTO diet_meals VALUES(54,'BREAKFAST',297,NULL);
INSERT INTO diet_meals VALUES(54,'LUNCH',298,NULL);
INSERT INTO diet_meals VALUES(54,'NOON',299,NULL);
INSERT INTO diet_meals VALUES(54,'PRE_WORKOUT',300,NULL);
INSERT INTO diet_meals VALUES(54,'EVENING',301,NULL);
INSERT INTO diet_meals VALUES(54,'DINNER',302,NULL);
INSERT INTO diet_meals VALUES(55,'BREAKFAST',303,NULL);
INSERT INTO diet_meals VALUES(55,'LUNCH',304,NULL);
INSERT INTO diet_meals VALUES(55,'NOON',305,NULL);
INSERT INTO diet_meals VALUES(55,'EVENING',306,NULL);
INSERT INTO diet_meals VALUES(55,'DINNER',307,NULL);
INSERT INTO diet_meals VALUES(56,'EARLY_MORNING',308,NULL);
INSERT INTO diet_meals VALUES(56,'BREAKFAST',309,NULL);
INSERT INTO diet_meals VALUES(56,'NOON',310,NULL);
INSERT INTO diet_meals VALUES(56,'LUNCH',311,NULL);
INSERT INTO diet_meals VALUES(56,'EVENING',312,NULL);
INSERT INTO diet_meals VALUES(56,'PRE_WORKOUT',313,NULL);
INSERT INTO diet_meals VALUES(56,'DINNER',314,NULL);
INSERT INTO diet_meals VALUES(57,'EARLY_MORNING',315,NULL);
INSERT INTO diet_meals VALUES(57,'BREAKFAST',316,NULL);
INSERT INTO diet_meals VALUES(57,'NOON',317,NULL);
INSERT INTO diet_meals VALUES(57,'LUNCH',318,NULL);
INSERT INTO diet_meals VALUES(57,'EVENING',319,NULL);
INSERT INTO diet_meals VALUES(57,'PRE_WORKOUT',320,NULL);
INSERT INTO diet_meals VALUES(57,'DINNER',321,NULL);
INSERT INTO diet_meals VALUES(58,'BREAKFAST',322,NULL);
INSERT INTO diet_meals VALUES(58,'NOON',323,NULL);
INSERT INTO diet_meals VALUES(58,'LUNCH',324,NULL);
INSERT INTO diet_meals VALUES(58,'EVENING',325,NULL);
INSERT INTO diet_meals VALUES(58,'PRE_WORKOUT',326,NULL);
INSERT INTO diet_meals VALUES(58,'DINNER',327,NULL);
INSERT INTO diet_meals VALUES(59,'BREAKFAST',328,NULL);
INSERT INTO diet_meals VALUES(59,'NOON',329,NULL);
INSERT INTO diet_meals VALUES(59,'LUNCH',330,NULL);
INSERT INTO diet_meals VALUES(59,'EVENING',331,NULL);
INSERT INTO diet_meals VALUES(59,'PRE_WORKOUT',332,NULL);
INSERT INTO diet_meals VALUES(59,'DINNER',333,NULL);
INSERT INTO diet_meals VALUES(60,'BREAKFAST',334,NULL);
INSERT INTO diet_meals VALUES(60,'NOON',335,NULL);
INSERT INTO diet_meals VALUES(60,'LUNCH',336,NULL);
INSERT INTO diet_meals VALUES(60,'EVENING',337,NULL);
INSERT INTO diet_meals VALUES(60,'PRE_WORKOUT',338,NULL);
INSERT INTO diet_meals VALUES(60,'DINNER',339,NULL);
INSERT INTO diet_meals VALUES(61,'BREAKFAST',340,NULL);
INSERT INTO diet_meals VALUES(61,'NOON',341,NULL);
INSERT INTO diet_meals VALUES(61,'LUNCH',342,NULL);
INSERT INTO diet_meals VALUES(61,'EVENING',343,NULL);
INSERT INTO diet_meals VALUES(61,'PRE_WORKOUT',344,NULL);
INSERT INTO diet_meals VALUES(61,'DINNER',345,NULL);
INSERT INTO diet_meals VALUES(62,'BREAKFAST',346,NULL);
INSERT INTO diet_meals VALUES(62,'NOON',347,NULL);
INSERT INTO diet_meals VALUES(62,'LUNCH',348,NULL);
INSERT INTO diet_meals VALUES(62,'EVENING',349,NULL);
INSERT INTO diet_meals VALUES(62,'PRE_WORKOUT',350,NULL);
INSERT INTO diet_meals VALUES(62,'DINNER',351,NULL);
INSERT INTO diet_meals VALUES(62,'POST_DINNER',352,NULL);
INSERT INTO diet_meals VALUES(63,'BREAKFAST',353,NULL);
INSERT INTO diet_meals VALUES(63,'NOON',354,NULL);
INSERT INTO diet_meals VALUES(63,'LUNCH',355,NULL);
INSERT INTO diet_meals VALUES(63,'EVENING',356,NULL);
INSERT INTO diet_meals VALUES(63,'PRE_WORKOUT',357,NULL);
INSERT INTO diet_meals VALUES(63,'DINNER',358,NULL);
INSERT INTO diet_meals VALUES(64,'BREAKFAST',359,NULL);
INSERT INTO diet_meals VALUES(64,'NOON',360,NULL);
INSERT INTO diet_meals VALUES(64,'LUNCH',361,NULL);
INSERT INTO diet_meals VALUES(64,'EVENING',362,NULL);
INSERT INTO diet_meals VALUES(64,'PRE_WORKOUT',363,NULL);
INSERT INTO diet_meals VALUES(64,'DINNER',364,NULL);
INSERT INTO diet_meals VALUES(65,'BREAKFAST',365,NULL);
INSERT INTO diet_meals VALUES(65,'NOON',366,NULL);
INSERT INTO diet_meals VALUES(65,'LUNCH',367,NULL);
INSERT INTO diet_meals VALUES(65,'EVENING',368,NULL);
INSERT INTO diet_meals VALUES(65,'DINNER',369,NULL);
INSERT INTO diet_meals VALUES(65,'POST_WORKOUT',370,NULL);
INSERT INTO diet_meals VALUES(66,'BREAKFAST',371,NULL);
INSERT INTO diet_meals VALUES(66,'NOON',372,NULL);
INSERT INTO diet_meals VALUES(66,'LUNCH',373,NULL);
INSERT INTO diet_meals VALUES(66,'EVENING',374,NULL);
INSERT INTO diet_meals VALUES(66,'DINNER',375,NULL);
INSERT INTO diet_meals VALUES(66,'POST_WORKOUT',376,NULL);
INSERT INTO diet_meals VALUES(67,'BREAKFAST',377,NULL);
INSERT INTO diet_meals VALUES(67,'NOON',378,NULL);
INSERT INTO diet_meals VALUES(67,'LUNCH',379,NULL);
INSERT INTO diet_meals VALUES(67,'EVENING',380,NULL);
INSERT INTO diet_meals VALUES(67,'DINNER',381,NULL);
INSERT INTO diet_meals VALUES(67,'POST_WORKOUT',382,NULL);
INSERT INTO diet_meals VALUES(68,'BREAKFAST',383,NULL);
INSERT INTO diet_meals VALUES(68,'NOON',384,NULL);
INSERT INTO diet_meals VALUES(68,'LUNCH',385,NULL);
INSERT INTO diet_meals VALUES(68,'EVENING',386,NULL);
INSERT INTO diet_meals VALUES(68,'DINNER',387,NULL);
INSERT INTO diet_meals VALUES(68,'POST_WORKOUT',388,NULL);
INSERT INTO diet_meals VALUES(69,'BREAKFAST',389,NULL);
INSERT INTO diet_meals VALUES(69,'NOON',390,NULL);
INSERT INTO diet_meals VALUES(69,'LUNCH',391,NULL);
INSERT INTO diet_meals VALUES(69,'EVENING',392,NULL);
INSERT INTO diet_meals VALUES(69,'DINNER',393,NULL);
INSERT INTO diet_meals VALUES(69,'POST_WORKOUT',394,NULL);
INSERT INTO diet_meals VALUES(70,'EARLY_MORNING',395,NULL);
INSERT INTO diet_meals VALUES(70,'BREAKFAST',396,NULL);
INSERT INTO diet_meals VALUES(70,'NOON',397,NULL);
INSERT INTO diet_meals VALUES(70,'LUNCH',398,NULL);
INSERT INTO diet_meals VALUES(70,'EVENING',399,NULL);
INSERT INTO diet_meals VALUES(70,'DINNER',400,NULL);
INSERT INTO diet_meals VALUES(70,'POST_WORKOUT',401,NULL);
INSERT INTO diet_meals VALUES(71,'BREAKFAST',402,NULL);
INSERT INTO diet_meals VALUES(71,'NOON',403,NULL);
INSERT INTO diet_meals VALUES(71,'LUNCH',404,NULL);
INSERT INTO diet_meals VALUES(71,'EVENING',405,NULL);
INSERT INTO diet_meals VALUES(71,'DINNER',406,NULL);
INSERT INTO diet_meals VALUES(71,'POST_WORKOUT',407,NULL);
INSERT INTO diet_meals VALUES(72,'BREAKFAST',408,NULL);
INSERT INTO diet_meals VALUES(72,'NOON',409,NULL);
INSERT INTO diet_meals VALUES(72,'LUNCH',410,NULL);
INSERT INTO diet_meals VALUES(72,'EVENING',411,NULL);
INSERT INTO diet_meals VALUES(72,'DINNER',412,NULL);
INSERT INTO diet_meals VALUES(72,'POST_WORKOUT',413,NULL);
INSERT INTO diet_meals VALUES(73,'BREAKFAST',414,NULL);
INSERT INTO diet_meals VALUES(73,'NOON',415,NULL);
INSERT INTO diet_meals VALUES(73,'LUNCH',416,NULL);
INSERT INTO diet_meals VALUES(73,'EVENING',417,NULL);
INSERT INTO diet_meals VALUES(73,'DINNER',418,NULL);
INSERT INTO diet_meals VALUES(73,'POST_DINNER',419,NULL);
INSERT INTO diet_meals VALUES(74,'BREAKFAST',420,NULL);
INSERT INTO diet_meals VALUES(74,'NOON',421,NULL);
INSERT INTO diet_meals VALUES(74,'LUNCH',422,NULL);
INSERT INTO diet_meals VALUES(74,'EVENING',423,NULL);
INSERT INTO diet_meals VALUES(74,'DINNER',424,NULL);
INSERT INTO diet_meals VALUES(75,'BREAKFAST',425,NULL);
INSERT INTO diet_meals VALUES(75,'NOON',426,NULL);
INSERT INTO diet_meals VALUES(75,'LUNCH',427,NULL);
INSERT INTO diet_meals VALUES(75,'EVENING',428,NULL);
INSERT INTO diet_meals VALUES(75,'DINNER',429,NULL);
INSERT INTO diet_meals VALUES(76,'BREAKFAST',430,NULL);
INSERT INTO diet_meals VALUES(76,'NOON',431,NULL);
INSERT INTO diet_meals VALUES(76,'LUNCH',432,NULL);
INSERT INTO diet_meals VALUES(76,'EVENING',433,NULL);
INSERT INTO diet_meals VALUES(76,'DINNER',434,NULL);
INSERT INTO diet_meals VALUES(77,'BREAKFAST',435,NULL);
INSERT INTO diet_meals VALUES(77,'LUNCH',436,NULL);
INSERT INTO diet_meals VALUES(77,'NOON',437,NULL);
INSERT INTO diet_meals VALUES(77,'EVENING',438,NULL);
INSERT INTO diet_meals VALUES(77,'DINNER',439,NULL);
INSERT INTO diet_meals VALUES(78,'BREAKFAST',440,NULL);
INSERT INTO diet_meals VALUES(78,'LUNCH',441,NULL);
INSERT INTO diet_meals VALUES(78,'NOON',442,NULL);
INSERT INTO diet_meals VALUES(78,'EVENING',443,NULL);
INSERT INTO diet_meals VALUES(78,'DINNER',444,NULL);
INSERT INTO diet_meals VALUES(79,'BREAKFAST',445,NULL);
INSERT INTO diet_meals VALUES(79,'LUNCH',446,NULL);
INSERT INTO diet_meals VALUES(79,'NOON',447,NULL);
INSERT INTO diet_meals VALUES(79,'EVENING',448,NULL);
INSERT INTO diet_meals VALUES(79,'DINNER',449,NULL);
INSERT INTO diet_meals VALUES(80,'BREAKFAST',450,NULL);
INSERT INTO diet_meals VALUES(80,'LUNCH',451,NULL);
INSERT INTO diet_meals VALUES(80,'NOON',452,NULL);
INSERT INTO diet_meals VALUES(80,'PRE_WORKOUT',453,NULL);
INSERT INTO diet_meals VALUES(80,'EVENING',454,NULL);
INSERT INTO diet_meals VALUES(80,'DINNER',455,NULL);
INSERT INTO diet_meals VALUES(81,'BREAKFAST',456,NULL);
INSERT INTO diet_meals VALUES(81,'LUNCH',457,NULL);
INSERT INTO diet_meals VALUES(81,'NOON',458,NULL);
INSERT INTO diet_meals VALUES(81,'EVENING',459,NULL);
INSERT INTO diet_meals VALUES(81,'DINNER',460,NULL);
INSERT INTO diet_meals VALUES(81,'POST_WORKOUT',461,NULL);
INSERT INTO diet_meals VALUES(82,'BREAKFAST',462,NULL);
INSERT INTO diet_meals VALUES(82,'LUNCH',463,NULL);
INSERT INTO diet_meals VALUES(82,'NOON',464,NULL);
INSERT INTO diet_meals VALUES(82,'EVENING',465,NULL);
INSERT INTO diet_meals VALUES(82,'DINNER',466,NULL);
INSERT INTO diet_meals VALUES(83,'BREAKFAST',467,NULL);
INSERT INTO diet_meals VALUES(83,'LUNCH',468,NULL);
INSERT INTO diet_meals VALUES(83,'NOON',469,NULL);
INSERT INTO diet_meals VALUES(83,'EVENING',470,NULL);
INSERT INTO diet_meals VALUES(83,'DINNER',471,NULL);
INSERT INTO diet_meals VALUES(84,'BREAKFAST',472,NULL);
INSERT INTO diet_meals VALUES(84,'LUNCH',473,NULL);
INSERT INTO diet_meals VALUES(84,'NOON',474,NULL);
INSERT INTO diet_meals VALUES(84,'EVENING',475,NULL);
INSERT INTO diet_meals VALUES(84,'DINNER',476,NULL);
INSERT INTO diet_meals VALUES(85,'BREAKFAST',477,NULL);
INSERT INTO diet_meals VALUES(85,'LUNCH',478,NULL);
INSERT INTO diet_meals VALUES(85,'NOON',479,NULL);
INSERT INTO diet_meals VALUES(85,'EVENING',480,NULL);
INSERT INTO diet_meals VALUES(85,'DINNER',481,NULL);
INSERT INTO diet_meals VALUES(86,'BREAKFAST',482,NULL);
INSERT INTO diet_meals VALUES(86,'LUNCH',483,NULL);
INSERT INTO diet_meals VALUES(86,'NOON',484,NULL);
INSERT INTO diet_meals VALUES(86,'EVENING',485,NULL);
INSERT INTO diet_meals VALUES(86,'DINNER',486,NULL);
INSERT INTO diet_meals VALUES(87,'BREAKFAST',487,NULL);
INSERT INTO diet_meals VALUES(87,'LUNCH',488,NULL);
INSERT INTO diet_meals VALUES(87,'NOON',489,NULL);
INSERT INTO diet_meals VALUES(87,'EVENING',490,NULL);
INSERT INTO diet_meals VALUES(87,'DINNER',491,NULL);
INSERT INTO diet_meals VALUES(88,'BREAKFAST',492,NULL);
INSERT INTO diet_meals VALUES(88,'LUNCH',493,NULL);
INSERT INTO diet_meals VALUES(88,'NOON',494,NULL);
INSERT INTO diet_meals VALUES(88,'EVENING',495,NULL);
INSERT INTO diet_meals VALUES(88,'DINNER',496,NULL);
INSERT INTO diet_meals VALUES(89,'BREAKFAST',497,NULL);
INSERT INTO diet_meals VALUES(89,'LUNCH',498,NULL);
INSERT INTO diet_meals VALUES(89,'NOON',499,NULL);
INSERT INTO diet_meals VALUES(89,'EVENING',500,NULL);
INSERT INTO diet_meals VALUES(89,'DINNER',501,NULL);
INSERT INTO diet_meals VALUES(90,'BREAKFAST',502,NULL);
INSERT INTO diet_meals VALUES(90,'LUNCH',503,NULL);
INSERT INTO diet_meals VALUES(90,'NOON',504,NULL);
INSERT INTO diet_meals VALUES(90,'PRE_WORKOUT',505,NULL);
INSERT INTO diet_meals VALUES(90,'EVENING',506,NULL);
INSERT INTO diet_meals VALUES(90,'DINNER',507,NULL);
INSERT INTO diet_meals VALUES(91,'BREAKFAST',508,NULL);
INSERT INTO diet_meals VALUES(91,'LUNCH',509,NULL);
INSERT INTO diet_meals VALUES(91,'NOON',510,NULL);
INSERT INTO diet_meals VALUES(91,'PRE_WORKOUT',511,NULL);
INSERT INTO diet_meals VALUES(91,'EVENING',512,NULL);
INSERT INTO diet_meals VALUES(91,'DINNER',513,NULL);
INSERT INTO diet_meals VALUES(92,'BREAKFAST',514,NULL);
INSERT INTO diet_meals VALUES(92,'LUNCH',515,NULL);
INSERT INTO diet_meals VALUES(92,'NOON',516,NULL);
INSERT INTO diet_meals VALUES(92,'PRE_WORKOUT',517,NULL);
INSERT INTO diet_meals VALUES(92,'EVENING',518,NULL);
INSERT INTO diet_meals VALUES(92,'DINNER',519,NULL);
INSERT INTO diet_meals VALUES(93,'BREAKFAST',520,NULL);
INSERT INTO diet_meals VALUES(93,'LUNCH',521,NULL);
INSERT INTO diet_meals VALUES(93,'NOON',522,NULL);
INSERT INTO diet_meals VALUES(93,'EVENING',523,NULL);
INSERT INTO diet_meals VALUES(93,'DINNER',524,NULL);
INSERT INTO diet_meals VALUES(94,'EARLY_MORNING',525,NULL);
INSERT INTO diet_meals VALUES(94,'BREAKFAST',526,NULL);
INSERT INTO diet_meals VALUES(94,'NOON',527,NULL);
INSERT INTO diet_meals VALUES(94,'LUNCH',528,NULL);
INSERT INTO diet_meals VALUES(94,'EVENING',529,NULL);
INSERT INTO diet_meals VALUES(94,'PRE_WORKOUT',530,NULL);
INSERT INTO diet_meals VALUES(94,'DINNER',531,NULL);
INSERT INTO diet_meals VALUES(95,'EARLY_MORNING',532,NULL);
INSERT INTO diet_meals VALUES(95,'BREAKFAST',533,NULL);
INSERT INTO diet_meals VALUES(95,'NOON',534,NULL);
INSERT INTO diet_meals VALUES(95,'LUNCH',535,NULL);
INSERT INTO diet_meals VALUES(95,'EVENING',536,NULL);
INSERT INTO diet_meals VALUES(95,'PRE_WORKOUT',537,NULL);
INSERT INTO diet_meals VALUES(95,'DINNER',538,NULL);
INSERT INTO diet_meals VALUES(96,'BREAKFAST',539,NULL);
INSERT INTO diet_meals VALUES(96,'NOON',540,NULL);
INSERT INTO diet_meals VALUES(96,'LUNCH',541,NULL);
INSERT INTO diet_meals VALUES(96,'EVENING',542,NULL);
INSERT INTO diet_meals VALUES(96,'PRE_WORKOUT',543,NULL);
INSERT INTO diet_meals VALUES(96,'DINNER',544,NULL);
INSERT INTO diet_meals VALUES(97,'BREAKFAST',545,NULL);
INSERT INTO diet_meals VALUES(97,'NOON',546,NULL);
INSERT INTO diet_meals VALUES(97,'LUNCH',547,NULL);
INSERT INTO diet_meals VALUES(97,'EVENING',548,NULL);
INSERT INTO diet_meals VALUES(97,'PRE_WORKOUT',549,NULL);
INSERT INTO diet_meals VALUES(97,'DINNER',550,NULL);
INSERT INTO diet_meals VALUES(98,'BREAKFAST',551,NULL);
INSERT INTO diet_meals VALUES(98,'NOON',552,NULL);
INSERT INTO diet_meals VALUES(98,'LUNCH',553,NULL);
INSERT INTO diet_meals VALUES(98,'EVENING',554,NULL);
INSERT INTO diet_meals VALUES(98,'PRE_WORKOUT',555,NULL);
INSERT INTO diet_meals VALUES(98,'DINNER',556,NULL);
INSERT INTO diet_meals VALUES(99,'BREAKFAST',557,NULL);
INSERT INTO diet_meals VALUES(99,'NOON',558,NULL);
INSERT INTO diet_meals VALUES(99,'LUNCH',559,NULL);
INSERT INTO diet_meals VALUES(99,'EVENING',560,NULL);
INSERT INTO diet_meals VALUES(99,'PRE_WORKOUT',561,NULL);
INSERT INTO diet_meals VALUES(99,'DINNER',562,NULL);
INSERT INTO diet_meals VALUES(100,'BREAKFAST',563,NULL);
INSERT INTO diet_meals VALUES(100,'NOON',564,NULL);
INSERT INTO diet_meals VALUES(100,'LUNCH',565,NULL);
INSERT INTO diet_meals VALUES(100,'EVENING',566,NULL);
INSERT INTO diet_meals VALUES(100,'PRE_WORKOUT',567,NULL);
INSERT INTO diet_meals VALUES(100,'DINNER',568,NULL);
INSERT INTO diet_meals VALUES(100,'POST_DINNER',569,NULL);
INSERT INTO diet_meals VALUES(101,'BREAKFAST',570,NULL);
INSERT INTO diet_meals VALUES(101,'NOON',571,NULL);
INSERT INTO diet_meals VALUES(101,'LUNCH',572,NULL);
INSERT INTO diet_meals VALUES(101,'EVENING',573,NULL);
INSERT INTO diet_meals VALUES(101,'PRE_WORKOUT',574,NULL);
INSERT INTO diet_meals VALUES(101,'DINNER',575,NULL);
INSERT INTO diet_meals VALUES(102,'BREAKFAST',576,NULL);
INSERT INTO diet_meals VALUES(102,'NOON',577,NULL);
INSERT INTO diet_meals VALUES(102,'LUNCH',578,NULL);
INSERT INTO diet_meals VALUES(102,'EVENING',579,NULL);
INSERT INTO diet_meals VALUES(102,'PRE_WORKOUT',580,NULL);
INSERT INTO diet_meals VALUES(102,'DINNER',581,NULL);
INSERT INTO diet_meals VALUES(103,'BREAKFAST',582,NULL);
INSERT INTO diet_meals VALUES(103,'NOON',583,NULL);
INSERT INTO diet_meals VALUES(103,'LUNCH',584,NULL);
INSERT INTO diet_meals VALUES(103,'EVENING',585,NULL);
INSERT INTO diet_meals VALUES(103,'DINNER',586,NULL);
INSERT INTO diet_meals VALUES(103,'POST_WORKOUT',587,NULL);
INSERT INTO diet_meals VALUES(104,'BREAKFAST',588,NULL);
INSERT INTO diet_meals VALUES(104,'NOON',589,NULL);
INSERT INTO diet_meals VALUES(104,'LUNCH',590,NULL);
INSERT INTO diet_meals VALUES(104,'EVENING',591,NULL);
INSERT INTO diet_meals VALUES(104,'DINNER',592,NULL);
INSERT INTO diet_meals VALUES(104,'POST_WORKOUT',593,NULL);
INSERT INTO diet_meals VALUES(105,'BREAKFAST',594,NULL);
INSERT INTO diet_meals VALUES(105,'NOON',595,NULL);
INSERT INTO diet_meals VALUES(105,'LUNCH',596,NULL);
INSERT INTO diet_meals VALUES(105,'EVENING',597,NULL);
INSERT INTO diet_meals VALUES(105,'DINNER',598,NULL);
INSERT INTO diet_meals VALUES(105,'POST_WORKOUT',599,NULL);
INSERT INTO diet_meals VALUES(106,'BREAKFAST',600,NULL);
INSERT INTO diet_meals VALUES(106,'NOON',601,NULL);
INSERT INTO diet_meals VALUES(106,'LUNCH',602,NULL);
INSERT INTO diet_meals VALUES(106,'EVENING',603,NULL);
INSERT INTO diet_meals VALUES(106,'DINNER',604,NULL);
INSERT INTO diet_meals VALUES(106,'POST_WORKOUT',605,NULL);
INSERT INTO diet_meals VALUES(107,'BREAKFAST',606,NULL);
INSERT INTO diet_meals VALUES(107,'NOON',607,NULL);
INSERT INTO diet_meals VALUES(107,'LUNCH',608,NULL);
INSERT INTO diet_meals VALUES(107,'EVENING',609,NULL);
INSERT INTO diet_meals VALUES(107,'DINNER',610,NULL);
INSERT INTO diet_meals VALUES(107,'POST_WORKOUT',611,NULL);
INSERT INTO diet_meals VALUES(108,'EARLY_MORNING',612,NULL);
INSERT INTO diet_meals VALUES(108,'BREAKFAST',613,NULL);
INSERT INTO diet_meals VALUES(108,'NOON',614,NULL);
INSERT INTO diet_meals VALUES(108,'LUNCH',615,NULL);
INSERT INTO diet_meals VALUES(108,'EVENING',616,NULL);
INSERT INTO diet_meals VALUES(108,'DINNER',617,NULL);
INSERT INTO diet_meals VALUES(108,'POST_WORKOUT',618,NULL);
INSERT INTO diet_meals VALUES(109,'BREAKFAST',619,NULL);
INSERT INTO diet_meals VALUES(109,'NOON',620,NULL);
INSERT INTO diet_meals VALUES(109,'LUNCH',621,NULL);
INSERT INTO diet_meals VALUES(109,'EVENING',622,NULL);
INSERT INTO diet_meals VALUES(109,'DINNER',623,NULL);
INSERT INTO diet_meals VALUES(109,'POST_WORKOUT',624,NULL);
INSERT INTO diet_meals VALUES(110,'BREAKFAST',625,NULL);
INSERT INTO diet_meals VALUES(110,'NOON',626,NULL);
INSERT INTO diet_meals VALUES(110,'LUNCH',627,NULL);
INSERT INTO diet_meals VALUES(110,'EVENING',628,NULL);
INSERT INTO diet_meals VALUES(110,'DINNER',629,NULL);
INSERT INTO diet_meals VALUES(110,'POST_WORKOUT',630,NULL);
INSERT INTO diet_meals VALUES(111,'BREAKFAST',631,NULL);
INSERT INTO diet_meals VALUES(111,'NOON',632,NULL);
INSERT INTO diet_meals VALUES(111,'LUNCH',633,NULL);
INSERT INTO diet_meals VALUES(111,'EVENING',634,NULL);
INSERT INTO diet_meals VALUES(111,'DINNER',635,NULL);
INSERT INTO diet_meals VALUES(111,'POST_DINNER',636,NULL);
INSERT INTO diet_meals VALUES(112,'BREAKFAST',637,NULL);
INSERT INTO diet_meals VALUES(112,'NOON',638,NULL);
INSERT INTO diet_meals VALUES(112,'LUNCH',639,NULL);
INSERT INTO diet_meals VALUES(112,'EVENING',640,NULL);
INSERT INTO diet_meals VALUES(112,'DINNER',641,NULL);
INSERT INTO diet_meals VALUES(113,'BREAKFAST',642,NULL);
INSERT INTO diet_meals VALUES(113,'NOON',643,NULL);
INSERT INTO diet_meals VALUES(113,'LUNCH',644,NULL);
INSERT INTO diet_meals VALUES(113,'EVENING',645,NULL);
INSERT INTO diet_meals VALUES(113,'DINNER',646,NULL);
INSERT INTO diet_meals VALUES(114,'BREAKFAST',647,NULL);
INSERT INTO diet_meals VALUES(114,'NOON',648,NULL);
INSERT INTO diet_meals VALUES(114,'LUNCH',649,NULL);
INSERT INTO diet_meals VALUES(114,'EVENING',650,NULL);
INSERT INTO diet_meals VALUES(114,'DINNER',651,NULL);
CREATE TABLE grocery_items (
    id INTEGER PRIMARY KEY AUTOINCREMENT NOT NULL,
    listId INTEGER NOT NULL,
    foodId INTEGER,
    customName TEXT,
    quantity REAL NOT NULL,
    unit TEXT NOT NULL,
    isChecked INTEGER NOT NULL DEFAULT 0,
    sortOrder INTEGER NOT NULL DEFAULT 0, category TEXT DEFAULT NULL,
    FOREIGN KEY(listId) REFERENCES grocery_lists(id) ON DELETE CASCADE,
    FOREIGN KEY(foodId) REFERENCES food_items(id) ON DELETE SET NULL
);
INSERT INTO grocery_items VALUES(495,8,78,NULL,390.0,'GRAM',1,0,'Dairy');
INSERT INTO grocery_items VALUES(496,8,13,NULL,50.0,'GRAM',1,1,'Fats & Oils');
INSERT INTO grocery_items VALUES(497,8,57,NULL,50.0,'GRAM',1,2,'Fruits');
INSERT INTO grocery_items VALUES(498,8,31,NULL,380.0,'GRAM',1,3,'Fruits');
INSERT INTO grocery_items VALUES(501,8,65,NULL,50.0,'GRAM',1,6,'Fruits');
INSERT INTO grocery_items VALUES(503,8,32,NULL,50.0,'GRAM',1,8,'Fruits');
INSERT INTO grocery_items VALUES(504,8,101,NULL,120.0,'GRAM',1,9,'Fats & Oils');
INSERT INTO grocery_items VALUES(505,8,64,NULL,220.0,'GRAM',1,10,'Proteins');
INSERT INTO grocery_items VALUES(508,8,46,NULL,180.0,'GRAM',1,13,'Other');
INSERT INTO grocery_items VALUES(509,8,5,NULL,170.0,'GRAM',1,14,'Vegetables');
INSERT INTO grocery_items VALUES(512,8,56,NULL,5.0,'PIECE',1,17,'Dairy');
INSERT INTO grocery_items VALUES(514,8,28,NULL,50.0,'GRAM',1,19,'Grains');
INSERT INTO grocery_items VALUES(517,8,42,NULL,80.0,'GRAM',1,22,'Other');
INSERT INTO grocery_items VALUES(520,8,39,NULL,2.0,'PIECE',1,25,'Grains');
INSERT INTO grocery_items VALUES(521,8,66,NULL,100.0,'GRAM',1,26,'Fruits');
INSERT INTO grocery_items VALUES(522,8,82,NULL,14.0,'GRAM',1,27,'Spices & Condiments');
INSERT INTO grocery_items VALUES(524,8,96,NULL,30.0,'GRAM',1,29,'Other');
INSERT INTO grocery_items VALUES(526,8,41,NULL,80.0,'GRAM',1,31,'Vegetables');
INSERT INTO grocery_items VALUES(528,8,81,NULL,85.0,'GRAM',0,33,'Grains');
INSERT INTO grocery_items VALUES(530,8,3,NULL,720.0,'GRAM',1,35,'Vegetables');
INSERT INTO grocery_items VALUES(531,8,80,NULL,3.0,'PIECE',1,36,'Other');
INSERT INTO grocery_items VALUES(532,8,27,NULL,560.0,'GRAM',1,37,'Dairy');
INSERT INTO grocery_items VALUES(533,8,105,NULL,200.0,'GRAM',1,38,'Other');
INSERT INTO grocery_items VALUES(534,8,47,NULL,55.0,'GRAM',1,39,'Grains');
INSERT INTO grocery_items VALUES(535,8,34,NULL,140.0,'GRAM',1,40,'Dairy');
INSERT INTO grocery_items VALUES(536,8,16,NULL,20.0,'GRAM',1,41,'Other');
INSERT INTO grocery_items VALUES(537,8,49,NULL,12.0,'GRAM',1,42,'Grains');
INSERT INTO grocery_items VALUES(538,8,19,NULL,180.0,'GRAM',1,43,'Vegetables');
INSERT INTO grocery_items VALUES(539,8,84,NULL,10.0,'GRAM',1,44,'Other');
INSERT INTO grocery_items VALUES(540,8,10,NULL,240.0,'GRAM',1,45,'Fruits');
INSERT INTO grocery_items VALUES(541,8,6,NULL,220.0,'GRAM',1,46,'Vegetables');
INSERT INTO grocery_items VALUES(542,8,33,NULL,80.0,'GRAM',1,47,'Fruits');
INSERT INTO grocery_items VALUES(543,8,4,NULL,670.0,'GRAM',1,48,'Vegetables');
INSERT INTO grocery_items VALUES(545,8,89,NULL,30.0,'GRAM',1,50,'Proteins');
INSERT INTO grocery_items VALUES(546,8,15,NULL,20.0,'GRAM',1,51,'Fats & Oils');
INSERT INTO grocery_items VALUES(547,8,12,NULL,180.0,'GRAM',1,52,'Fruits');
INSERT INTO grocery_items VALUES(550,8,7,NULL,190.0,'GRAM',1,55,'Vegetables');
INSERT INTO grocery_items VALUES(551,8,30,NULL,120.0,'GRAM',1,56,'Vegetables');
CREATE TABLE food_tag_cross_refs (
    foodId INTEGER NOT NULL,
    tagId INTEGER NOT NULL,
    PRIMARY KEY(foodId, tagId),
    FOREIGN KEY(foodId) REFERENCES food_items(id) ON DELETE CASCADE,
    FOREIGN KEY(tagId) REFERENCES tags(id) ON DELETE CASCADE
);
CREATE TABLE IF NOT EXISTS "daily_logs" (
    `userId` INTEGER NOT NULL,
    `date` INTEGER NOT NULL,
    `plannedDietId` INTEGER,
    `notes` TEXT,
    `createdAt` INTEGER NOT NULL,
    PRIMARY KEY(`userId`, `date`),
    FOREIGN KEY(`userId`) REFERENCES `users`(`id`)
        ON UPDATE NO ACTION ON DELETE CASCADE
);
INSERT INTO daily_logs VALUES(1,1771545600000,34,NULL,1771601474378);
INSERT INTO daily_logs VALUES(1,1771632000000,29,NULL,1771601486124);
INSERT INTO daily_logs VALUES(1,1771718400000,NULL,NULL,1771761351932);
INSERT INTO daily_logs VALUES(2,1771718400000,NULL,NULL,1771763801027);
INSERT INTO daily_logs VALUES(1,1771977600000,NULL,NULL,1772023794201);
INSERT INTO daily_logs VALUES(1,1772064000000,31,NULL,1772144539060);
INSERT INTO daily_logs VALUES(1,1772150400000,NULL,NULL,1772183694588);
INSERT INTO daily_logs VALUES(1,1772236800000,NULL,NULL,1772270837313);
INSERT INTO daily_logs VALUES(3,1772323200000,NULL,NULL,1772375524572);
INSERT INTO daily_logs VALUES(1,1772323200000,NULL,NULL,1772375606446);
INSERT INTO daily_logs VALUES(1,1772409600000,NULL,NULL,1772446048484);
INSERT INTO daily_logs VALUES(1,1772496000000,NULL,NULL,1772544011228);
INSERT INTO daily_logs VALUES(1,1772582400000,NULL,NULL,1772623160578);
INSERT INTO daily_logs VALUES(1,1772668800000,NULL,NULL,1772748749200);
INSERT INTO daily_logs VALUES(1,1772841600000,NULL,NULL,1772896609638);
INSERT INTO daily_logs VALUES(1,1772928000000,NULL,NULL,1772970266176);
INSERT INTO daily_logs VALUES(1,1772755200000,NULL,NULL,1773004092646);
INSERT INTO daily_logs VALUES(1,1773014400000,NULL,NULL,1773067371665);
INSERT INTO daily_logs VALUES(1,1773446400000,NULL,NULL,1773492066401);
INSERT INTO daily_logs VALUES(1,1773532800000,NULL,NULL,1773561446269);
INSERT INTO daily_logs VALUES(1,1773619200000,NULL,NULL,1773677902309);
INSERT INTO daily_logs VALUES(1,1773705600000,NULL,NULL,1773869765265);
INSERT INTO daily_logs VALUES(1,1773792000000,NULL,NULL,1773869786923);
INSERT INTO daily_logs VALUES(1,1773878400000,NULL,NULL,1773936551754);
INSERT INTO daily_logs VALUES(1,1773964800000,NULL,NULL,1774032888373);
INSERT INTO daily_logs VALUES(1,1774828800000,NULL,NULL,1774900389105);
INSERT INTO daily_logs VALUES(1,1774742400000,NULL,NULL,1774900461701);
INSERT INTO daily_logs VALUES(1,1774656000000,NULL,NULL,1774900476663);
INSERT INTO daily_logs VALUES(1,1774569600000,NULL,NULL,1774900487351);
INSERT INTO daily_logs VALUES(1,1774483200000,NULL,NULL,1774900501185);
INSERT INTO daily_logs VALUES(1,1774915200000,NULL,NULL,1774945058431);
INSERT INTO daily_logs VALUES(1,1775001600000,NULL,NULL,1775027193801);
INSERT INTO daily_logs VALUES(1,1775088000000,NULL,NULL,1775117398416);
INSERT INTO daily_logs VALUES(1,1775174400000,NULL,NULL,1775199417320);
INSERT INTO daily_logs VALUES(1,1775260800000,NULL,NULL,1775286126887);
INSERT INTO daily_logs VALUES(1,1775347200000,NULL,NULL,1775376503321);
INSERT INTO daily_logs VALUES(1,1775433600000,NULL,NULL,1775461707532);
INSERT INTO daily_logs VALUES(1,1775520000000,NULL,NULL,1775543901976);
INSERT INTO daily_logs VALUES(1,1775606400000,NULL,NULL,1775637805096);
INSERT INTO daily_logs VALUES(1,1775692800000,NULL,NULL,1775679859357);
INSERT INTO daily_logs VALUES(1,1775779200000,NULL,NULL,1775772076443);
INSERT INTO daily_logs VALUES(1,1775865600000,NULL,NULL,1775888653277);
CREATE TABLE IF NOT EXISTS "logged_foods" (
    `id` INTEGER PRIMARY KEY AUTOINCREMENT NOT NULL,
    `userId` INTEGER NOT NULL,
    `logDate` INTEGER NOT NULL,
    `foodId` INTEGER NOT NULL,
    `quantity` REAL NOT NULL,
    `unit` TEXT NOT NULL,
    `slotType` TEXT NOT NULL,
    `timestamp` INTEGER,
    `notes` TEXT,
    FOREIGN KEY(`userId`, `logDate`) REFERENCES `daily_logs`(`userId`, `date`)
        ON UPDATE NO ACTION ON DELETE CASCADE,
    FOREIGN KEY(`foodId`) REFERENCES `food_items`(`id`)
        ON UPDATE NO ACTION ON DELETE CASCADE
);
INSERT INTO logged_foods VALUES(50,1,1772150400000,76,1.0,'GRAM','NOON',1772191773545,NULL);
INSERT INTO logged_foods VALUES(56,1,1772150400000,103,50.0,'GRAM','LUNCH',1772202621749,NULL);
INSERT INTO logged_foods VALUES(57,1,1772150400000,4,80.0,'GRAM','LUNCH',1772202621749,NULL);
INSERT INTO logged_foods VALUES(58,1,1772150400000,59,120.0,'GRAM','LUNCH',1772202621749,NULL);
INSERT INTO logged_foods VALUES(59,1,1772150400000,3,20.0,'GRAM','LUNCH',1772202621749,NULL);
INSERT INTO logged_foods VALUES(60,1,1772150400000,5,40.0,'GRAM','LUNCH',1772202621749,NULL);
INSERT INTO logged_foods VALUES(61,1,1772150400000,67,240.0,'GRAM','EVENING',1772202633090,NULL);
INSERT INTO logged_foods VALUES(66,1,1772150400000,27,100.0,'GRAM','BREAKFAST',1772219108335,NULL);
INSERT INTO logged_foods VALUES(67,1,1772150400000,4,50.0,'GRAM','BREAKFAST',1772219108335,NULL);
INSERT INTO logged_foods VALUES(68,1,1772150400000,3,50.0,'GRAM','BREAKFAST',1772219108335,NULL);
INSERT INTO logged_foods VALUES(69,1,1772150400000,5,40.0,'GRAM','BREAKFAST',1772219108335,NULL);
INSERT INTO logged_foods VALUES(70,1,1772150400000,8,12.0,'GRAM','BREAKFAST',1772219108335,NULL);
INSERT INTO logged_foods VALUES(71,1,1772150400000,9,4.0,'GRAM','BREAKFAST',1772219108335,NULL);
INSERT INTO logged_foods VALUES(72,1,1772150400000,26,12.0,'GRAM','BREAKFAST',1772219108335,NULL);
INSERT INTO logged_foods VALUES(73,1,1772150400000,67,240.0,'GRAM','POST_WORKOUT',1772220093525,NULL);
INSERT INTO logged_foods VALUES(74,1,1772150400000,79,50.0,'GRAM','POST_WORKOUT',1772220093525,NULL);
INSERT INTO logged_foods VALUES(75,1,1772150400000,31,120.0,'GRAM','POST_WORKOUT',1772220093525,NULL);
INSERT INTO logged_foods VALUES(76,1,1772150400000,10,120.0,'GRAM','POST_WORKOUT',1772220093525,NULL);
INSERT INTO logged_foods VALUES(77,1,1772150400000,4,80.0,'GRAM','DINNER',1772224752285,NULL);
INSERT INTO logged_foods VALUES(78,1,1772150400000,3,80.0,'GRAM','DINNER',1772224752285,NULL);
INSERT INTO logged_foods VALUES(79,1,1772150400000,19,120.0,'GRAM','DINNER',1772224752285,NULL);
INSERT INTO logged_foods VALUES(80,1,1772150400000,61,100.0,'GRAM','DINNER',1772224752285,NULL);
INSERT INTO logged_foods VALUES(81,1,1772150400000,41,100.0,'GRAM','DINNER',1772224752285,NULL);
INSERT INTO logged_foods VALUES(82,1,1772150400000,20,50.0,'GRAM','DINNER',1772224752285,NULL);
INSERT INTO logged_foods VALUES(83,1,1772150400000,24,12.0,'GRAM','DINNER',1772224752285,NULL);
INSERT INTO logged_foods VALUES(84,1,1772150400000,106,30.0,'GRAM','DINNER',1772224752285,NULL);
INSERT INTO logged_foods VALUES(85,1,1772150400000,21,50.0,'GRAM','DINNER',1772224752285,NULL);
INSERT INTO logged_foods VALUES(86,1,1772236800000,27,80.0,'GRAM','BREAKFAST',1772270837305,NULL);
INSERT INTO logged_foods VALUES(87,1,1772236800000,4,40.0,'GRAM','BREAKFAST',1772270837305,NULL);
INSERT INTO logged_foods VALUES(88,1,1772236800000,3,40.0,'GRAM','BREAKFAST',1772270837305,NULL);
INSERT INTO logged_foods VALUES(89,1,1772236800000,6,40.0,'GRAM','BREAKFAST',1772270837305,NULL);
INSERT INTO logged_foods VALUES(90,1,1772236800000,7,40.0,'GRAM','BREAKFAST',1772270837305,NULL);
INSERT INTO logged_foods VALUES(91,1,1772236800000,37,55.0,'GRAM','BREAKFAST',1772270837305,NULL);
INSERT INTO logged_foods VALUES(92,1,1772236800000,22,10.0,'GRAM','BREAKFAST',1772270837305,NULL);
INSERT INTO logged_foods VALUES(93,1,1772236800000,91,80.0,'GRAM','BREAKFAST',1772270837305,NULL);
INSERT INTO logged_foods VALUES(94,1,1772236800000,76,1.0,'GRAM','NOON',1772280687308,NULL);
INSERT INTO logged_foods VALUES(95,1,1772236800000,31,100.0,'GRAM','LUNCH',1772285793384,NULL);
INSERT INTO logged_foods VALUES(96,1,1772236800000,34,50.0,'GRAM','LUNCH',1772285793384,NULL);
INSERT INTO logged_foods VALUES(97,1,1772236800000,9,2.0,'GRAM','LUNCH',1772285793384,NULL);
INSERT INTO logged_foods VALUES(98,1,1772236800000,8,10.0,'GRAM','LUNCH',1772285793384,NULL);
INSERT INTO logged_foods VALUES(99,1,1772236800000,85,12.0,'GRAM','LUNCH',1772285793384,NULL);
INSERT INTO logged_foods VALUES(100,1,1772236800000,67,240.0,'GRAM','EVENING',1772305680132,NULL);
INSERT INTO logged_foods VALUES(101,1,1772236800000,67,240.0,'GRAM','POST_WORKOUT',1772305682649,NULL);
INSERT INTO logged_foods VALUES(102,1,1772236800000,79,50.0,'GRAM','POST_WORKOUT',1772305682649,NULL);
INSERT INTO logged_foods VALUES(103,1,1772236800000,10,120.0,'GRAM','POST_WORKOUT',1772305682649,NULL);
INSERT INTO logged_foods VALUES(104,1,1772236800000,32,50.0,'GRAM','POST_WORKOUT',1772305682649,NULL);
INSERT INTO logged_foods VALUES(105,3,1772323200000,3,80.0,'GRAM','BREAKFAST',1772375524559,NULL);
INSERT INTO logged_foods VALUES(106,3,1772323200000,4,80.0,'GRAM','BREAKFAST',1772375524559,NULL);
INSERT INTO logged_foods VALUES(107,3,1772323200000,27,80.0,'GRAM','BREAKFAST',1772375524559,NULL);
INSERT INTO logged_foods VALUES(108,3,1772323200000,6,40.0,'GRAM','BREAKFAST',1772375524559,NULL);
INSERT INTO logged_foods VALUES(109,3,1772323200000,28,50.0,'GRAM','BREAKFAST',1772375524559,NULL);
INSERT INTO logged_foods VALUES(110,3,1772323200000,8,10.0,'GRAM','BREAKFAST',1772375524559,NULL);
INSERT INTO logged_foods VALUES(111,3,1772323200000,39,2.0,'GRAM','BREAKFAST',1772375524559,NULL);
INSERT INTO logged_foods VALUES(112,3,1772323200000,26,12.0,'GRAM','BREAKFAST',1772375524559,NULL);
INSERT INTO logged_foods VALUES(113,3,1772323200000,76,1.0,'GRAM','NOON',1772375526874,NULL);
INSERT INTO logged_foods VALUES(114,3,1772323200000,10,120.0,'GRAM','LUNCH',1772375527475,NULL);
INSERT INTO logged_foods VALUES(115,3,1772323200000,46,140.0,'GRAM','LUNCH',1772375527475,NULL);
INSERT INTO logged_foods VALUES(116,3,1772323200000,45,140.0,'GRAM','LUNCH',1772375527475,NULL);
INSERT INTO logged_foods VALUES(117,3,1772323200000,67,240.0,'GRAM','EVENING',1772375529248,NULL);
INSERT INTO logged_foods VALUES(118,3,1772323200000,3,80.0,'GRAM','DINNER',1772375529948,NULL);
INSERT INTO logged_foods VALUES(119,3,1772323200000,4,80.0,'GRAM','DINNER',1772375529948,NULL);
INSERT INTO logged_foods VALUES(120,3,1772323200000,64,140.0,'GRAM','DINNER',1772375529948,NULL);
INSERT INTO logged_foods VALUES(121,3,1772323200000,41,100.0,'GRAM','DINNER',1772375529948,NULL);
INSERT INTO logged_foods VALUES(122,3,1772323200000,18,80.0,'GRAM','DINNER',1772375529948,NULL);
INSERT INTO logged_foods VALUES(123,3,1772323200000,6,40.0,'GRAM','DINNER',1772375529948,NULL);
INSERT INTO logged_foods VALUES(124,3,1772323200000,20,40.0,'GRAM','DINNER',1772375529948,NULL);
INSERT INTO logged_foods VALUES(125,3,1772323200000,47,55.0,'GRAM','DINNER',1772375529948,NULL);
INSERT INTO logged_foods VALUES(126,3,1772323200000,22,12.0,'GRAM','DINNER',1772375529948,NULL);
INSERT INTO logged_foods VALUES(127,3,1772323200000,98,25.0,'GRAM','POST_DINNER',1772375536011,NULL);
INSERT INTO logged_foods VALUES(128,3,1772323200000,97,140.0,'GRAM','POST_DINNER',1772375536011,NULL);
INSERT INTO logged_foods VALUES(129,3,1772323200000,99,120.0,'GRAM','POST_DINNER',1772375536011,NULL);
INSERT INTO logged_foods VALUES(130,3,1772323200000,13,20.0,'GRAM','POST_DINNER',1772375536011,NULL);
INSERT INTO logged_foods VALUES(131,3,1772323200000,14,20.0,'GRAM','POST_DINNER',1772375536011,NULL);
INSERT INTO logged_foods VALUES(132,3,1772323200000,16,14.0,'GRAM','POST_DINNER',1772375536011,NULL);
INSERT INTO logged_foods VALUES(141,1,1772323200000,76,1.0,'GRAM','NOON',1772375607098,NULL);
INSERT INTO logged_foods VALUES(142,1,1772323200000,10,120.0,'GRAM','LUNCH',1772375607864,NULL);
INSERT INTO logged_foods VALUES(143,1,1772323200000,46,140.0,'GRAM','LUNCH',1772375607864,NULL);
INSERT INTO logged_foods VALUES(144,1,1772323200000,45,140.0,'GRAM','LUNCH',1772375607864,NULL);
INSERT INTO logged_foods VALUES(145,1,1772323200000,98,25.0,'GRAM','POST_DINNER',1772401754924,NULL);
INSERT INTO logged_foods VALUES(146,1,1772323200000,97,140.0,'GRAM','POST_DINNER',1772401754924,NULL);
INSERT INTO logged_foods VALUES(147,1,1772323200000,99,120.0,'GRAM','POST_DINNER',1772401754924,NULL);
INSERT INTO logged_foods VALUES(148,1,1772323200000,13,20.0,'GRAM','POST_DINNER',1772401754924,NULL);
INSERT INTO logged_foods VALUES(149,1,1772323200000,14,20.0,'GRAM','POST_DINNER',1772401754924,NULL);
INSERT INTO logged_foods VALUES(150,1,1772323200000,16,14.0,'GRAM','POST_DINNER',1772401754924,NULL);
INSERT INTO logged_foods VALUES(151,1,1772323200000,3,80.0,'GRAM','DINNER',1772401755857,NULL);
INSERT INTO logged_foods VALUES(152,1,1772323200000,4,80.0,'GRAM','DINNER',1772401755857,NULL);
INSERT INTO logged_foods VALUES(153,1,1772323200000,64,140.0,'GRAM','DINNER',1772401755857,NULL);
INSERT INTO logged_foods VALUES(154,1,1772323200000,41,100.0,'GRAM','DINNER',1772401755857,NULL);
INSERT INTO logged_foods VALUES(155,1,1772323200000,18,80.0,'GRAM','DINNER',1772401755857,NULL);
INSERT INTO logged_foods VALUES(156,1,1772323200000,6,40.0,'GRAM','DINNER',1772401755857,NULL);
INSERT INTO logged_foods VALUES(157,1,1772323200000,20,40.0,'GRAM','DINNER',1772401755857,NULL);
INSERT INTO logged_foods VALUES(158,1,1772323200000,47,55.0,'GRAM','DINNER',1772401755857,NULL);
INSERT INTO logged_foods VALUES(159,1,1772323200000,22,12.0,'GRAM','DINNER',1772401755857,NULL);
INSERT INTO logged_foods VALUES(160,1,1772323200000,67,240.0,'GRAM','EVENING',1772401756732,NULL);
INSERT INTO logged_foods VALUES(161,1,1772323200000,3,80.0,'GRAM','BREAKFAST',1772401768446,NULL);
INSERT INTO logged_foods VALUES(162,1,1772323200000,4,80.0,'GRAM','BREAKFAST',1772401768446,NULL);
INSERT INTO logged_foods VALUES(163,1,1772323200000,27,80.0,'GRAM','BREAKFAST',1772401768446,NULL);
INSERT INTO logged_foods VALUES(164,1,1772323200000,6,40.0,'GRAM','BREAKFAST',1772401768446,NULL);
INSERT INTO logged_foods VALUES(165,1,1772323200000,28,50.0,'GRAM','BREAKFAST',1772401768446,NULL);
INSERT INTO logged_foods VALUES(166,1,1772323200000,8,10.0,'GRAM','BREAKFAST',1772401768446,NULL);
INSERT INTO logged_foods VALUES(167,1,1772323200000,39,2.0,'GRAM','BREAKFAST',1772401768446,NULL);
INSERT INTO logged_foods VALUES(168,1,1772323200000,26,12.0,'GRAM','BREAKFAST',1772401768446,NULL);
INSERT INTO logged_foods VALUES(169,1,1772409600000,1,2.0,'GRAM','BREAKFAST',1772446048480,NULL);
INSERT INTO logged_foods VALUES(170,1,1772409600000,2,2.0,'GRAM','BREAKFAST',1772446048480,NULL);
INSERT INTO logged_foods VALUES(171,1,1772409600000,3,60.0,'GRAM','BREAKFAST',1772446048480,NULL);
INSERT INTO logged_foods VALUES(172,1,1772409600000,4,60.0,'GRAM','BREAKFAST',1772446048480,NULL);
INSERT INTO logged_foods VALUES(173,1,1772409600000,6,40.0,'GRAM','BREAKFAST',1772446048480,NULL);
INSERT INTO logged_foods VALUES(174,1,1772409600000,95,20.0,'GRAM','BREAKFAST',1772446048480,NULL);
INSERT INTO logged_foods VALUES(175,1,1772409600000,96,30.0,'GRAM','BREAKFAST',1772446048480,NULL);
INSERT INTO logged_foods VALUES(176,1,1772409600000,9,4.0,'GRAM','BREAKFAST',1772446048480,NULL);
INSERT INTO logged_foods VALUES(177,1,1772409600000,26,12.0,'GRAM','BREAKFAST',1772446048480,NULL);
INSERT INTO logged_foods VALUES(178,1,1772409600000,3,80.0,'GRAM','DINNER',1772488065780,NULL);
INSERT INTO logged_foods VALUES(179,1,1772409600000,4,80.0,'GRAM','DINNER',1772488065780,NULL);
INSERT INTO logged_foods VALUES(180,1,1772409600000,27,100.0,'GRAM','DINNER',1772488065780,NULL);
INSERT INTO logged_foods VALUES(181,1,1772409600000,101,120.0,'GRAM','DINNER',1772488065780,NULL);
INSERT INTO logged_foods VALUES(182,1,1772409600000,5,40.0,'GRAM','DINNER',1772488065780,NULL);
INSERT INTO logged_foods VALUES(183,1,1772409600000,21,50.0,'GRAM','DINNER',1772488065780,NULL);
INSERT INTO logged_foods VALUES(184,1,1772409600000,23,12.0,'GRAM','DINNER',1772488065780,NULL);
INSERT INTO logged_foods VALUES(185,1,1772409600000,67,360.0,'GRAM','POST_WORKOUT',1772488066582,NULL);
INSERT INTO logged_foods VALUES(186,1,1772409600000,79,45.0,'GRAM','POST_WORKOUT',1772488066582,NULL);
INSERT INTO logged_foods VALUES(187,1,1772409600000,65,50.0,'GRAM','POST_WORKOUT',1772488066582,NULL);
INSERT INTO logged_foods VALUES(188,1,1772409600000,67,240.0,'GRAM','EVENING',1772488067635,NULL);
INSERT INTO logged_foods VALUES(189,1,1772409600000,39,1.0,'GRAM','LUNCH',1772488068441,NULL);
INSERT INTO logged_foods VALUES(190,1,1772409600000,31,80.0,'GRAM','LUNCH',1772488068441,NULL);
INSERT INTO logged_foods VALUES(191,1,1772409600000,33,80.0,'GRAM','LUNCH',1772488068441,NULL);
INSERT INTO logged_foods VALUES(192,1,1772409600000,34,40.0,'GRAM','LUNCH',1772488068441,NULL);
INSERT INTO logged_foods VALUES(193,1,1772409600000,8,8.0,'GRAM','LUNCH',1772488068441,NULL);
INSERT INTO logged_foods VALUES(194,1,1772409600000,85,10.0,'GRAM','LUNCH',1772488068441,NULL);
INSERT INTO logged_foods VALUES(195,1,1772409600000,76,1.0,'GRAM','NOON',1772488069756,NULL);
INSERT INTO logged_foods VALUES(196,1,1772496000000,3,40.0,'GRAM','BREAKFAST',1772544011217,NULL);
INSERT INTO logged_foods VALUES(197,1,1772496000000,57,40.0,'GRAM','BREAKFAST',1772544011217,NULL);
INSERT INTO logged_foods VALUES(198,1,1772496000000,6,40.0,'GRAM','BREAKFAST',1772544011217,NULL);
INSERT INTO logged_foods VALUES(199,1,1772496000000,1,1.0,'GRAM','BREAKFAST',1772544011217,NULL);
INSERT INTO logged_foods VALUES(200,1,1772496000000,2,3.0,'GRAM','BREAKFAST',1772544011217,NULL);
INSERT INTO logged_foods VALUES(201,1,1772496000000,8,12.0,'GRAM','BREAKFAST',1772544011217,NULL);
INSERT INTO logged_foods VALUES(202,1,1772496000000,9,1.0,'GRAM','BREAKFAST',1772544011217,NULL);
INSERT INTO logged_foods VALUES(203,1,1772496000000,76,1.0,'GRAM','NOON',1772544013423,NULL);
INSERT INTO logged_foods VALUES(204,1,1772496000000,9,3.0,'GRAM','LUNCH',1772544015280,NULL);
INSERT INTO logged_foods VALUES(205,1,1772496000000,34,50.0,'GRAM','LUNCH',1772544015280,NULL);
INSERT INTO logged_foods VALUES(206,1,1772496000000,10,80.0,'GRAM','LUNCH',1772544015280,NULL);
INSERT INTO logged_foods VALUES(207,1,1772496000000,8,8.0,'GRAM','LUNCH',1772544015280,NULL);
INSERT INTO logged_foods VALUES(208,1,1772496000000,67,240.0,'GRAM','EVENING',1772562043675,NULL);
INSERT INTO logged_foods VALUES(209,1,1772496000000,3,80.0,'GRAM','DINNER',1772562044343,NULL);
INSERT INTO logged_foods VALUES(210,1,1772496000000,4,80.0,'GRAM','DINNER',1772562044343,NULL);
INSERT INTO logged_foods VALUES(211,1,1772496000000,27,80.0,'GRAM','DINNER',1772562044343,NULL);
INSERT INTO logged_foods VALUES(212,1,1772496000000,17,80.0,'GRAM','DINNER',1772562044343,NULL);
INSERT INTO logged_foods VALUES(213,1,1772496000000,18,100.0,'GRAM','DINNER',1772562044343,NULL);
INSERT INTO logged_foods VALUES(214,1,1772496000000,6,40.0,'GRAM','DINNER',1772562044343,NULL);
INSERT INTO logged_foods VALUES(215,1,1772496000000,7,40.0,'GRAM','DINNER',1772562044343,NULL);
INSERT INTO logged_foods VALUES(216,1,1772496000000,48,50.0,'GRAM','DINNER',1772562044343,NULL);
INSERT INTO logged_foods VALUES(217,1,1772496000000,61,50.0,'GRAM','DINNER',1772562044343,NULL);
INSERT INTO logged_foods VALUES(218,1,1772496000000,22,12.0,'GRAM','DINNER',1772562044343,NULL);
INSERT INTO logged_foods VALUES(219,1,1772496000000,49,12.0,'GRAM','DINNER',1772562044343,NULL);
INSERT INTO logged_foods VALUES(229,1,1772582400000,1,1.0,'GRAM','BREAKFAST',1772623163886,NULL);
INSERT INTO logged_foods VALUES(230,1,1772582400000,2,3.0,'GRAM','BREAKFAST',1772623163886,NULL);
INSERT INTO logged_foods VALUES(231,1,1772582400000,3,50.0,'GRAM','BREAKFAST',1772623163886,NULL);
INSERT INTO logged_foods VALUES(232,1,1772582400000,4,50.0,'GRAM','BREAKFAST',1772623163886,NULL);
INSERT INTO logged_foods VALUES(233,1,1772582400000,7,50.0,'GRAM','BREAKFAST',1772623163886,NULL);
INSERT INTO logged_foods VALUES(234,1,1772582400000,56,2.0,'GRAM','BREAKFAST',1772623163886,NULL);
INSERT INTO logged_foods VALUES(235,1,1772582400000,9,3.0,'GRAM','BREAKFAST',1772623163886,NULL);
INSERT INTO logged_foods VALUES(236,1,1772582400000,8,12.0,'GRAM','BREAKFAST',1772623163886,NULL);
INSERT INTO logged_foods VALUES(237,1,1772582400000,26,12.0,'GRAM','BREAKFAST',1772623163886,NULL);
INSERT INTO logged_foods VALUES(238,1,1772582400000,76,1.0,'GRAM','NOON',1772623167008,NULL);
INSERT INTO logged_foods VALUES(239,1,1772582400000,31,100.0,'GRAM','LUNCH',1772649814400,NULL);
INSERT INTO logged_foods VALUES(240,1,1772582400000,10,120.0,'GRAM','LUNCH',1772649814400,NULL);
INSERT INTO logged_foods VALUES(241,1,1772582400000,45,150.0,'GRAM','LUNCH',1772649814400,NULL);
INSERT INTO logged_foods VALUES(242,1,1772582400000,32,50.0,'GRAM','LUNCH',1772649814400,NULL);
INSERT INTO logged_foods VALUES(243,1,1772582400000,13,10.0,'GRAM','LUNCH',1772649814400,NULL);
INSERT INTO logged_foods VALUES(244,1,1772582400000,67,240.0,'GRAM','EVENING',1772649815337,NULL);
INSERT INTO logged_foods VALUES(245,1,1772582400000,67,240.0,'GRAM','POST_WORKOUT',1772649816036,NULL);
INSERT INTO logged_foods VALUES(246,1,1772582400000,79,45.0,'GRAM','POST_WORKOUT',1772649816036,NULL);
INSERT INTO logged_foods VALUES(247,1,1772582400000,65,50.0,'GRAM','POST_WORKOUT',1772649816036,NULL);
INSERT INTO logged_foods VALUES(248,1,1772582400000,4,80.0,'GRAM','DINNER',1772656342661,NULL);
INSERT INTO logged_foods VALUES(249,1,1772582400000,3,80.0,'GRAM','DINNER',1772656342661,NULL);
INSERT INTO logged_foods VALUES(250,1,1772582400000,64,140.0,'GRAM','DINNER',1772656342661,NULL);
INSERT INTO logged_foods VALUES(251,1,1772582400000,30,100.0,'GRAM','DINNER',1772656342661,NULL);
INSERT INTO logged_foods VALUES(252,1,1772582400000,53,45.0,'GRAM','DINNER',1772656342661,NULL);
INSERT INTO logged_foods VALUES(253,1,1772582400000,21,50.0,'GRAM','DINNER',1772656342661,NULL);
INSERT INTO logged_foods VALUES(254,1,1772582400000,23,12.0,'GRAM','DINNER',1772656342661,NULL);
INSERT INTO logged_foods VALUES(255,1,1772668800000,27,80.0,'GRAM','BREAKFAST',1772748749191,NULL);
INSERT INTO logged_foods VALUES(256,1,1772668800000,4,40.0,'GRAM','BREAKFAST',1772748749191,NULL);
INSERT INTO logged_foods VALUES(257,1,1772668800000,3,40.0,'GRAM','BREAKFAST',1772748749191,NULL);
INSERT INTO logged_foods VALUES(258,1,1772668800000,6,40.0,'GRAM','BREAKFAST',1772748749191,NULL);
INSERT INTO logged_foods VALUES(259,1,1772668800000,7,40.0,'GRAM','BREAKFAST',1772748749191,NULL);
INSERT INTO logged_foods VALUES(260,1,1772668800000,37,55.0,'GRAM','BREAKFAST',1772748749191,NULL);
INSERT INTO logged_foods VALUES(261,1,1772668800000,22,10.0,'GRAM','BREAKFAST',1772748749191,NULL);
INSERT INTO logged_foods VALUES(262,1,1772668800000,91,80.0,'GRAM','BREAKFAST',1772748749191,NULL);
INSERT INTO logged_foods VALUES(263,1,1772668800000,76,1.0,'GRAM','NOON',1772748751437,NULL);
INSERT INTO logged_foods VALUES(264,1,1772668800000,31,100.0,'GRAM','LUNCH',1772748751982,NULL);
INSERT INTO logged_foods VALUES(265,1,1772668800000,34,50.0,'GRAM','LUNCH',1772748751982,NULL);
INSERT INTO logged_foods VALUES(266,1,1772668800000,9,2.0,'GRAM','LUNCH',1772748751982,NULL);
INSERT INTO logged_foods VALUES(267,1,1772668800000,8,10.0,'GRAM','LUNCH',1772748751982,NULL);
INSERT INTO logged_foods VALUES(268,1,1772668800000,85,12.0,'GRAM','LUNCH',1772748751982,NULL);
INSERT INTO logged_foods VALUES(269,1,1772668800000,67,240.0,'GRAM','EVENING',1772748752563,NULL);
INSERT INTO logged_foods VALUES(270,1,1772668800000,67,240.0,'GRAM','POST_WORKOUT',1772748753734,NULL);
INSERT INTO logged_foods VALUES(271,1,1772668800000,79,50.0,'GRAM','POST_WORKOUT',1772748753734,NULL);
INSERT INTO logged_foods VALUES(272,1,1772668800000,10,120.0,'GRAM','POST_WORKOUT',1772748753734,NULL);
INSERT INTO logged_foods VALUES(273,1,1772668800000,32,50.0,'GRAM','POST_WORKOUT',1772748753734,NULL);
INSERT INTO logged_foods VALUES(274,1,1772668800000,4,80.0,'GRAM','DINNER',1772748754268,NULL);
INSERT INTO logged_foods VALUES(275,1,1772668800000,3,80.0,'GRAM','DINNER',1772748754268,NULL);
INSERT INTO logged_foods VALUES(276,1,1772668800000,19,120.0,'GRAM','DINNER',1772748754268,NULL);
INSERT INTO logged_foods VALUES(277,1,1772668800000,30,100.0,'GRAM','DINNER',1772748754268,NULL);
INSERT INTO logged_foods VALUES(278,1,1772668800000,93,20.0,'GRAM','DINNER',1772748754268,NULL);
INSERT INTO logged_foods VALUES(279,1,1772668800000,20,50.0,'GRAM','DINNER',1772748754268,NULL);
INSERT INTO logged_foods VALUES(280,1,1772668800000,24,12.0,'GRAM','DINNER',1772748754268,NULL);
INSERT INTO logged_foods VALUES(281,1,1772668800000,36,30.0,'GRAM','DINNER',1772748754268,NULL);
INSERT INTO logged_foods VALUES(282,1,1772668800000,88,30.0,'GRAM','DINNER',1772748754268,NULL);
INSERT INTO logged_foods VALUES(283,1,1772841600000,69,8.0,'GRAM','EARLY_MORNING',1772896609625,NULL);
INSERT INTO logged_foods VALUES(284,1,1772841600000,3,70.0,'GRAM','BREAKFAST',1772896612575,NULL);
INSERT INTO logged_foods VALUES(285,1,1772841600000,4,70.0,'GRAM','BREAKFAST',1772896612575,NULL);
INSERT INTO logged_foods VALUES(286,1,1772841600000,5,40.0,'GRAM','BREAKFAST',1772896612575,NULL);
INSERT INTO logged_foods VALUES(287,1,1772841600000,6,40.0,'GRAM','BREAKFAST',1772896612575,NULL);
INSERT INTO logged_foods VALUES(288,1,1772841600000,1,2.0,'GRAM','BREAKFAST',1772896612575,NULL);
INSERT INTO logged_foods VALUES(289,1,1772841600000,2,3.0,'GRAM','BREAKFAST',1772896612575,NULL);
INSERT INTO logged_foods VALUES(290,1,1772841600000,8,14.0,'GRAM','BREAKFAST',1772896612575,NULL);
INSERT INTO logged_foods VALUES(291,1,1772841600000,9,1.0,'GRAM','BREAKFAST',1772896612575,NULL);
INSERT INTO logged_foods VALUES(292,1,1772841600000,27,80.0,'GRAM','BREAKFAST',1772896612575,NULL);
INSERT INTO logged_foods VALUES(293,1,1772841600000,76,1.0,'GRAM','NOON',1772896614402,NULL);
INSERT INTO logged_foods VALUES(294,1,1772841600000,105,200.0,'GRAM','LUNCH',1772896615679,NULL);
INSERT INTO logged_foods VALUES(295,1,1772841600000,12,180.0,'GRAM','LUNCH',1772896615679,NULL);
INSERT INTO logged_foods VALUES(296,1,1772841600000,46,180.0,'GRAM','LUNCH',1772896615679,NULL);
INSERT INTO logged_foods VALUES(297,1,1772841600000,13,20.0,'GRAM','PRE_WORKOUT',1772896689163,NULL);
INSERT INTO logged_foods VALUES(298,1,1772841600000,14,20.0,'GRAM','PRE_WORKOUT',1772896689163,NULL);
INSERT INTO logged_foods VALUES(299,1,1772841600000,16,20.0,'GRAM','PRE_WORKOUT',1772896689163,NULL);
INSERT INTO logged_foods VALUES(300,1,1772841600000,15,20.0,'GRAM','PRE_WORKOUT',1772896689163,NULL);
INSERT INTO logged_foods VALUES(311,1,1772928000000,100,60.0,'GRAM','BREAKFAST',1772970272458,NULL);
INSERT INTO logged_foods VALUES(312,1,1772928000000,1,2.0,'GRAM','BREAKFAST',1772970272458,NULL);
INSERT INTO logged_foods VALUES(313,1,1772928000000,2,2.0,'GRAM','BREAKFAST',1772970272458,NULL);
INSERT INTO logged_foods VALUES(314,1,1772928000000,4,50.0,'GRAM','BREAKFAST',1772970272458,NULL);
INSERT INTO logged_foods VALUES(315,1,1772928000000,3,50.0,'GRAM','BREAKFAST',1772970272458,NULL);
INSERT INTO logged_foods VALUES(316,1,1772928000000,5,50.0,'GRAM','BREAKFAST',1772970272458,NULL);
INSERT INTO logged_foods VALUES(317,1,1772928000000,57,50.0,'GRAM','BREAKFAST',1772970272458,NULL);
INSERT INTO logged_foods VALUES(318,1,1772928000000,8,12.0,'GRAM','BREAKFAST',1772970272458,NULL);
INSERT INTO logged_foods VALUES(319,1,1772928000000,26,12.0,'GRAM','BREAKFAST',1772970272458,NULL);
INSERT INTO logged_foods VALUES(322,1,1772928000000,76,1.0,'GRAM','NOON',1772972865917,NULL);
INSERT INTO logged_foods VALUES(323,1,1772928000000,10,120.0,'GRAM','LUNCH',1772972866972,NULL);
INSERT INTO logged_foods VALUES(324,1,1772928000000,45,200.0,'GRAM','LUNCH',1772972866972,NULL);
INSERT INTO logged_foods VALUES(325,1,1772928000000,33,80.0,'GRAM','LUNCH',1772972866972,NULL);
INSERT INTO logged_foods VALUES(326,1,1772928000000,65,80.0,'GRAM','LUNCH',1772972866972,NULL);
INSERT INTO logged_foods VALUES(327,1,1772928000000,67,240.0,'GRAM','EVENING',1772972893361,NULL);
INSERT INTO logged_foods VALUES(328,1,1772928000000,3,80.0,'GRAM','DINNER',1772997402040,NULL);
INSERT INTO logged_foods VALUES(329,1,1772928000000,4,80.0,'GRAM','DINNER',1772997402040,NULL);
INSERT INTO logged_foods VALUES(330,1,1772928000000,27,80.0,'GRAM','DINNER',1772997402040,NULL);
INSERT INTO logged_foods VALUES(331,1,1772928000000,30,120.0,'GRAM','DINNER',1772997402040,NULL);
INSERT INTO logged_foods VALUES(332,1,1772928000000,20,50.0,'GRAM','DINNER',1772997402040,NULL);
INSERT INTO logged_foods VALUES(333,1,1772928000000,55,45.0,'GRAM','DINNER',1772997402040,NULL);
INSERT INTO logged_foods VALUES(334,1,1772928000000,21,45.0,'GRAM','DINNER',1772997402040,NULL);
INSERT INTO logged_foods VALUES(335,1,1772928000000,23,12.0,'GRAM','DINNER',1772997402040,NULL);
INSERT INTO logged_foods VALUES(336,1,1772928000000,32,100.0,'GRAM','CUSTOM_3',1773003952850,NULL);
INSERT INTO logged_foods VALUES(337,1,1772755200000,77,1.0,'GRAM','EARLY_MORNING',1773004092637,NULL);
INSERT INTO logged_foods VALUES(338,1,1772755200000,69,10.0,'GRAM','EARLY_MORNING',1773004092637,NULL);
INSERT INTO logged_foods VALUES(339,1,1772755200000,94,60.0,'GRAM','BREAKFAST',1773004093514,NULL);
INSERT INTO logged_foods VALUES(340,1,1772755200000,19,80.0,'GRAM','BREAKFAST',1773004093514,NULL);
INSERT INTO logged_foods VALUES(341,1,1772755200000,3,80.0,'GRAM','BREAKFAST',1773004093514,NULL);
INSERT INTO logged_foods VALUES(342,1,1772755200000,4,80.0,'GRAM','BREAKFAST',1773004093514,NULL);
INSERT INTO logged_foods VALUES(343,1,1772755200000,18,50.0,'GRAM','BREAKFAST',1773004093514,NULL);
INSERT INTO logged_foods VALUES(344,1,1772755200000,20,40.0,'GRAM','BREAKFAST',1773004093514,NULL);
INSERT INTO logged_foods VALUES(345,1,1772755200000,24,12.0,'GRAM','BREAKFAST',1773004093514,NULL);
INSERT INTO logged_foods VALUES(346,1,1772755200000,76,1.0,'GRAM','NOON',1773004094880,NULL);
INSERT INTO logged_foods VALUES(347,1,1772755200000,10,120.0,'GRAM','LUNCH',1773004096487,NULL);
INSERT INTO logged_foods VALUES(348,1,1772755200000,50,120.0,'GRAM','LUNCH',1773004096487,NULL);
INSERT INTO logged_foods VALUES(349,1,1772755200000,45,180.0,'GRAM','LUNCH',1773004096487,NULL);
INSERT INTO logged_foods VALUES(350,1,1772755200000,14,20.0,'GRAM','LUNCH',1773004096487,NULL);
INSERT INTO logged_foods VALUES(351,1,1772755200000,15,20.0,'GRAM','LUNCH',1773004096487,NULL);
INSERT INTO logged_foods VALUES(352,1,1772755200000,67,240.0,'GRAM','EVENING',1773004097830,NULL);
INSERT INTO logged_foods VALUES(353,1,1772755200000,67,240.0,'GRAM','POST_WORKOUT',1773004099097,NULL);
INSERT INTO logged_foods VALUES(354,1,1772755200000,79,45.0,'GRAM','POST_WORKOUT',1773004099097,NULL);
INSERT INTO logged_foods VALUES(355,1,1772755200000,33,80.0,'GRAM','POST_WORKOUT',1773004099097,NULL);
INSERT INTO logged_foods VALUES(356,1,1772755200000,13,14.0,'GRAM','POST_WORKOUT',1773004099097,NULL);
INSERT INTO logged_foods VALUES(357,1,1772755200000,3,80.0,'GRAM','DINNER',1773004100454,NULL);
INSERT INTO logged_foods VALUES(358,1,1772755200000,4,80.0,'GRAM','DINNER',1773004100454,NULL);
INSERT INTO logged_foods VALUES(359,1,1772755200000,64,120.0,'GRAM','DINNER',1773004100454,NULL);
INSERT INTO logged_foods VALUES(360,1,1772755200000,17,100.0,'GRAM','DINNER',1773004100454,NULL);
INSERT INTO logged_foods VALUES(361,1,1772755200000,41,100.0,'GRAM','DINNER',1773004100454,NULL);
INSERT INTO logged_foods VALUES(362,1,1772755200000,20,40.0,'GRAM','DINNER',1773004100454,NULL);
INSERT INTO logged_foods VALUES(363,1,1772755200000,21,45.0,'GRAM','DINNER',1773004100454,NULL);
INSERT INTO logged_foods VALUES(364,1,1772755200000,22,12.0,'GRAM','DINNER',1773004100454,NULL);
INSERT INTO logged_foods VALUES(365,1,1772755200000,25,12.0,'GRAM','DINNER',1773004100454,NULL);
INSERT INTO logged_foods VALUES(366,1,1773014400000,1,1.0,'GRAM','BREAKFAST',1773067371648,NULL);
INSERT INTO logged_foods VALUES(367,1,1773014400000,2,3.0,'GRAM','BREAKFAST',1773067371648,NULL);
INSERT INTO logged_foods VALUES(368,1,1773014400000,3,50.0,'GRAM','BREAKFAST',1773067371648,NULL);
INSERT INTO logged_foods VALUES(369,1,1773014400000,4,50.0,'GRAM','BREAKFAST',1773067371648,NULL);
INSERT INTO logged_foods VALUES(370,1,1773014400000,7,50.0,'GRAM','BREAKFAST',1773067371648,NULL);
INSERT INTO logged_foods VALUES(371,1,1773014400000,56,2.0,'GRAM','BREAKFAST',1773067371648,NULL);
INSERT INTO logged_foods VALUES(372,1,1773014400000,9,3.0,'GRAM','BREAKFAST',1773067371648,NULL);
INSERT INTO logged_foods VALUES(373,1,1773014400000,8,12.0,'GRAM','BREAKFAST',1773067371648,NULL);
INSERT INTO logged_foods VALUES(374,1,1773014400000,26,12.0,'GRAM','BREAKFAST',1773067371648,NULL);
INSERT INTO logged_foods VALUES(375,1,1773014400000,76,1.0,'GRAM','NOON',1773067372869,NULL);
INSERT INTO logged_foods VALUES(376,1,1773014400000,31,100.0,'GRAM','LUNCH',1773067373679,NULL);
INSERT INTO logged_foods VALUES(377,1,1773014400000,10,120.0,'GRAM','LUNCH',1773067373679,NULL);
INSERT INTO logged_foods VALUES(378,1,1773014400000,45,150.0,'GRAM','LUNCH',1773067373679,NULL);
INSERT INTO logged_foods VALUES(379,1,1773014400000,32,50.0,'GRAM','LUNCH',1773067373679,NULL);
INSERT INTO logged_foods VALUES(380,1,1773014400000,13,10.0,'GRAM','LUNCH',1773067373679,NULL);
INSERT INTO logged_foods VALUES(381,1,1773014400000,78,100.0,'GRAM','CUSTOM_4',1773067416705,NULL);
INSERT INTO logged_foods VALUES(382,1,1773014400000,67,240.0,'GRAM','EVENING',1773067570459,NULL);
INSERT INTO logged_foods VALUES(383,1,1773446400000,3,70.0,'GRAM','BREAKFAST',1773492066395,NULL);
INSERT INTO logged_foods VALUES(384,1,1773446400000,4,70.0,'GRAM','BREAKFAST',1773492066395,NULL);
INSERT INTO logged_foods VALUES(385,1,1773446400000,27,80.0,'GRAM','BREAKFAST',1773492066395,NULL);
INSERT INTO logged_foods VALUES(386,1,1773446400000,5,40.0,'GRAM','BREAKFAST',1773492066395,NULL);
INSERT INTO logged_foods VALUES(387,1,1773446400000,7,40.0,'GRAM','BREAKFAST',1773492066395,NULL);
INSERT INTO logged_foods VALUES(388,1,1773446400000,8,12.0,'GRAM','BREAKFAST',1773492066395,NULL);
INSERT INTO logged_foods VALUES(389,1,1773446400000,39,1.0,'GRAM','BREAKFAST',1773492066395,NULL);
INSERT INTO logged_foods VALUES(390,1,1773446400000,26,12.0,'GRAM','BREAKFAST',1773492066395,NULL);
INSERT INTO logged_foods VALUES(412,1,1773446400000,76,1.0,'GRAM','NOON',1773492195325,NULL);
INSERT INTO logged_foods VALUES(417,1,1773446400000,10,120.0,'GRAM','LUNCH',1773492487074,NULL);
INSERT INTO logged_foods VALUES(418,1,1773446400000,12,200.0,'GRAM','LUNCH',1773492487074,NULL);
INSERT INTO logged_foods VALUES(419,1,1773446400000,92,80.0,'GRAM','LUNCH',1773492487074,NULL);
INSERT INTO logged_foods VALUES(420,1,1773446400000,50,120.0,'GRAM','LUNCH',1773492487074,NULL);
INSERT INTO logged_foods VALUES(421,1,1773532800000,3,80.0,'GRAM','BREAKFAST',1773561446258,NULL);
INSERT INTO logged_foods VALUES(422,1,1773532800000,4,80.0,'GRAM','BREAKFAST',1773561446258,NULL);
INSERT INTO logged_foods VALUES(423,1,1773532800000,5,40.0,'GRAM','BREAKFAST',1773561446258,NULL);
INSERT INTO logged_foods VALUES(424,1,1773532800000,7,40.0,'GRAM','BREAKFAST',1773561446258,NULL);
INSERT INTO logged_foods VALUES(425,1,1773532800000,27,80.0,'GRAM','BREAKFAST',1773561446258,NULL);
INSERT INTO logged_foods VALUES(426,1,1773532800000,20,40.0,'GRAM','BREAKFAST',1773561446258,NULL);
INSERT INTO logged_foods VALUES(427,1,1773532800000,8,14.0,'GRAM','BREAKFAST',1773561446258,NULL);
INSERT INTO logged_foods VALUES(428,1,1773532800000,39,2.0,'GRAM','BREAKFAST',1773561446258,NULL);
INSERT INTO logged_foods VALUES(429,1,1773532800000,26,14.0,'GRAM','BREAKFAST',1773561446258,NULL);
INSERT INTO logged_foods VALUES(430,1,1773532800000,76,1.0,'GRAM','NOON',1773561448086,NULL);
INSERT INTO logged_foods VALUES(431,1,1773532800000,50,120.0,'GRAM','LUNCH',1773561448973,NULL);
INSERT INTO logged_foods VALUES(432,1,1773532800000,10,120.0,'GRAM','LUNCH',1773561448973,NULL);
INSERT INTO logged_foods VALUES(433,1,1773532800000,45,180.0,'GRAM','LUNCH',1773561448973,NULL);
INSERT INTO logged_foods VALUES(434,1,1773532800000,13,14.0,'GRAM','LUNCH',1773561448973,NULL);
INSERT INTO logged_foods VALUES(435,1,1773532800000,15,14.0,'GRAM','LUNCH',1773561448973,NULL);
INSERT INTO logged_foods VALUES(436,1,1773532800000,16,14.0,'GRAM','LUNCH',1773561448973,NULL);
INSERT INTO logged_foods VALUES(437,1,1773532800000,67,240.0,'GRAM','PRE_WORKOUT',1773561449702,NULL);
INSERT INTO logged_foods VALUES(438,1,1773532800000,79,50.0,'GRAM','PRE_WORKOUT',1773561449702,NULL);
INSERT INTO logged_foods VALUES(439,1,1773532800000,33,100.0,'GRAM','PRE_WORKOUT',1773561449702,NULL);
INSERT INTO logged_foods VALUES(440,1,1773532800000,87,50.0,'GRAM','PRE_WORKOUT',1773561449702,NULL);
INSERT INTO logged_foods VALUES(441,1,1773532800000,85,12.0,'GRAM','PRE_WORKOUT',1773561449702,NULL);
INSERT INTO logged_foods VALUES(442,1,1773532800000,67,240.0,'GRAM','EVENING',1773561451049,NULL);
INSERT INTO logged_foods VALUES(443,1,1773532800000,3,80.0,'GRAM','DINNER',1773561451881,NULL);
INSERT INTO logged_foods VALUES(444,1,1773532800000,4,80.0,'GRAM','DINNER',1773561451881,NULL);
INSERT INTO logged_foods VALUES(445,1,1773532800000,30,140.0,'GRAM','DINNER',1773561451881,NULL);
INSERT INTO logged_foods VALUES(446,1,1773532800000,55,40.0,'GRAM','DINNER',1773561451881,NULL);
INSERT INTO logged_foods VALUES(447,1,1773532800000,21,45.0,'GRAM','DINNER',1773561451881,NULL);
INSERT INTO logged_foods VALUES(448,1,1773532800000,22,12.0,'GRAM','DINNER',1773561451881,NULL);
INSERT INTO logged_foods VALUES(449,1,1773532800000,36,40.0,'GRAM','DINNER',1773561451881,NULL);
INSERT INTO logged_foods VALUES(450,1,1773532800000,88,20.0,'GRAM','DINNER',1773561451881,NULL);
INSERT INTO logged_foods VALUES(451,1,1773619200000,103,50.0,'GRAM','BREAKFAST',1773677902299,NULL);
INSERT INTO logged_foods VALUES(452,1,1773619200000,19,100.0,'GRAM','BREAKFAST',1773677902299,NULL);
INSERT INTO logged_foods VALUES(453,1,1773619200000,4,80.0,'GRAM','BREAKFAST',1773677902299,NULL);
INSERT INTO logged_foods VALUES(454,1,1773619200000,3,80.0,'GRAM','BREAKFAST',1773677902299,NULL);
INSERT INTO logged_foods VALUES(455,1,1773619200000,59,100.0,'GRAM','BREAKFAST',1773677902299,NULL);
INSERT INTO logged_foods VALUES(456,1,1773619200000,6,40.0,'GRAM','BREAKFAST',1773677902299,NULL);
INSERT INTO logged_foods VALUES(457,1,1773619200000,8,12.0,'GRAM','BREAKFAST',1773677902299,NULL);
INSERT INTO logged_foods VALUES(458,1,1773619200000,76,1.0,'GRAM','NOON',1773677902961,NULL);
INSERT INTO logged_foods VALUES(459,1,1773619200000,10,120.0,'GRAM','LUNCH',1773677903579,NULL);
INSERT INTO logged_foods VALUES(460,1,1773619200000,50,120.0,'GRAM','LUNCH',1773677903579,NULL);
INSERT INTO logged_foods VALUES(461,1,1773619200000,46,140.0,'GRAM','LUNCH',1773677903579,NULL);
INSERT INTO logged_foods VALUES(462,1,1773619200000,13,20.0,'GRAM','LUNCH',1773677903579,NULL);
INSERT INTO logged_foods VALUES(463,1,1773619200000,32,40.0,'GRAM','LUNCH',1773677903579,NULL);
INSERT INTO logged_foods VALUES(464,1,1773619200000,67,240.0,'GRAM','EVENING',1773677904237,NULL);
INSERT INTO logged_foods VALUES(465,1,1773705600000,103,50.0,'GRAM','BREAKFAST',1773869765255,NULL);
INSERT INTO logged_foods VALUES(466,1,1773705600000,19,100.0,'GRAM','BREAKFAST',1773869765255,NULL);
INSERT INTO logged_foods VALUES(467,1,1773705600000,4,80.0,'GRAM','BREAKFAST',1773869765255,NULL);
INSERT INTO logged_foods VALUES(468,1,1773705600000,3,80.0,'GRAM','BREAKFAST',1773869765255,NULL);
INSERT INTO logged_foods VALUES(469,1,1773705600000,59,100.0,'GRAM','BREAKFAST',1773869765255,NULL);
INSERT INTO logged_foods VALUES(470,1,1773705600000,6,40.0,'GRAM','BREAKFAST',1773869765255,NULL);
INSERT INTO logged_foods VALUES(471,1,1773705600000,8,12.0,'GRAM','BREAKFAST',1773869765255,NULL);
INSERT INTO logged_foods VALUES(472,1,1773705600000,76,1.0,'GRAM','NOON',1773869767243,NULL);
INSERT INTO logged_foods VALUES(473,1,1773705600000,10,120.0,'GRAM','LUNCH',1773869768047,NULL);
INSERT INTO logged_foods VALUES(474,1,1773705600000,50,120.0,'GRAM','LUNCH',1773869768047,NULL);
INSERT INTO logged_foods VALUES(475,1,1773705600000,46,140.0,'GRAM','LUNCH',1773869768047,NULL);
INSERT INTO logged_foods VALUES(476,1,1773705600000,13,20.0,'GRAM','LUNCH',1773869768047,NULL);
INSERT INTO logged_foods VALUES(477,1,1773705600000,32,40.0,'GRAM','LUNCH',1773869768047,NULL);
INSERT INTO logged_foods VALUES(478,1,1773705600000,67,240.0,'GRAM','EVENING',1773869768628,NULL);
INSERT INTO logged_foods VALUES(479,1,1773705600000,4,80.0,'GRAM','DINNER',1773869770180,NULL);
INSERT INTO logged_foods VALUES(480,1,1773705600000,3,80.0,'GRAM','DINNER',1773869770180,NULL);
INSERT INTO logged_foods VALUES(481,1,1773705600000,27,100.0,'GRAM','DINNER',1773869770180,NULL);
INSERT INTO logged_foods VALUES(482,1,1773705600000,17,80.0,'GRAM','DINNER',1773869770180,NULL);
INSERT INTO logged_foods VALUES(483,1,1773705600000,41,80.0,'GRAM','DINNER',1773869770180,NULL);
INSERT INTO logged_foods VALUES(484,1,1773705600000,5,40.0,'GRAM','DINNER',1773869770180,NULL);
INSERT INTO logged_foods VALUES(485,1,1773705600000,1,2.0,'GRAM','DINNER',1773869770180,NULL);
INSERT INTO logged_foods VALUES(486,1,1773705600000,21,45.0,'GRAM','DINNER',1773869770180,NULL);
INSERT INTO logged_foods VALUES(487,1,1773705600000,22,12.0,'GRAM','DINNER',1773869770180,NULL);
INSERT INTO logged_foods VALUES(488,1,1773705600000,102,15.0,'GRAM','DINNER',1773869770180,NULL);
INSERT INTO logged_foods VALUES(489,1,1773705600000,25,12.0,'GRAM','DINNER',1773869770180,NULL);
INSERT INTO logged_foods VALUES(490,1,1773619200000,4,80.0,'GRAM','DINNER',1773869777477,NULL);
INSERT INTO logged_foods VALUES(491,1,1773619200000,3,80.0,'GRAM','DINNER',1773869777477,NULL);
INSERT INTO logged_foods VALUES(492,1,1773619200000,27,100.0,'GRAM','DINNER',1773869777477,NULL);
INSERT INTO logged_foods VALUES(493,1,1773619200000,17,80.0,'GRAM','DINNER',1773869777477,NULL);
INSERT INTO logged_foods VALUES(494,1,1773619200000,41,80.0,'GRAM','DINNER',1773869777477,NULL);
INSERT INTO logged_foods VALUES(495,1,1773619200000,5,40.0,'GRAM','DINNER',1773869777477,NULL);
INSERT INTO logged_foods VALUES(496,1,1773619200000,1,2.0,'GRAM','DINNER',1773869777477,NULL);
INSERT INTO logged_foods VALUES(497,1,1773619200000,21,45.0,'GRAM','DINNER',1773869777477,NULL);
INSERT INTO logged_foods VALUES(498,1,1773619200000,22,12.0,'GRAM','DINNER',1773869777477,NULL);
INSERT INTO logged_foods VALUES(499,1,1773619200000,102,15.0,'GRAM','DINNER',1773869777477,NULL);
INSERT INTO logged_foods VALUES(500,1,1773619200000,25,12.0,'GRAM','DINNER',1773869777477,NULL);
INSERT INTO logged_foods VALUES(501,1,1773792000000,1,2.0,'GRAM','BREAKFAST',1773869786917,NULL);
INSERT INTO logged_foods VALUES(502,1,1773792000000,2,2.0,'GRAM','BREAKFAST',1773869786917,NULL);
INSERT INTO logged_foods VALUES(503,1,1773792000000,19,80.0,'GRAM','BREAKFAST',1773869786917,NULL);
INSERT INTO logged_foods VALUES(504,1,1773792000000,3,80.0,'GRAM','BREAKFAST',1773869786917,NULL);
INSERT INTO logged_foods VALUES(505,1,1773792000000,4,80.0,'GRAM','BREAKFAST',1773869786917,NULL);
INSERT INTO logged_foods VALUES(506,1,1773792000000,5,40.0,'GRAM','BREAKFAST',1773869786917,NULL);
INSERT INTO logged_foods VALUES(507,1,1773792000000,8,14.0,'GRAM','BREAKFAST',1773869786917,NULL);
INSERT INTO logged_foods VALUES(508,1,1773792000000,9,2.0,'GRAM','BREAKFAST',1773869786917,NULL);
INSERT INTO logged_foods VALUES(509,1,1773792000000,76,1.0,'GRAM','NOON',1773869788772,NULL);
INSERT INTO logged_foods VALUES(510,1,1773792000000,79,50.0,'GRAM','PRE_WORKOUT',1773869789852,NULL);
INSERT INTO logged_foods VALUES(511,1,1773792000000,67,240.0,'GRAM','PRE_WORKOUT',1773869789852,NULL);
INSERT INTO logged_foods VALUES(512,1,1773792000000,31,120.0,'GRAM','PRE_WORKOUT',1773869789852,NULL);
INSERT INTO logged_foods VALUES(513,1,1773792000000,65,50.0,'GRAM','PRE_WORKOUT',1773869789852,NULL);
INSERT INTO logged_foods VALUES(514,1,1773792000000,67,240.0,'GRAM','EVENING',1773869790533,NULL);
INSERT INTO logged_foods VALUES(515,1,1773792000000,3,80.0,'GRAM','DINNER',1773869791249,NULL);
INSERT INTO logged_foods VALUES(516,1,1773792000000,4,80.0,'GRAM','DINNER',1773869791249,NULL);
INSERT INTO logged_foods VALUES(517,1,1773792000000,64,150.0,'GRAM','DINNER',1773869791249,NULL);
INSERT INTO logged_foods VALUES(518,1,1773792000000,40,100.0,'GRAM','DINNER',1773869791249,NULL);
INSERT INTO logged_foods VALUES(519,1,1773792000000,18,80.0,'GRAM','DINNER',1773869791249,NULL);
INSERT INTO logged_foods VALUES(520,1,1773792000000,42,50.0,'GRAM','DINNER',1773869791249,NULL);
INSERT INTO logged_foods VALUES(521,1,1773792000000,20,50.0,'GRAM','DINNER',1773869791249,NULL);
INSERT INTO logged_foods VALUES(522,1,1773792000000,21,50.0,'GRAM','DINNER',1773869791249,NULL);
INSERT INTO logged_foods VALUES(523,1,1773792000000,22,14.0,'GRAM','DINNER',1773869791249,NULL);
INSERT INTO logged_foods VALUES(524,1,1773792000000,25,12.0,'GRAM','DINNER',1773869791249,NULL);
INSERT INTO logged_foods VALUES(525,1,1773792000000,27,100.0,'GRAM','LUNCH',1773869792646,NULL);
INSERT INTO logged_foods VALUES(526,1,1773792000000,4,80.0,'GRAM','LUNCH',1773869792646,NULL);
INSERT INTO logged_foods VALUES(527,1,1773792000000,59,120.0,'GRAM','LUNCH',1773869792646,NULL);
INSERT INTO logged_foods VALUES(528,1,1773792000000,28,50.0,'GRAM','LUNCH',1773869792646,NULL);
INSERT INTO logged_foods VALUES(529,1,1773792000000,3,20.0,'GRAM','LUNCH',1773869792646,NULL);
INSERT INTO logged_foods VALUES(530,1,1773792000000,57,50.0,'GRAM','LUNCH',1773869792646,NULL);
INSERT INTO logged_foods VALUES(531,1,1773792000000,58,40.0,'GRAM','LUNCH',1773869792646,NULL);
INSERT INTO logged_foods VALUES(532,1,1773878400000,1,2.0,'GRAM','BREAKFAST',1773936551750,NULL);
INSERT INTO logged_foods VALUES(533,1,1773878400000,2,2.0,'GRAM','BREAKFAST',1773936551750,NULL);
INSERT INTO logged_foods VALUES(534,1,1773878400000,19,80.0,'GRAM','BREAKFAST',1773936551750,NULL);
INSERT INTO logged_foods VALUES(535,1,1773878400000,3,80.0,'GRAM','BREAKFAST',1773936551750,NULL);
INSERT INTO logged_foods VALUES(536,1,1773878400000,4,80.0,'GRAM','BREAKFAST',1773936551750,NULL);
INSERT INTO logged_foods VALUES(537,1,1773878400000,5,40.0,'GRAM','BREAKFAST',1773936551750,NULL);
INSERT INTO logged_foods VALUES(538,1,1773878400000,8,14.0,'GRAM','BREAKFAST',1773936551750,NULL);
INSERT INTO logged_foods VALUES(539,1,1773878400000,9,2.0,'GRAM','BREAKFAST',1773936551750,NULL);
INSERT INTO logged_foods VALUES(540,1,1773878400000,76,1.0,'GRAM','NOON',1773936552364,NULL);
INSERT INTO logged_foods VALUES(541,1,1773878400000,27,100.0,'GRAM','LUNCH',1773936553004,NULL);
INSERT INTO logged_foods VALUES(542,1,1773878400000,4,80.0,'GRAM','LUNCH',1773936553004,NULL);
INSERT INTO logged_foods VALUES(543,1,1773878400000,59,120.0,'GRAM','LUNCH',1773936553004,NULL);
INSERT INTO logged_foods VALUES(544,1,1773878400000,28,50.0,'GRAM','LUNCH',1773936553004,NULL);
INSERT INTO logged_foods VALUES(545,1,1773878400000,3,20.0,'GRAM','LUNCH',1773936553004,NULL);
INSERT INTO logged_foods VALUES(546,1,1773878400000,57,50.0,'GRAM','LUNCH',1773936553004,NULL);
INSERT INTO logged_foods VALUES(547,1,1773878400000,58,40.0,'GRAM','LUNCH',1773936553004,NULL);
INSERT INTO logged_foods VALUES(548,1,1773878400000,79,50.0,'GRAM','PRE_WORKOUT',1773942286908,NULL);
INSERT INTO logged_foods VALUES(549,1,1773878400000,67,240.0,'GRAM','PRE_WORKOUT',1773942286908,NULL);
INSERT INTO logged_foods VALUES(550,1,1773878400000,31,120.0,'GRAM','PRE_WORKOUT',1773942286908,NULL);
INSERT INTO logged_foods VALUES(551,1,1773878400000,65,50.0,'GRAM','PRE_WORKOUT',1773942286908,NULL);
INSERT INTO logged_foods VALUES(552,1,1773878400000,67,240.0,'GRAM','EVENING',1773942288370,NULL);
INSERT INTO logged_foods VALUES(553,1,1773964800000,1,2.0,'GRAM','BREAKFAST',1774032888361,NULL);
INSERT INTO logged_foods VALUES(554,1,1773964800000,2,2.0,'GRAM','BREAKFAST',1774032888361,NULL);
INSERT INTO logged_foods VALUES(555,1,1773964800000,3,60.0,'GRAM','BREAKFAST',1774032888361,NULL);
INSERT INTO logged_foods VALUES(556,1,1773964800000,4,60.0,'GRAM','BREAKFAST',1774032888361,NULL);
INSERT INTO logged_foods VALUES(557,1,1773964800000,6,40.0,'GRAM','BREAKFAST',1774032888361,NULL);
INSERT INTO logged_foods VALUES(558,1,1773964800000,95,20.0,'GRAM','BREAKFAST',1774032888361,NULL);
INSERT INTO logged_foods VALUES(559,1,1773964800000,96,30.0,'GRAM','BREAKFAST',1774032888361,NULL);
INSERT INTO logged_foods VALUES(560,1,1773964800000,9,4.0,'GRAM','BREAKFAST',1774032888361,NULL);
INSERT INTO logged_foods VALUES(561,1,1773964800000,26,12.0,'GRAM','BREAKFAST',1774032888361,NULL);
INSERT INTO logged_foods VALUES(562,1,1773964800000,76,1.0,'GRAM','NOON',1774032889936,NULL);
INSERT INTO logged_foods VALUES(563,1,1773964800000,39,1.0,'GRAM','LUNCH',1774032891750,NULL);
INSERT INTO logged_foods VALUES(564,1,1773964800000,31,80.0,'GRAM','LUNCH',1774032891750,NULL);
INSERT INTO logged_foods VALUES(565,1,1773964800000,33,80.0,'GRAM','LUNCH',1774032891750,NULL);
INSERT INTO logged_foods VALUES(566,1,1773964800000,34,40.0,'GRAM','LUNCH',1774032891750,NULL);
INSERT INTO logged_foods VALUES(567,1,1773964800000,8,8.0,'GRAM','LUNCH',1774032891750,NULL);
INSERT INTO logged_foods VALUES(568,1,1773964800000,85,10.0,'GRAM','LUNCH',1774032891750,NULL);
INSERT INTO logged_foods VALUES(569,1,1773964800000,67,240.0,'GRAM','EVENING',1774032892865,NULL);
INSERT INTO logged_foods VALUES(570,1,1773964800000,67,360.0,'GRAM','POST_WORKOUT',1774032894101,NULL);
INSERT INTO logged_foods VALUES(571,1,1773964800000,79,45.0,'GRAM','POST_WORKOUT',1774032894101,NULL);
INSERT INTO logged_foods VALUES(572,1,1773964800000,65,50.0,'GRAM','POST_WORKOUT',1774032894101,NULL);
INSERT INTO logged_foods VALUES(573,1,1773964800000,3,80.0,'GRAM','DINNER',1774032895988,NULL);
INSERT INTO logged_foods VALUES(574,1,1773964800000,4,80.0,'GRAM','DINNER',1774032895988,NULL);
INSERT INTO logged_foods VALUES(575,1,1773964800000,27,100.0,'GRAM','DINNER',1774032895988,NULL);
INSERT INTO logged_foods VALUES(576,1,1773964800000,101,120.0,'GRAM','DINNER',1774032895988,NULL);
INSERT INTO logged_foods VALUES(577,1,1773964800000,5,40.0,'GRAM','DINNER',1774032895988,NULL);
INSERT INTO logged_foods VALUES(578,1,1773964800000,21,50.0,'GRAM','DINNER',1774032895988,NULL);
INSERT INTO logged_foods VALUES(579,1,1773964800000,23,12.0,'GRAM','DINNER',1774032895988,NULL);
INSERT INTO logged_foods VALUES(580,1,1773878400000,3,80.0,'GRAM','DINNER',1774032910591,NULL);
INSERT INTO logged_foods VALUES(581,1,1773878400000,4,80.0,'GRAM','DINNER',1774032910591,NULL);
INSERT INTO logged_foods VALUES(582,1,1773878400000,64,150.0,'GRAM','DINNER',1774032910591,NULL);
INSERT INTO logged_foods VALUES(583,1,1773878400000,40,100.0,'GRAM','DINNER',1774032910591,NULL);
INSERT INTO logged_foods VALUES(584,1,1773878400000,18,80.0,'GRAM','DINNER',1774032910591,NULL);
INSERT INTO logged_foods VALUES(585,1,1773878400000,42,50.0,'GRAM','DINNER',1774032910591,NULL);
INSERT INTO logged_foods VALUES(586,1,1773878400000,20,50.0,'GRAM','DINNER',1774032910591,NULL);
INSERT INTO logged_foods VALUES(587,1,1773878400000,21,50.0,'GRAM','DINNER',1774032910591,NULL);
INSERT INTO logged_foods VALUES(588,1,1773878400000,22,14.0,'GRAM','DINNER',1774032910591,NULL);
INSERT INTO logged_foods VALUES(589,1,1773878400000,25,12.0,'GRAM','DINNER',1774032910591,NULL);
INSERT INTO logged_foods VALUES(590,1,1774828800000,1,2.0,'GRAM','BREAKFAST',1774900389103,NULL);
INSERT INTO logged_foods VALUES(591,1,1774828800000,2,2.0,'GRAM','BREAKFAST',1774900389103,NULL);
INSERT INTO logged_foods VALUES(592,1,1774828800000,3,50.0,'GRAM','BREAKFAST',1774900389103,NULL);
INSERT INTO logged_foods VALUES(593,1,1774828800000,4,50.0,'GRAM','BREAKFAST',1774900389103,NULL);
INSERT INTO logged_foods VALUES(594,1,1774828800000,6,50.0,'GRAM','BREAKFAST',1774900389103,NULL);
INSERT INTO logged_foods VALUES(595,1,1774828800000,8,14.0,'GRAM','BREAKFAST',1774900389103,NULL);
INSERT INTO logged_foods VALUES(596,1,1774828800000,56,2.0,'GRAM','BREAKFAST',1774900389103,NULL);
INSERT INTO logged_foods VALUES(597,1,1774828800000,9,3.0,'GRAM','BREAKFAST',1774900389103,NULL);
INSERT INTO logged_foods VALUES(598,1,1774828800000,26,12.0,'GRAM','BREAKFAST',1774900389103,NULL);
INSERT INTO logged_foods VALUES(599,1,1774828800000,76,1.0,'GRAM','NOON',1774900389917,NULL);
INSERT INTO logged_foods VALUES(600,1,1774828800000,27,100.0,'GRAM','LUNCH',1774900397290,NULL);
INSERT INTO logged_foods VALUES(601,1,1774828800000,4,50.0,'GRAM','LUNCH',1774900397290,NULL);
INSERT INTO logged_foods VALUES(602,1,1774828800000,3,50.0,'GRAM','LUNCH',1774900397290,NULL);
INSERT INTO logged_foods VALUES(603,1,1774828800000,7,50.0,'GRAM','LUNCH',1774900397290,NULL);
INSERT INTO logged_foods VALUES(604,1,1774828800000,28,50.0,'GRAM','LUNCH',1774900397290,NULL);
INSERT INTO logged_foods VALUES(605,1,1774828800000,39,1.0,'GRAM','LUNCH',1774900397290,NULL);
INSERT INTO logged_foods VALUES(606,1,1774828800000,8,12.0,'GRAM','LUNCH',1774900397290,NULL);
INSERT INTO logged_foods VALUES(607,1,1774828800000,26,12.0,'GRAM','LUNCH',1774900397290,NULL);
INSERT INTO logged_foods VALUES(608,1,1774828800000,67,240.0,'GRAM','PRE_WORKOUT',1774900397750,NULL);
INSERT INTO logged_foods VALUES(609,1,1774828800000,66,140.0,'GRAM','PRE_WORKOUT',1774900397750,NULL);
INSERT INTO logged_foods VALUES(610,1,1774828800000,68,40.0,'GRAM','PRE_WORKOUT',1774900397750,NULL);
INSERT INTO logged_foods VALUES(611,1,1774828800000,69,8.0,'GRAM','PRE_WORKOUT',1774900397750,NULL);
INSERT INTO logged_foods VALUES(612,1,1774828800000,67,240.0,'GRAM','EVENING',1774900398251,NULL);
INSERT INTO logged_foods VALUES(621,1,1774742400000,1,2.0,'GRAM','BREAKFAST',1774900461700,NULL);
INSERT INTO logged_foods VALUES(622,1,1774742400000,2,2.0,'GRAM','BREAKFAST',1774900461700,NULL);
INSERT INTO logged_foods VALUES(623,1,1774742400000,3,50.0,'GRAM','BREAKFAST',1774900461700,NULL);
INSERT INTO logged_foods VALUES(624,1,1774742400000,4,50.0,'GRAM','BREAKFAST',1774900461700,NULL);
INSERT INTO logged_foods VALUES(625,1,1774742400000,6,50.0,'GRAM','BREAKFAST',1774900461700,NULL);
INSERT INTO logged_foods VALUES(626,1,1774742400000,8,14.0,'GRAM','BREAKFAST',1774900461700,NULL);
INSERT INTO logged_foods VALUES(627,1,1774742400000,56,2.0,'GRAM','BREAKFAST',1774900461700,NULL);
INSERT INTO logged_foods VALUES(628,1,1774742400000,9,3.0,'GRAM','BREAKFAST',1774900461700,NULL);
INSERT INTO logged_foods VALUES(629,1,1774742400000,26,12.0,'GRAM','BREAKFAST',1774900461700,NULL);
INSERT INTO logged_foods VALUES(630,1,1774742400000,76,1.0,'GRAM','NOON',1774900463997,NULL);
INSERT INTO logged_foods VALUES(631,1,1774742400000,27,100.0,'GRAM','LUNCH',1774900464625,NULL);
INSERT INTO logged_foods VALUES(632,1,1774742400000,4,50.0,'GRAM','LUNCH',1774900464625,NULL);
INSERT INTO logged_foods VALUES(633,1,1774742400000,3,50.0,'GRAM','LUNCH',1774900464625,NULL);
INSERT INTO logged_foods VALUES(634,1,1774742400000,7,50.0,'GRAM','LUNCH',1774900464625,NULL);
INSERT INTO logged_foods VALUES(635,1,1774742400000,28,50.0,'GRAM','LUNCH',1774900464625,NULL);
INSERT INTO logged_foods VALUES(636,1,1774742400000,39,1.0,'GRAM','LUNCH',1774900464625,NULL);
INSERT INTO logged_foods VALUES(637,1,1774742400000,8,12.0,'GRAM','LUNCH',1774900464625,NULL);
INSERT INTO logged_foods VALUES(638,1,1774742400000,26,12.0,'GRAM','LUNCH',1774900464625,NULL);
INSERT INTO logged_foods VALUES(639,1,1774742400000,67,240.0,'GRAM','PRE_WORKOUT',1774900466212,NULL);
INSERT INTO logged_foods VALUES(640,1,1774742400000,66,140.0,'GRAM','PRE_WORKOUT',1774900466212,NULL);
INSERT INTO logged_foods VALUES(641,1,1774742400000,68,40.0,'GRAM','PRE_WORKOUT',1774900466212,NULL);
INSERT INTO logged_foods VALUES(642,1,1774742400000,69,8.0,'GRAM','PRE_WORKOUT',1774900466212,NULL);
INSERT INTO logged_foods VALUES(643,1,1774742400000,67,240.0,'GRAM','EVENING',1774900467554,NULL);
INSERT INTO logged_foods VALUES(644,1,1774742400000,3,80.0,'GRAM','DINNER',1774900469452,NULL);
INSERT INTO logged_foods VALUES(645,1,1774742400000,4,80.0,'GRAM','DINNER',1774900469452,NULL);
INSERT INTO logged_foods VALUES(646,1,1774742400000,64,200.0,'GRAM','DINNER',1774900469452,NULL);
INSERT INTO logged_foods VALUES(647,1,1774742400000,17,100.0,'GRAM','DINNER',1774900469452,NULL);
INSERT INTO logged_foods VALUES(648,1,1774742400000,6,50.0,'GRAM','DINNER',1774900469452,NULL);
INSERT INTO logged_foods VALUES(649,1,1774742400000,18,80.0,'GRAM','DINNER',1774900469452,NULL);
INSERT INTO logged_foods VALUES(650,1,1774742400000,21,50.0,'GRAM','DINNER',1774900469452,NULL);
INSERT INTO logged_foods VALUES(651,1,1774742400000,22,12.0,'GRAM','DINNER',1774900469452,NULL);
INSERT INTO logged_foods VALUES(652,1,1774656000000,1,2.0,'GRAM','BREAKFAST',1774900476662,NULL);
INSERT INTO logged_foods VALUES(653,1,1774656000000,2,2.0,'GRAM','BREAKFAST',1774900476662,NULL);
INSERT INTO logged_foods VALUES(654,1,1774656000000,3,50.0,'GRAM','BREAKFAST',1774900476662,NULL);
INSERT INTO logged_foods VALUES(655,1,1774656000000,4,50.0,'GRAM','BREAKFAST',1774900476662,NULL);
INSERT INTO logged_foods VALUES(656,1,1774656000000,6,50.0,'GRAM','BREAKFAST',1774900476662,NULL);
INSERT INTO logged_foods VALUES(657,1,1774656000000,8,14.0,'GRAM','BREAKFAST',1774900476662,NULL);
INSERT INTO logged_foods VALUES(658,1,1774656000000,56,2.0,'GRAM','BREAKFAST',1774900476662,NULL);
INSERT INTO logged_foods VALUES(659,1,1774656000000,9,3.0,'GRAM','BREAKFAST',1774900476662,NULL);
INSERT INTO logged_foods VALUES(660,1,1774656000000,26,12.0,'GRAM','BREAKFAST',1774900476662,NULL);
INSERT INTO logged_foods VALUES(661,1,1774656000000,76,1.0,'GRAM','NOON',1774900478243,NULL);
INSERT INTO logged_foods VALUES(662,1,1774656000000,27,100.0,'GRAM','LUNCH',1774900478944,NULL);
INSERT INTO logged_foods VALUES(663,1,1774656000000,4,50.0,'GRAM','LUNCH',1774900478944,NULL);
INSERT INTO logged_foods VALUES(664,1,1774656000000,3,50.0,'GRAM','LUNCH',1774900478944,NULL);
INSERT INTO logged_foods VALUES(665,1,1774656000000,7,50.0,'GRAM','LUNCH',1774900478944,NULL);
INSERT INTO logged_foods VALUES(666,1,1774656000000,28,50.0,'GRAM','LUNCH',1774900478944,NULL);
INSERT INTO logged_foods VALUES(667,1,1774656000000,39,1.0,'GRAM','LUNCH',1774900478944,NULL);
INSERT INTO logged_foods VALUES(668,1,1774656000000,8,12.0,'GRAM','LUNCH',1774900478944,NULL);
INSERT INTO logged_foods VALUES(669,1,1774656000000,26,12.0,'GRAM','LUNCH',1774900478944,NULL);
INSERT INTO logged_foods VALUES(670,1,1774656000000,67,240.0,'GRAM','PRE_WORKOUT',1774900479573,NULL);
INSERT INTO logged_foods VALUES(671,1,1774656000000,66,140.0,'GRAM','PRE_WORKOUT',1774900479573,NULL);
INSERT INTO logged_foods VALUES(672,1,1774656000000,68,40.0,'GRAM','PRE_WORKOUT',1774900479573,NULL);
INSERT INTO logged_foods VALUES(673,1,1774656000000,69,8.0,'GRAM','PRE_WORKOUT',1774900479573,NULL);
INSERT INTO logged_foods VALUES(674,1,1774656000000,67,240.0,'GRAM','EVENING',1774900480902,NULL);
INSERT INTO logged_foods VALUES(675,1,1774656000000,3,80.0,'GRAM','DINNER',1774900481820,NULL);
INSERT INTO logged_foods VALUES(676,1,1774656000000,4,80.0,'GRAM','DINNER',1774900481820,NULL);
INSERT INTO logged_foods VALUES(677,1,1774656000000,64,200.0,'GRAM','DINNER',1774900481820,NULL);
INSERT INTO logged_foods VALUES(678,1,1774656000000,17,100.0,'GRAM','DINNER',1774900481820,NULL);
INSERT INTO logged_foods VALUES(679,1,1774656000000,6,50.0,'GRAM','DINNER',1774900481820,NULL);
INSERT INTO logged_foods VALUES(680,1,1774656000000,18,80.0,'GRAM','DINNER',1774900481820,NULL);
INSERT INTO logged_foods VALUES(681,1,1774656000000,21,50.0,'GRAM','DINNER',1774900481820,NULL);
INSERT INTO logged_foods VALUES(682,1,1774656000000,22,12.0,'GRAM','DINNER',1774900481820,NULL);
INSERT INTO logged_foods VALUES(683,1,1774569600000,1,2.0,'GRAM','BREAKFAST',1774900487350,NULL);
INSERT INTO logged_foods VALUES(684,1,1774569600000,2,2.0,'GRAM','BREAKFAST',1774900487350,NULL);
INSERT INTO logged_foods VALUES(685,1,1774569600000,3,50.0,'GRAM','BREAKFAST',1774900487350,NULL);
INSERT INTO logged_foods VALUES(686,1,1774569600000,4,50.0,'GRAM','BREAKFAST',1774900487350,NULL);
INSERT INTO logged_foods VALUES(687,1,1774569600000,6,50.0,'GRAM','BREAKFAST',1774900487350,NULL);
INSERT INTO logged_foods VALUES(688,1,1774569600000,8,14.0,'GRAM','BREAKFAST',1774900487350,NULL);
INSERT INTO logged_foods VALUES(689,1,1774569600000,56,2.0,'GRAM','BREAKFAST',1774900487350,NULL);
INSERT INTO logged_foods VALUES(690,1,1774569600000,9,3.0,'GRAM','BREAKFAST',1774900487350,NULL);
INSERT INTO logged_foods VALUES(691,1,1774569600000,26,12.0,'GRAM','BREAKFAST',1774900487350,NULL);
INSERT INTO logged_foods VALUES(692,1,1774569600000,76,1.0,'GRAM','NOON',1774900487792,NULL);
INSERT INTO logged_foods VALUES(693,1,1774569600000,27,100.0,'GRAM','LUNCH',1774900488251,NULL);
INSERT INTO logged_foods VALUES(694,1,1774569600000,4,50.0,'GRAM','LUNCH',1774900488251,NULL);
INSERT INTO logged_foods VALUES(695,1,1774569600000,3,50.0,'GRAM','LUNCH',1774900488251,NULL);
INSERT INTO logged_foods VALUES(696,1,1774569600000,7,50.0,'GRAM','LUNCH',1774900488251,NULL);
INSERT INTO logged_foods VALUES(697,1,1774569600000,28,50.0,'GRAM','LUNCH',1774900488251,NULL);
INSERT INTO logged_foods VALUES(698,1,1774569600000,39,1.0,'GRAM','LUNCH',1774900488251,NULL);
INSERT INTO logged_foods VALUES(699,1,1774569600000,8,12.0,'GRAM','LUNCH',1774900488251,NULL);
INSERT INTO logged_foods VALUES(700,1,1774569600000,26,12.0,'GRAM','LUNCH',1774900488251,NULL);
INSERT INTO logged_foods VALUES(701,1,1774569600000,67,240.0,'GRAM','PRE_WORKOUT',1774900489049,NULL);
INSERT INTO logged_foods VALUES(702,1,1774569600000,66,140.0,'GRAM','PRE_WORKOUT',1774900489049,NULL);
INSERT INTO logged_foods VALUES(703,1,1774569600000,68,40.0,'GRAM','PRE_WORKOUT',1774900489049,NULL);
INSERT INTO logged_foods VALUES(704,1,1774569600000,69,8.0,'GRAM','PRE_WORKOUT',1774900489049,NULL);
INSERT INTO logged_foods VALUES(705,1,1774569600000,67,240.0,'GRAM','EVENING',1774900489829,NULL);
INSERT INTO logged_foods VALUES(706,1,1774569600000,3,80.0,'GRAM','DINNER',1774900490476,NULL);
INSERT INTO logged_foods VALUES(707,1,1774569600000,4,80.0,'GRAM','DINNER',1774900490476,NULL);
INSERT INTO logged_foods VALUES(708,1,1774569600000,64,200.0,'GRAM','DINNER',1774900490476,NULL);
INSERT INTO logged_foods VALUES(709,1,1774569600000,17,100.0,'GRAM','DINNER',1774900490476,NULL);
INSERT INTO logged_foods VALUES(710,1,1774569600000,6,50.0,'GRAM','DINNER',1774900490476,NULL);
INSERT INTO logged_foods VALUES(711,1,1774569600000,18,80.0,'GRAM','DINNER',1774900490476,NULL);
INSERT INTO logged_foods VALUES(712,1,1774569600000,21,50.0,'GRAM','DINNER',1774900490476,NULL);
INSERT INTO logged_foods VALUES(713,1,1774569600000,22,12.0,'GRAM','DINNER',1774900490476,NULL);
INSERT INTO logged_foods VALUES(714,1,1774483200000,1,2.0,'GRAM','BREAKFAST',1774900501181,NULL);
INSERT INTO logged_foods VALUES(715,1,1774483200000,2,2.0,'GRAM','BREAKFAST',1774900501181,NULL);
INSERT INTO logged_foods VALUES(716,1,1774483200000,3,50.0,'GRAM','BREAKFAST',1774900501181,NULL);
INSERT INTO logged_foods VALUES(717,1,1774483200000,4,50.0,'GRAM','BREAKFAST',1774900501181,NULL);
INSERT INTO logged_foods VALUES(718,1,1774483200000,6,50.0,'GRAM','BREAKFAST',1774900501181,NULL);
INSERT INTO logged_foods VALUES(719,1,1774483200000,8,14.0,'GRAM','BREAKFAST',1774900501181,NULL);
INSERT INTO logged_foods VALUES(720,1,1774483200000,56,2.0,'GRAM','BREAKFAST',1774900501181,NULL);
INSERT INTO logged_foods VALUES(721,1,1774483200000,9,3.0,'GRAM','BREAKFAST',1774900501181,NULL);
INSERT INTO logged_foods VALUES(722,1,1774483200000,26,12.0,'GRAM','BREAKFAST',1774900501181,NULL);
INSERT INTO logged_foods VALUES(723,1,1774483200000,76,1.0,'GRAM','NOON',1774900501772,NULL);
INSERT INTO logged_foods VALUES(724,1,1774483200000,27,100.0,'GRAM','LUNCH',1774900502339,NULL);
INSERT INTO logged_foods VALUES(725,1,1774483200000,4,50.0,'GRAM','LUNCH',1774900502339,NULL);
INSERT INTO logged_foods VALUES(726,1,1774483200000,3,50.0,'GRAM','LUNCH',1774900502339,NULL);
INSERT INTO logged_foods VALUES(727,1,1774483200000,7,50.0,'GRAM','LUNCH',1774900502339,NULL);
INSERT INTO logged_foods VALUES(728,1,1774483200000,28,50.0,'GRAM','LUNCH',1774900502339,NULL);
INSERT INTO logged_foods VALUES(729,1,1774483200000,39,1.0,'GRAM','LUNCH',1774900502339,NULL);
INSERT INTO logged_foods VALUES(730,1,1774483200000,8,12.0,'GRAM','LUNCH',1774900502339,NULL);
INSERT INTO logged_foods VALUES(731,1,1774483200000,26,12.0,'GRAM','LUNCH',1774900502339,NULL);
INSERT INTO logged_foods VALUES(732,1,1774483200000,67,240.0,'GRAM','PRE_WORKOUT',1774900503060,NULL);
INSERT INTO logged_foods VALUES(733,1,1774483200000,66,140.0,'GRAM','PRE_WORKOUT',1774900503060,NULL);
INSERT INTO logged_foods VALUES(734,1,1774483200000,68,40.0,'GRAM','PRE_WORKOUT',1774900503060,NULL);
INSERT INTO logged_foods VALUES(735,1,1774483200000,69,8.0,'GRAM','PRE_WORKOUT',1774900503060,NULL);
INSERT INTO logged_foods VALUES(736,1,1774483200000,67,240.0,'GRAM','EVENING',1774900503697,NULL);
INSERT INTO logged_foods VALUES(737,1,1774483200000,3,80.0,'GRAM','DINNER',1774900504343,NULL);
INSERT INTO logged_foods VALUES(738,1,1774483200000,4,80.0,'GRAM','DINNER',1774900504343,NULL);
INSERT INTO logged_foods VALUES(739,1,1774483200000,64,200.0,'GRAM','DINNER',1774900504343,NULL);
INSERT INTO logged_foods VALUES(740,1,1774483200000,17,100.0,'GRAM','DINNER',1774900504343,NULL);
INSERT INTO logged_foods VALUES(741,1,1774483200000,6,50.0,'GRAM','DINNER',1774900504343,NULL);
INSERT INTO logged_foods VALUES(742,1,1774483200000,18,80.0,'GRAM','DINNER',1774900504343,NULL);
INSERT INTO logged_foods VALUES(743,1,1774483200000,21,50.0,'GRAM','DINNER',1774900504343,NULL);
INSERT INTO logged_foods VALUES(744,1,1774483200000,22,12.0,'GRAM','DINNER',1774900504343,NULL);
INSERT INTO logged_foods VALUES(745,1,1774828800000,3,80.0,'GRAM','DINNER',1774903871520,NULL);
INSERT INTO logged_foods VALUES(746,1,1774828800000,4,80.0,'GRAM','DINNER',1774903871520,NULL);
INSERT INTO logged_foods VALUES(747,1,1774828800000,64,200.0,'GRAM','DINNER',1774903871520,NULL);
INSERT INTO logged_foods VALUES(748,1,1774828800000,17,100.0,'GRAM','DINNER',1774903871520,NULL);
INSERT INTO logged_foods VALUES(749,1,1774828800000,6,50.0,'GRAM','DINNER',1774903871520,NULL);
INSERT INTO logged_foods VALUES(750,1,1774828800000,18,80.0,'GRAM','DINNER',1774903871520,NULL);
INSERT INTO logged_foods VALUES(751,1,1774828800000,21,50.0,'GRAM','DINNER',1774903871520,NULL);
INSERT INTO logged_foods VALUES(752,1,1774828800000,22,12.0,'GRAM','DINNER',1774903871520,NULL);
INSERT INTO logged_foods VALUES(753,1,1774915200000,1,2.0,'GRAM','BREAKFAST',1774945058427,NULL);
INSERT INTO logged_foods VALUES(754,1,1774915200000,2,2.0,'GRAM','BREAKFAST',1774945058427,NULL);
INSERT INTO logged_foods VALUES(755,1,1774915200000,3,50.0,'GRAM','BREAKFAST',1774945058427,NULL);
INSERT INTO logged_foods VALUES(756,1,1774915200000,4,50.0,'GRAM','BREAKFAST',1774945058427,NULL);
INSERT INTO logged_foods VALUES(757,1,1774915200000,6,50.0,'GRAM','BREAKFAST',1774945058427,NULL);
INSERT INTO logged_foods VALUES(758,1,1774915200000,8,14.0,'GRAM','BREAKFAST',1774945058427,NULL);
INSERT INTO logged_foods VALUES(759,1,1774915200000,56,2.0,'GRAM','BREAKFAST',1774945058427,NULL);
INSERT INTO logged_foods VALUES(760,1,1774915200000,9,3.0,'GRAM','BREAKFAST',1774945058427,NULL);
INSERT INTO logged_foods VALUES(761,1,1774915200000,26,12.0,'GRAM','BREAKFAST',1774945058427,NULL);
INSERT INTO logged_foods VALUES(762,1,1774915200000,76,1.0,'CUP','NOON',NULL,NULL);
INSERT INTO logged_foods VALUES(763,1,1774915200000,27,100.0,'GRAM','LUNCH',1774960593998,NULL);
INSERT INTO logged_foods VALUES(764,1,1774915200000,4,50.0,'GRAM','LUNCH',1774960593998,NULL);
INSERT INTO logged_foods VALUES(765,1,1774915200000,3,50.0,'GRAM','LUNCH',1774960593998,NULL);
INSERT INTO logged_foods VALUES(766,1,1774915200000,7,50.0,'GRAM','LUNCH',1774960593998,NULL);
INSERT INTO logged_foods VALUES(767,1,1774915200000,28,50.0,'GRAM','LUNCH',1774960593998,NULL);
INSERT INTO logged_foods VALUES(768,1,1774915200000,39,1.0,'GRAM','LUNCH',1774960593998,NULL);
INSERT INTO logged_foods VALUES(769,1,1774915200000,8,12.0,'GRAM','LUNCH',1774960593998,NULL);
INSERT INTO logged_foods VALUES(770,1,1774915200000,26,12.0,'GRAM','LUNCH',1774960593998,NULL);
INSERT INTO logged_foods VALUES(771,1,1774915200000,67,240.0,'GRAM','EVENING',1774968402215,NULL);
INSERT INTO logged_foods VALUES(772,1,1774915200000,67,240.0,'GRAM','PRE_WORKOUT',1774969315537,NULL);
INSERT INTO logged_foods VALUES(773,1,1774915200000,66,140.0,'GRAM','PRE_WORKOUT',1774969315537,NULL);
INSERT INTO logged_foods VALUES(774,1,1774915200000,68,40.0,'GRAM','PRE_WORKOUT',1774969315537,NULL);
INSERT INTO logged_foods VALUES(775,1,1774915200000,69,8.0,'GRAM','PRE_WORKOUT',1774969315537,NULL);
INSERT INTO logged_foods VALUES(776,1,1774915200000,3,80.0,'GRAM','DINNER',1774972157272,NULL);
INSERT INTO logged_foods VALUES(777,1,1774915200000,4,80.0,'GRAM','DINNER',1774972157272,NULL);
INSERT INTO logged_foods VALUES(778,1,1774915200000,64,200.0,'GRAM','DINNER',1774972157272,NULL);
INSERT INTO logged_foods VALUES(779,1,1774915200000,17,100.0,'GRAM','DINNER',1774972157272,NULL);
INSERT INTO logged_foods VALUES(780,1,1774915200000,6,50.0,'GRAM','DINNER',1774972157272,NULL);
INSERT INTO logged_foods VALUES(781,1,1774915200000,18,80.0,'GRAM','DINNER',1774972157272,NULL);
INSERT INTO logged_foods VALUES(782,1,1774915200000,21,50.0,'GRAM','DINNER',1774972157272,NULL);
INSERT INTO logged_foods VALUES(783,1,1774915200000,22,12.0,'GRAM','DINNER',1774972157272,NULL);
INSERT INTO logged_foods VALUES(784,1,1775001600000,1,2.0,'PIECE','BREAKFAST',NULL,NULL);
INSERT INTO logged_foods VALUES(785,1,1775001600000,2,2.0,'PIECE','BREAKFAST',NULL,NULL);
INSERT INTO logged_foods VALUES(786,1,1775001600000,3,50.0,'GRAM','BREAKFAST',NULL,NULL);
INSERT INTO logged_foods VALUES(787,1,1775001600000,4,50.0,'GRAM','BREAKFAST',NULL,NULL);
INSERT INTO logged_foods VALUES(788,1,1775001600000,6,50.0,'GRAM','BREAKFAST',NULL,NULL);
INSERT INTO logged_foods VALUES(789,1,1775001600000,8,14.0,'GRAM','BREAKFAST',NULL,NULL);
INSERT INTO logged_foods VALUES(790,1,1775001600000,56,2.0,'PIECE','BREAKFAST',NULL,NULL);
INSERT INTO logged_foods VALUES(791,1,1775001600000,9,3.0,'PIECE','BREAKFAST',NULL,NULL);
INSERT INTO logged_foods VALUES(792,1,1775001600000,26,12.0,'GRAM','BREAKFAST',NULL,NULL);
INSERT INTO logged_foods VALUES(793,1,1775001600000,76,1.0,'GRAM','NOON',1775038640161,NULL);
INSERT INTO logged_foods VALUES(794,1,1775001600000,27,100.0,'GRAM','LUNCH',1775047330145,NULL);
INSERT INTO logged_foods VALUES(795,1,1775001600000,4,50.0,'GRAM','LUNCH',1775047330145,NULL);
INSERT INTO logged_foods VALUES(796,1,1775001600000,3,50.0,'GRAM','LUNCH',1775047330145,NULL);
INSERT INTO logged_foods VALUES(797,1,1775001600000,7,50.0,'GRAM','LUNCH',1775047330145,NULL);
INSERT INTO logged_foods VALUES(798,1,1775001600000,28,50.0,'GRAM','LUNCH',1775047330145,NULL);
INSERT INTO logged_foods VALUES(799,1,1775001600000,39,1.0,'GRAM','LUNCH',1775047330145,NULL);
INSERT INTO logged_foods VALUES(800,1,1775001600000,8,12.0,'GRAM','LUNCH',1775047330145,NULL);
INSERT INTO logged_foods VALUES(801,1,1775001600000,26,12.0,'GRAM','LUNCH',1775047330145,NULL);
INSERT INTO logged_foods VALUES(802,1,1775001600000,67,240.0,'GRAM','EVENING',NULL,NULL);
INSERT INTO logged_foods VALUES(803,1,1775001600000,67,240.0,'GRAM','PRE_WORKOUT',NULL,NULL);
INSERT INTO logged_foods VALUES(804,1,1775001600000,66,140.0,'GRAM','PRE_WORKOUT',NULL,NULL);
INSERT INTO logged_foods VALUES(805,1,1775001600000,68,40.0,'GRAM','PRE_WORKOUT',NULL,NULL);
INSERT INTO logged_foods VALUES(806,1,1775001600000,69,8.0,'GRAM','PRE_WORKOUT',NULL,NULL);
INSERT INTO logged_foods VALUES(807,1,1775001600000,3,80.0,'GRAM','DINNER',NULL,NULL);
INSERT INTO logged_foods VALUES(808,1,1775001600000,4,80.0,'GRAM','DINNER',NULL,NULL);
INSERT INTO logged_foods VALUES(809,1,1775001600000,64,200.0,'GRAM','DINNER',NULL,NULL);
INSERT INTO logged_foods VALUES(810,1,1775001600000,17,100.0,'GRAM','DINNER',NULL,NULL);
INSERT INTO logged_foods VALUES(811,1,1775001600000,6,50.0,'GRAM','DINNER',NULL,NULL);
INSERT INTO logged_foods VALUES(812,1,1775001600000,18,80.0,'GRAM','DINNER',NULL,NULL);
INSERT INTO logged_foods VALUES(813,1,1775001600000,21,50.0,'GRAM','DINNER',NULL,NULL);
INSERT INTO logged_foods VALUES(814,1,1775001600000,22,12.0,'GRAM','DINNER',NULL,NULL);
INSERT INTO logged_foods VALUES(815,1,1775088000000,3,60.0,'GRAM','BREAKFAST',1775117398412,NULL);
INSERT INTO logged_foods VALUES(816,1,1775088000000,4,60.0,'GRAM','BREAKFAST',1775117398412,NULL);
INSERT INTO logged_foods VALUES(817,1,1775088000000,5,50.0,'GRAM','BREAKFAST',1775117398412,NULL);
INSERT INTO logged_foods VALUES(818,1,1775088000000,27,80.0,'GRAM','BREAKFAST',1775117398412,NULL);
INSERT INTO logged_foods VALUES(819,1,1775088000000,28,50.0,'GRAM','BREAKFAST',1775117398412,NULL);
INSERT INTO logged_foods VALUES(820,1,1775088000000,56,1.0,'GRAM','BREAKFAST',1775117398412,NULL);
INSERT INTO logged_foods VALUES(821,1,1775088000000,39,1.0,'GRAM','BREAKFAST',1775117398412,NULL);
INSERT INTO logged_foods VALUES(822,1,1775088000000,8,12.0,'GRAM','BREAKFAST',1775117398412,NULL);
INSERT INTO logged_foods VALUES(823,1,1775088000000,26,12.0,'GRAM','BREAKFAST',1775117398412,NULL);
INSERT INTO logged_foods VALUES(824,1,1775088000000,76,1.0,'GRAM','NOON',1775137375651,NULL);
INSERT INTO logged_foods VALUES(829,1,1775088000000,9,4.0,'PIECE','LUNCH',NULL,NULL);
INSERT INTO logged_foods VALUES(830,1,1775088000000,34,70.0,'GRAM','LUNCH',NULL,NULL);
INSERT INTO logged_foods VALUES(831,1,1775088000000,31,80.0,'GRAM','LUNCH',NULL,NULL);
INSERT INTO logged_foods VALUES(832,1,1775088000000,8,8.0,'GRAM','LUNCH',NULL,NULL);
INSERT INTO logged_foods VALUES(834,1,1775088000000,67,240.0,'GRAM','EVENING',1775163511070,NULL);
INSERT INTO logged_foods VALUES(835,1,1775088000000,3,80.0,'GRAM','DINNER',1775163511945,NULL);
INSERT INTO logged_foods VALUES(836,1,1775088000000,4,80.0,'GRAM','DINNER',1775163511945,NULL);
INSERT INTO logged_foods VALUES(837,1,1775088000000,1,2.0,'GRAM','DINNER',1775163511945,NULL);
INSERT INTO logged_foods VALUES(838,1,1775088000000,2,2.0,'GRAM','DINNER',1775163511945,NULL);
INSERT INTO logged_foods VALUES(839,1,1775088000000,17,80.0,'GRAM','DINNER',1775163511945,NULL);
INSERT INTO logged_foods VALUES(840,1,1775088000000,18,80.0,'GRAM','DINNER',1775163511945,NULL);
INSERT INTO logged_foods VALUES(841,1,1775088000000,6,50.0,'GRAM','DINNER',1775163511945,NULL);
INSERT INTO logged_foods VALUES(842,1,1775088000000,7,50.0,'GRAM','DINNER',1775163511945,NULL);
INSERT INTO logged_foods VALUES(843,1,1775088000000,21,45.0,'GRAM','DINNER',1775163511945,NULL);
INSERT INTO logged_foods VALUES(844,1,1775088000000,25,12.0,'GRAM','DINNER',1775163511945,NULL);
INSERT INTO logged_foods VALUES(845,1,1775088000000,22,12.0,'GRAM','DINNER',1775163511945,NULL);
INSERT INTO logged_foods VALUES(846,1,1775174400000,69,8.0,'GRAM','EARLY_MORNING',1775199417317,NULL);
INSERT INTO logged_foods VALUES(847,1,1775174400000,19,100.0,'GRAM','BREAKFAST',1775203258580,NULL);
INSERT INTO logged_foods VALUES(848,1,1775174400000,4,80.0,'GRAM','BREAKFAST',1775203258580,NULL);
INSERT INTO logged_foods VALUES(849,1,1775174400000,3,80.0,'GRAM','BREAKFAST',1775203258580,NULL);
INSERT INTO logged_foods VALUES(850,1,1775174400000,5,40.0,'GRAM','BREAKFAST',1775203258580,NULL);
INSERT INTO logged_foods VALUES(851,1,1775174400000,9,4.0,'GRAM','BREAKFAST',1775203258580,NULL);
INSERT INTO logged_foods VALUES(852,1,1775174400000,8,12.0,'GRAM','BREAKFAST',1775203258580,NULL);
INSERT INTO logged_foods VALUES(853,1,1775174400000,56,2.0,'GRAM','BREAKFAST',1775203258580,NULL);
INSERT INTO logged_foods VALUES(854,1,1775174400000,76,1.0,'GRAM','NOON',1775216866168,NULL);
INSERT INTO logged_foods VALUES(855,1,1775174400000,81,45.0,'GRAM','LUNCH',1775219935819,NULL);
INSERT INTO logged_foods VALUES(856,1,1775174400000,67,240.0,'GRAM','LUNCH',1775219935819,NULL);
INSERT INTO logged_foods VALUES(857,1,1775174400000,69,8.0,'GRAM','LUNCH',1775219935819,NULL);
INSERT INTO logged_foods VALUES(858,1,1775174400000,10,120.0,'GRAM','LUNCH',1775219935819,NULL);
INSERT INTO logged_foods VALUES(859,1,1775174400000,31,100.0,'GRAM','LUNCH',1775219935819,NULL);
INSERT INTO logged_foods VALUES(860,1,1775174400000,32,50.0,'GRAM','LUNCH',1775219935819,NULL);
INSERT INTO logged_foods VALUES(861,1,1775174400000,13,10.0,'GRAM','LUNCH',1775219935819,NULL);
INSERT INTO logged_foods VALUES(862,1,1775174400000,14,10.0,'GRAM','LUNCH',1775219935819,NULL);
INSERT INTO logged_foods VALUES(863,1,1775174400000,84,10.0,'GRAM','LUNCH',1775219935819,NULL);
INSERT INTO logged_foods VALUES(864,1,1775174400000,82,14.0,'GRAM','LUNCH',1775219935819,NULL);
INSERT INTO logged_foods VALUES(865,1,1775174400000,78,150.0,'GRAM','PRE_WORKOUT',1775237441991,NULL);
INSERT INTO logged_foods VALUES(866,1,1775174400000,79,50.0,'GRAM','PRE_WORKOUT',1775237441991,NULL);
INSERT INTO logged_foods VALUES(867,1,1775174400000,34,30.0,'GRAM','PRE_WORKOUT',1775237441991,NULL);
INSERT INTO logged_foods VALUES(868,1,1775174400000,80,3.0,'GRAM','PRE_WORKOUT',1775237441991,NULL);
INSERT INTO logged_foods VALUES(869,1,1775174400000,67,240.0,'GRAM','EVENING',1775237443591,NULL);
INSERT INTO logged_foods VALUES(870,1,1775174400000,3,80.0,'GRAM','DINNER',1775243089170,NULL);
INSERT INTO logged_foods VALUES(871,1,1775174400000,4,80.0,'GRAM','DINNER',1775243089170,NULL);
INSERT INTO logged_foods VALUES(872,1,1775174400000,27,100.0,'GRAM','DINNER',1775243089170,NULL);
INSERT INTO logged_foods VALUES(873,1,1775174400000,17,100.0,'GRAM','DINNER',1775243089170,NULL);
INSERT INTO logged_foods VALUES(874,1,1775174400000,41,80.0,'GRAM','DINNER',1775243089170,NULL);
INSERT INTO logged_foods VALUES(875,1,1775174400000,6,50.0,'GRAM','DINNER',1775243089170,NULL);
INSERT INTO logged_foods VALUES(876,1,1775174400000,20,50.0,'GRAM','DINNER',1775243089170,NULL);
INSERT INTO logged_foods VALUES(877,1,1775174400000,21,45.0,'GRAM','DINNER',1775243089170,NULL);
INSERT INTO logged_foods VALUES(878,1,1775174400000,22,14.0,'GRAM','DINNER',1775243089170,NULL);
INSERT INTO logged_foods VALUES(879,1,1775174400000,25,12.0,'GRAM','DINNER',1775243089170,NULL);
INSERT INTO logged_foods VALUES(880,1,1775260800000,27,100.0,'GRAM','BREAKFAST',1775286126885,NULL);
INSERT INTO logged_foods VALUES(881,1,1775260800000,4,50.0,'GRAM','BREAKFAST',1775286126885,NULL);
INSERT INTO logged_foods VALUES(882,1,1775260800000,3,50.0,'GRAM','BREAKFAST',1775286126885,NULL);
INSERT INTO logged_foods VALUES(883,1,1775260800000,6,50.0,'GRAM','BREAKFAST',1775286126885,NULL);
INSERT INTO logged_foods VALUES(884,1,1775260800000,7,50.0,'GRAM','BREAKFAST',1775286126885,NULL);
INSERT INTO logged_foods VALUES(885,1,1775260800000,8,12.0,'GRAM','BREAKFAST',1775286126885,NULL);
INSERT INTO logged_foods VALUES(886,1,1775260800000,39,2.0,'GRAM','BREAKFAST',1775286126885,NULL);
INSERT INTO logged_foods VALUES(887,1,1775260800000,26,12.0,'GRAM','BREAKFAST',1775286126885,NULL);
INSERT INTO logged_foods VALUES(888,1,1775260800000,3,80.0,'GRAM','DINNER',1775334510611,NULL);
INSERT INTO logged_foods VALUES(889,1,1775260800000,4,80.0,'GRAM','DINNER',1775334510611,NULL);
INSERT INTO logged_foods VALUES(890,1,1775260800000,64,150.0,'GRAM','DINNER',1775334510611,NULL);
INSERT INTO logged_foods VALUES(891,1,1775260800000,53,45.0,'GRAM','DINNER',1775334510611,NULL);
INSERT INTO logged_foods VALUES(892,1,1775260800000,21,45.0,'GRAM','DINNER',1775334510611,NULL);
INSERT INTO logged_foods VALUES(893,1,1775260800000,22,12.0,'GRAM','DINNER',1775334510611,NULL);
INSERT INTO logged_foods VALUES(894,1,1775260800000,67,240.0,'GRAM','EVENING',1775334512070,NULL);
INSERT INTO logged_foods VALUES(895,1,1775260800000,16,20.0,'GRAM','EVENING',1775334512070,NULL);
INSERT INTO logged_foods VALUES(896,1,1775260800000,76,1.0,'GRAM','NOON',1775334512923,NULL);
INSERT INTO logged_foods VALUES(897,1,1775260800000,31,80.0,'GRAM','LUNCH',1775334513554,NULL);
INSERT INTO logged_foods VALUES(898,1,1775260800000,46,150.0,'GRAM','LUNCH',1775334513554,NULL);
INSERT INTO logged_foods VALUES(899,1,1775260800000,11,100.0,'GRAM','LUNCH',1775334513554,NULL);
INSERT INTO logged_foods VALUES(900,1,1775260800000,13,20.0,'GRAM','LUNCH',1775334513554,NULL);
INSERT INTO logged_foods VALUES(901,1,1775260800000,14,20.0,'GRAM','LUNCH',1775334513554,NULL);
INSERT INTO logged_foods VALUES(902,1,1775260800000,15,20.0,'GRAM','LUNCH',1775334513554,NULL);
INSERT INTO logged_foods VALUES(903,1,1775347200000,1,1.0,'GRAM','BREAKFAST',1775376503319,NULL);
INSERT INTO logged_foods VALUES(904,1,1775347200000,2,3.0,'GRAM','BREAKFAST',1775376503319,NULL);
INSERT INTO logged_foods VALUES(905,1,1775347200000,3,50.0,'GRAM','BREAKFAST',1775376503319,NULL);
INSERT INTO logged_foods VALUES(906,1,1775347200000,4,50.0,'GRAM','BREAKFAST',1775376503319,NULL);
INSERT INTO logged_foods VALUES(907,1,1775347200000,7,50.0,'GRAM','BREAKFAST',1775376503319,NULL);
INSERT INTO logged_foods VALUES(908,1,1775347200000,56,2.0,'GRAM','BREAKFAST',1775376503319,NULL);
INSERT INTO logged_foods VALUES(909,1,1775347200000,9,3.0,'GRAM','BREAKFAST',1775376503319,NULL);
INSERT INTO logged_foods VALUES(910,1,1775347200000,8,12.0,'GRAM','BREAKFAST',1775376503319,NULL);
INSERT INTO logged_foods VALUES(911,1,1775347200000,26,12.0,'GRAM','BREAKFAST',1775376503319,NULL);
INSERT INTO logged_foods VALUES(912,1,1775347200000,76,1.0,'GRAM','NOON',1775384643153,NULL);
INSERT INTO logged_foods VALUES(913,1,1775347200000,31,100.0,'GRAM','LUNCH',1775387853304,NULL);
INSERT INTO logged_foods VALUES(914,1,1775347200000,10,120.0,'GRAM','LUNCH',1775387853304,NULL);
INSERT INTO logged_foods VALUES(915,1,1775347200000,45,150.0,'GRAM','LUNCH',1775387853304,NULL);
INSERT INTO logged_foods VALUES(916,1,1775347200000,32,50.0,'GRAM','LUNCH',1775387853304,NULL);
INSERT INTO logged_foods VALUES(917,1,1775347200000,13,10.0,'GRAM','LUNCH',1775387853304,NULL);
INSERT INTO logged_foods VALUES(918,1,1775433600000,1,2.0,'GRAM','BREAKFAST',1775461707529,NULL);
INSERT INTO logged_foods VALUES(919,1,1775433600000,2,2.0,'GRAM','BREAKFAST',1775461707529,NULL);
INSERT INTO logged_foods VALUES(920,1,1775433600000,3,60.0,'GRAM','BREAKFAST',1775461707529,NULL);
INSERT INTO logged_foods VALUES(921,1,1775433600000,4,60.0,'GRAM','BREAKFAST',1775461707529,NULL);
INSERT INTO logged_foods VALUES(922,1,1775433600000,6,40.0,'GRAM','BREAKFAST',1775461707529,NULL);
INSERT INTO logged_foods VALUES(923,1,1775433600000,95,20.0,'GRAM','BREAKFAST',1775461707529,NULL);
INSERT INTO logged_foods VALUES(924,1,1775433600000,96,30.0,'GRAM','BREAKFAST',1775461707529,NULL);
INSERT INTO logged_foods VALUES(925,1,1775433600000,9,4.0,'GRAM','BREAKFAST',1775461707529,NULL);
INSERT INTO logged_foods VALUES(926,1,1775433600000,26,12.0,'GRAM','BREAKFAST',1775461707529,NULL);
INSERT INTO logged_foods VALUES(927,1,1775433600000,76,1.0,'GRAM','NOON',1775463370692,NULL);
INSERT INTO logged_foods VALUES(928,1,1775433600000,39,1.0,'GRAM','LUNCH',1775475904749,NULL);
INSERT INTO logged_foods VALUES(929,1,1775433600000,31,80.0,'GRAM','LUNCH',1775475904749,NULL);
INSERT INTO logged_foods VALUES(930,1,1775433600000,33,80.0,'GRAM','LUNCH',1775475904749,NULL);
INSERT INTO logged_foods VALUES(931,1,1775433600000,34,40.0,'GRAM','LUNCH',1775475904749,NULL);
INSERT INTO logged_foods VALUES(932,1,1775433600000,8,8.0,'GRAM','LUNCH',1775475904749,NULL);
INSERT INTO logged_foods VALUES(933,1,1775433600000,85,10.0,'GRAM','LUNCH',1775475904749,NULL);
INSERT INTO logged_foods VALUES(934,1,1775433600000,67,240.0,'GRAM','EVENING',1775493266564,NULL);
INSERT INTO logged_foods VALUES(935,1,1775433600000,67,360.0,'GRAM','POST_WORKOUT',1775501052052,NULL);
INSERT INTO logged_foods VALUES(936,1,1775433600000,79,45.0,'GRAM','POST_WORKOUT',1775501052052,NULL);
INSERT INTO logged_foods VALUES(937,1,1775433600000,65,50.0,'GRAM','POST_WORKOUT',1775501052052,NULL);
INSERT INTO logged_foods VALUES(938,1,1775433600000,3,80.0,'GRAM','DINNER',1775503254893,NULL);
INSERT INTO logged_foods VALUES(939,1,1775433600000,4,80.0,'GRAM','DINNER',1775503254893,NULL);
INSERT INTO logged_foods VALUES(940,1,1775433600000,27,100.0,'GRAM','DINNER',1775503254893,NULL);
INSERT INTO logged_foods VALUES(941,1,1775433600000,101,120.0,'GRAM','DINNER',1775503254893,NULL);
INSERT INTO logged_foods VALUES(942,1,1775433600000,5,40.0,'GRAM','DINNER',1775503254893,NULL);
INSERT INTO logged_foods VALUES(943,1,1775433600000,21,50.0,'GRAM','DINNER',1775503254893,NULL);
INSERT INTO logged_foods VALUES(944,1,1775433600000,23,12.0,'GRAM','DINNER',1775503254893,NULL);
INSERT INTO logged_foods VALUES(945,1,1775520000000,69,8.0,'GRAM','EARLY_MORNING',1775543901974,NULL);
INSERT INTO logged_foods VALUES(946,1,1775520000000,3,70.0,'GRAM','BREAKFAST',1775549184489,NULL);
INSERT INTO logged_foods VALUES(947,1,1775520000000,4,70.0,'GRAM','BREAKFAST',1775549184489,NULL);
INSERT INTO logged_foods VALUES(948,1,1775520000000,5,40.0,'GRAM','BREAKFAST',1775549184489,NULL);
INSERT INTO logged_foods VALUES(949,1,1775520000000,6,40.0,'GRAM','BREAKFAST',1775549184489,NULL);
INSERT INTO logged_foods VALUES(950,1,1775520000000,1,2.0,'GRAM','BREAKFAST',1775549184489,NULL);
INSERT INTO logged_foods VALUES(951,1,1775520000000,2,3.0,'GRAM','BREAKFAST',1775549184489,NULL);
INSERT INTO logged_foods VALUES(952,1,1775520000000,8,14.0,'GRAM','BREAKFAST',1775549184489,NULL);
INSERT INTO logged_foods VALUES(953,1,1775520000000,9,1.0,'GRAM','BREAKFAST',1775549184489,NULL);
INSERT INTO logged_foods VALUES(954,1,1775520000000,27,80.0,'GRAM','BREAKFAST',1775549184489,NULL);
INSERT INTO logged_foods VALUES(955,1,1775520000000,76,1.0,'GRAM','NOON',1775557400419,NULL);
INSERT INTO logged_foods VALUES(956,1,1775520000000,105,200.0,'GRAM','LUNCH',1775567640971,NULL);
INSERT INTO logged_foods VALUES(957,1,1775520000000,12,180.0,'GRAM','LUNCH',1775567640971,NULL);
INSERT INTO logged_foods VALUES(958,1,1775520000000,46,180.0,'GRAM','LUNCH',1775567640971,NULL);
INSERT INTO logged_foods VALUES(959,1,1775520000000,13,20.0,'GRAM','PRE_WORKOUT',1775581324284,NULL);
INSERT INTO logged_foods VALUES(960,1,1775520000000,14,20.0,'GRAM','PRE_WORKOUT',1775581324284,NULL);
INSERT INTO logged_foods VALUES(961,1,1775520000000,16,20.0,'GRAM','PRE_WORKOUT',1775581324284,NULL);
INSERT INTO logged_foods VALUES(962,1,1775520000000,15,20.0,'GRAM','PRE_WORKOUT',1775581324284,NULL);
INSERT INTO logged_foods VALUES(963,1,1775520000000,67,240.0,'GRAM','EVENING',1775581325064,NULL);
INSERT INTO logged_foods VALUES(964,1,1775520000000,3,80.0,'GRAM','DINNER',1775581325735,NULL);
INSERT INTO logged_foods VALUES(965,1,1775520000000,4,80.0,'GRAM','DINNER',1775581325735,NULL);
INSERT INTO logged_foods VALUES(966,1,1775520000000,64,220.0,'GRAM','DINNER',1775581325735,NULL);
INSERT INTO logged_foods VALUES(967,1,1775520000000,30,120.0,'GRAM','DINNER',1775581325735,NULL);
INSERT INTO logged_foods VALUES(968,1,1775520000000,27,100.0,'GRAM','DINNER',1775581325735,NULL);
INSERT INTO logged_foods VALUES(969,1,1775520000000,7,50.0,'GRAM','DINNER',1775581325735,NULL);
INSERT INTO logged_foods VALUES(970,1,1775520000000,20,50.0,'GRAM','DINNER',1775581325735,NULL);
INSERT INTO logged_foods VALUES(971,1,1775520000000,22,14.0,'GRAM','DINNER',1775581325735,NULL);
INSERT INTO logged_foods VALUES(972,1,1775606400000,3,50.0,'GRAM','BREAKFAST',1775637805093,NULL);
INSERT INTO logged_foods VALUES(973,1,1775606400000,7,50.0,'GRAM','BREAKFAST',1775637805093,NULL);
INSERT INTO logged_foods VALUES(974,1,1775606400000,19,80.0,'GRAM','BREAKFAST',1775637805093,NULL);
INSERT INTO logged_foods VALUES(975,1,1775606400000,57,50.0,'GRAM','BREAKFAST',1775637805093,NULL);
INSERT INTO logged_foods VALUES(976,1,1775606400000,8,12.0,'GRAM','BREAKFAST',1775637805093,NULL);
INSERT INTO logged_foods VALUES(977,1,1775606400000,9,4.0,'GRAM','BREAKFAST',1775637805093,NULL);
INSERT INTO logged_foods VALUES(978,1,1775606400000,26,12.0,'GRAM','BREAKFAST',1775637805093,NULL);
INSERT INTO logged_foods VALUES(979,1,1775606400000,56,2.0,'GRAM','BREAKFAST',1775637805093,NULL);
INSERT INTO logged_foods VALUES(980,1,1775606400000,76,1.0,'CUP','NOON',NULL,NULL);
INSERT INTO logged_foods VALUES(981,1,1775606400000,81,40.0,'GRAM','LUNCH',1775654292108,NULL);
INSERT INTO logged_foods VALUES(982,1,1775606400000,67,240.0,'GRAM','LUNCH',1775654292108,NULL);
INSERT INTO logged_foods VALUES(983,1,1775606400000,69,8.0,'GRAM','LUNCH',1775654292108,NULL);
INSERT INTO logged_foods VALUES(984,1,1775606400000,13,20.0,'GRAM','LUNCH',1775654292108,NULL);
INSERT INTO logged_foods VALUES(985,1,1775606400000,31,120.0,'GRAM','LUNCH',1775654292108,NULL);
INSERT INTO logged_foods VALUES(986,1,1775606400000,10,120.0,'GRAM','LUNCH',1775654292108,NULL);
INSERT INTO logged_foods VALUES(987,1,1775606400000,85,12.0,'GRAM','LUNCH',1775654292108,NULL);
INSERT INTO logged_foods VALUES(988,1,1775606400000,67,240.0,'GRAM','EVENING',NULL,NULL);
INSERT INTO logged_foods VALUES(989,1,1775606400000,79,50.0,'GRAM','PRE_WORKOUT',1775663533056,NULL);
INSERT INTO logged_foods VALUES(990,1,1775606400000,78,240.0,'GRAM','PRE_WORKOUT',1775663533056,NULL);
INSERT INTO logged_foods VALUES(991,1,1775606400000,66,100.0,'GRAM','PRE_WORKOUT',1775663533056,NULL);
INSERT INTO logged_foods VALUES(992,1,1775606400000,3,80.0,'GRAM','DINNER',1775676767656,NULL);
INSERT INTO logged_foods VALUES(993,1,1775606400000,4,80.0,'GRAM','DINNER',1775676767656,NULL);
INSERT INTO logged_foods VALUES(994,1,1775606400000,27,100.0,'GRAM','DINNER',1775676767656,NULL);
INSERT INTO logged_foods VALUES(995,1,1775606400000,17,100.0,'GRAM','DINNER',1775676767656,NULL);
INSERT INTO logged_foods VALUES(996,1,1775606400000,18,100.0,'GRAM','DINNER',1775676767656,NULL);
INSERT INTO logged_foods VALUES(997,1,1775606400000,42,80.0,'GRAM','DINNER',1775676767656,NULL);
INSERT INTO logged_foods VALUES(998,1,1775606400000,6,40.0,'GRAM','DINNER',1775676767656,NULL);
INSERT INTO logged_foods VALUES(999,1,1775606400000,7,40.0,'GRAM','DINNER',1775676767656,NULL);
INSERT INTO logged_foods VALUES(1000,1,1775606400000,47,55.0,'GRAM','DINNER',1775676767656,NULL);
INSERT INTO logged_foods VALUES(1001,1,1775606400000,22,14.0,'GRAM','DINNER',1775676767656,NULL);
INSERT INTO logged_foods VALUES(1002,1,1775606400000,89,30.0,'GRAM','DINNER',1775676767656,NULL);
INSERT INTO logged_foods VALUES(1003,1,1775606400000,49,12.0,'GRAM','DINNER',1775676767656,NULL);
INSERT INTO logged_foods VALUES(1022,1,1775692800000,1,1.0,'PIECE','BREAKFAST',NULL,NULL);
INSERT INTO logged_foods VALUES(1023,1,1775692800000,2,3.0,'PIECE','BREAKFAST',NULL,NULL);
INSERT INTO logged_foods VALUES(1024,1,1775692800000,3,50.0,'GRAM','BREAKFAST',NULL,NULL);
INSERT INTO logged_foods VALUES(1025,1,1775692800000,4,50.0,'GRAM','BREAKFAST',NULL,NULL);
INSERT INTO logged_foods VALUES(1026,1,1775692800000,7,50.0,'GRAM','BREAKFAST',NULL,NULL);
INSERT INTO logged_foods VALUES(1027,1,1775692800000,56,2.0,'PIECE','BREAKFAST',NULL,NULL);
INSERT INTO logged_foods VALUES(1028,1,1775692800000,9,3.0,'PIECE','BREAKFAST',NULL,NULL);
INSERT INTO logged_foods VALUES(1029,1,1775692800000,8,12.0,'GRAM','BREAKFAST',NULL,NULL);
INSERT INTO logged_foods VALUES(1030,1,1775692800000,26,12.0,'GRAM','BREAKFAST',NULL,NULL);
INSERT INTO logged_foods VALUES(1031,1,1775692800000,76,1.0,'CUP','NOON',NULL,NULL);
INSERT INTO logged_foods VALUES(1032,1,1775692800000,31,100.0,'GRAM','LUNCH',1775736754834,NULL);
INSERT INTO logged_foods VALUES(1033,1,1775692800000,10,120.0,'GRAM','LUNCH',1775736754834,NULL);
INSERT INTO logged_foods VALUES(1034,1,1775692800000,45,150.0,'GRAM','LUNCH',1775736754834,NULL);
INSERT INTO logged_foods VALUES(1035,1,1775692800000,32,50.0,'GRAM','LUNCH',1775736754834,NULL);
INSERT INTO logged_foods VALUES(1036,1,1775692800000,13,10.0,'GRAM','LUNCH',1775736754834,NULL);
INSERT INTO logged_foods VALUES(1037,1,1775692800000,67,240.0,'GRAM','EVENING',NULL,NULL);
INSERT INTO logged_foods VALUES(1038,1,1775692800000,67,240.0,'GRAM','POST_WORKOUT',NULL,NULL);
INSERT INTO logged_foods VALUES(1039,1,1775692800000,79,45.0,'GRAM','POST_WORKOUT',NULL,NULL);
INSERT INTO logged_foods VALUES(1040,1,1775692800000,65,50.0,'GRAM','POST_WORKOUT',NULL,NULL);
INSERT INTO logged_foods VALUES(1041,1,1775692800000,4,80.0,'GRAM','DINNER',1775761229768,NULL);
INSERT INTO logged_foods VALUES(1042,1,1775692800000,3,80.0,'GRAM','DINNER',1775761229768,NULL);
INSERT INTO logged_foods VALUES(1043,1,1775692800000,64,140.0,'GRAM','DINNER',1775761229768,NULL);
INSERT INTO logged_foods VALUES(1044,1,1775692800000,30,100.0,'GRAM','DINNER',1775761229768,NULL);
INSERT INTO logged_foods VALUES(1045,1,1775692800000,53,45.0,'GRAM','DINNER',1775761229768,NULL);
INSERT INTO logged_foods VALUES(1046,1,1775692800000,21,50.0,'GRAM','DINNER',1775761229768,NULL);
INSERT INTO logged_foods VALUES(1047,1,1775692800000,23,12.0,'GRAM','DINNER',1775761229768,NULL);
INSERT INTO logged_foods VALUES(1056,1,1775779200000,1,2.0,'GRAM','BREAKFAST',1775809814315,NULL);
INSERT INTO logged_foods VALUES(1057,1,1775779200000,2,2.0,'GRAM','BREAKFAST',1775809814315,NULL);
INSERT INTO logged_foods VALUES(1058,1,1775779200000,3,40.0,'GRAM','BREAKFAST',1775809814315,NULL);
INSERT INTO logged_foods VALUES(1059,1,1775779200000,6,40.0,'GRAM','BREAKFAST',1775809814315,NULL);
INSERT INTO logged_foods VALUES(1060,1,1775779200000,28,50.0,'GRAM','BREAKFAST',1775809814315,NULL);
INSERT INTO logged_foods VALUES(1061,1,1775779200000,39,1.0,'GRAM','BREAKFAST',1775809814315,NULL);
INSERT INTO logged_foods VALUES(1062,1,1775779200000,8,12.0,'GRAM','BREAKFAST',1775809814315,NULL);
INSERT INTO logged_foods VALUES(1063,1,1775779200000,26,12.0,'GRAM','BREAKFAST',1775809814315,NULL);
INSERT INTO logged_foods VALUES(1064,1,1775779200000,76,1.0,'GRAM','NOON',1775816521776,NULL);
INSERT INTO logged_foods VALUES(1065,1,1775779200000,27,80.0,'GRAM','LUNCH',1775826430803,NULL);
INSERT INTO logged_foods VALUES(1066,1,1775779200000,4,80.0,'GRAM','LUNCH',1775826430803,NULL);
INSERT INTO logged_foods VALUES(1067,1,1775779200000,59,120.0,'GRAM','LUNCH',1775826430803,NULL);
INSERT INTO logged_foods VALUES(1068,1,1775779200000,3,20.0,'GRAM','LUNCH',1775826430803,NULL);
INSERT INTO logged_foods VALUES(1069,1,1775779200000,6,40.0,'GRAM','LUNCH',1775826430803,NULL);
INSERT INTO logged_foods VALUES(1070,1,1775779200000,28,50.0,'GRAM','LUNCH',1775826430803,NULL);
INSERT INTO logged_foods VALUES(1071,1,1775779200000,58,40.0,'GRAM','LUNCH',1775826430803,NULL);
INSERT INTO logged_foods VALUES(1072,1,1775779200000,67,240.0,'GRAM','EVENING',NULL,NULL);
INSERT INTO logged_foods VALUES(1073,1,1775779200000,67,240.0,'GRAM','POST_WORKOUT',1775843542673,NULL);
INSERT INTO logged_foods VALUES(1074,1,1775779200000,79,45.0,'GRAM','POST_WORKOUT',1775843542673,NULL);
INSERT INTO logged_foods VALUES(1093,1,1775779200000,4,80.0,'GRAM','DINNER',1775847867363,NULL);
INSERT INTO logged_foods VALUES(1094,1,1775779200000,3,80.0,'GRAM','DINNER',1775847867363,NULL);
INSERT INTO logged_foods VALUES(1095,1,1775779200000,64,120.0,'GRAM','DINNER',1775847867363,NULL);
INSERT INTO logged_foods VALUES(1096,1,1775779200000,19,100.0,'GRAM','DINNER',1775847867363,NULL);
INSERT INTO logged_foods VALUES(1097,1,1775779200000,18,80.0,'GRAM','DINNER',1775847867363,NULL);
INSERT INTO logged_foods VALUES(1098,1,1775779200000,5,40.0,'GRAM','DINNER',1775847867363,NULL);
INSERT INTO logged_foods VALUES(1099,1,1775779200000,47,55.0,'GRAM','DINNER',1775847867363,NULL);
INSERT INTO logged_foods VALUES(1100,1,1775779200000,22,12.0,'GRAM','DINNER',1775847867363,NULL);
INSERT INTO logged_foods VALUES(1101,1,1775779200000,49,12.0,'GRAM','DINNER',1775847867363,NULL);
INSERT INTO logged_foods VALUES(1102,1,1775865600000,77,1.0,'GRAM','EARLY_MORNING',1775888653275,NULL);
INSERT INTO logged_foods VALUES(1103,1,1775865600000,69,10.0,'GRAM','EARLY_MORNING',1775888653275,NULL);
INSERT INTO logged_foods VALUES(1104,1,1775865600000,94,60.0,'GRAM','BREAKFAST',NULL,NULL);
INSERT INTO logged_foods VALUES(1105,1,1775865600000,19,80.0,'GRAM','BREAKFAST',NULL,NULL);
INSERT INTO logged_foods VALUES(1106,1,1775865600000,3,80.0,'GRAM','BREAKFAST',NULL,NULL);
INSERT INTO logged_foods VALUES(1107,1,1775865600000,4,80.0,'GRAM','BREAKFAST',NULL,NULL);
INSERT INTO logged_foods VALUES(1108,1,1775865600000,18,50.0,'GRAM','BREAKFAST',NULL,NULL);
INSERT INTO logged_foods VALUES(1109,1,1775865600000,20,40.0,'GRAM','BREAKFAST',NULL,NULL);
INSERT INTO logged_foods VALUES(1110,1,1775865600000,24,12.0,'GRAM','BREAKFAST',NULL,NULL);
INSERT INTO logged_foods VALUES(1111,1,1775865600000,76,1.0,'GRAM','NOON',1775909911114,NULL);
INSERT INTO logged_foods VALUES(1112,1,1775865600000,10,120.0,'GRAM','LUNCH',1775913849985,NULL);
INSERT INTO logged_foods VALUES(1113,1,1775865600000,50,120.0,'GRAM','LUNCH',1775913849985,NULL);
INSERT INTO logged_foods VALUES(1114,1,1775865600000,45,180.0,'GRAM','LUNCH',1775913849985,NULL);
INSERT INTO logged_foods VALUES(1115,1,1775865600000,14,20.0,'GRAM','LUNCH',1775913849985,NULL);
INSERT INTO logged_foods VALUES(1116,1,1775865600000,15,20.0,'GRAM','LUNCH',1775913849985,NULL);
CREATE TABLE IF NOT EXISTS "plans" (
    `userId` INTEGER NOT NULL,
    `date` INTEGER NOT NULL,
    `dietId` INTEGER,
    `notes` TEXT,
    `isCompleted` INTEGER NOT NULL,
    PRIMARY KEY(`userId`, `date`),
    FOREIGN KEY(`userId`) REFERENCES `users`(`id`)
        ON UPDATE NO ACTION ON DELETE CASCADE,
    FOREIGN KEY(`dietId`) REFERENCES `diets`(`id`)
        ON UPDATE NO ACTION ON DELETE SET NULL
);
INSERT INTO plans VALUES(1,1771545600000,34,NULL,1);
INSERT INTO plans VALUES(2,1771804800000,51,NULL,0);
INSERT INTO plans VALUES(2,1771718400000,54,NULL,1);
INSERT INTO plans VALUES(1,1771977600000,36,NULL,1);
INSERT INTO plans VALUES(1,1771891200000,2,NULL,1);
INSERT INTO plans VALUES(1,1772064000000,31,NULL,1);
INSERT INTO plans VALUES(1,1771632000000,29,NULL,1);
INSERT INTO plans VALUES(1,1771718400000,16,NULL,1);
INSERT INTO plans VALUES(1,1771804800000,16,NULL,1);
INSERT INTO plans VALUES(1,1772150400000,29,NULL,1);
INSERT INTO plans VALUES(3,1772323200000,111,NULL,1);
INSERT INTO plans VALUES(1,1772323200000,35,NULL,1);
INSERT INTO plans VALUES(1,1772236800000,30,NULL,1);
INSERT INTO plans VALUES(1,1772409600000,34,NULL,1);
INSERT INTO plans VALUES(1,1772496000000,10,NULL,1);
INSERT INTO plans VALUES(1,1772582400000,31,NULL,1);
INSERT INTO plans VALUES(1,1772668800000,30,NULL,1);
INSERT INTO plans VALUES(1,1772928000000,36,NULL,1);
INSERT INTO plans VALUES(1,1772841600000,18,NULL,1);
INSERT INTO plans VALUES(1,1772755200000,32,NULL,1);
INSERT INTO plans VALUES(1,1773014400000,31,NULL,1);
INSERT INTO plans VALUES(1,1773100800000,37,NULL,1);
INSERT INTO plans VALUES(1,1773446400000,28,NULL,0);
INSERT INTO plans VALUES(1,1773532800000,22,NULL,1);
INSERT INTO plans VALUES(1,1773705600000,37,NULL,1);
INSERT INTO plans VALUES(1,1773619200000,37,NULL,1);
INSERT INTO plans VALUES(1,1773792000000,25,NULL,1);
INSERT INTO plans VALUES(1,1773964800000,34,NULL,1);
INSERT INTO plans VALUES(1,1773878400000,25,NULL,1);
INSERT INTO plans VALUES(1,1774828800000,14,NULL,1);
INSERT INTO plans VALUES(1,1774742400000,14,NULL,1);
INSERT INTO plans VALUES(1,1774656000000,14,NULL,1);
INSERT INTO plans VALUES(1,1774569600000,14,NULL,1);
INSERT INTO plans VALUES(1,1774483200000,14,NULL,1);
INSERT INTO plans VALUES(1,1774915200000,14,NULL,1);
INSERT INTO plans VALUES(1,1775001600000,14,NULL,1);
INSERT INTO plans VALUES(1,1775088000000,17,NULL,1);
INSERT INTO plans VALUES(1,1775174400000,19,NULL,1);
INSERT INTO plans VALUES(1,1775260800000,11,NULL,1);
INSERT INTO plans VALUES(1,1775347200000,31,NULL,1);
INSERT INTO plans VALUES(1,1775865600000,32,NULL,0);
INSERT INTO plans VALUES(1,1775952000000,9,NULL,0);
INSERT INTO plans VALUES(1,1775433600000,34,NULL,1);
INSERT INTO plans VALUES(1,1775520000000,18,NULL,1);
INSERT INTO plans VALUES(1,1775606400000,23,NULL,1);
INSERT INTO plans VALUES(1,1776038400000,23,NULL,0);
INSERT INTO plans VALUES(1,1775692800000,31,NULL,1);
INSERT INTO plans VALUES(1,1775779200000,33,NULL,1);
CREATE TABLE IF NOT EXISTS "grocery_lists" (
    `id` INTEGER PRIMARY KEY AUTOINCREMENT NOT NULL,
    `userId` INTEGER NOT NULL,
    `name` TEXT NOT NULL,
    `startDate` INTEGER,
    `endDate` INTEGER,
    `createdAt` INTEGER NOT NULL,
    `updatedAt` INTEGER NOT NULL,
    `serverId` TEXT,
    `syncedAt` INTEGER,
    FOREIGN KEY(`userId`) REFERENCES `users`(`id`)
        ON UPDATE NO ACTION ON DELETE CASCADE
);
INSERT INTO grocery_lists VALUES(8,1,'current',1775088000000,1775520000000,1775038666129,1775038831020,NULL,NULL);
CREATE TABLE IF NOT EXISTS "health_metrics" (
    `id` INTEGER PRIMARY KEY AUTOINCREMENT NOT NULL,
    `userId` INTEGER NOT NULL,
    `date` INTEGER NOT NULL,
    `timestamp` INTEGER NOT NULL,
    `metricType` TEXT,
    `customTypeId` INTEGER,
    `value` REAL NOT NULL,
    `secondaryValue` REAL,
    `subType` TEXT,
    `notes` TEXT,
    `serverId` TEXT,
    `updatedAt` INTEGER NOT NULL,
    `syncedAt` INTEGER,
    FOREIGN KEY(`userId`) REFERENCES `users`(`id`)
        ON UPDATE NO ACTION ON DELETE CASCADE
);
INSERT INTO health_metrics VALUES(4,1,1772496000000,1772577003895,'BLOOD_GLUCOSE',NULL,154.0,NULL,'FASTING',NULL,NULL,1772577003895,NULL);
INSERT INTO health_metrics VALUES(5,1,1771804800000,1772577033127,'BLOOD_GLUCOSE',NULL,122.0,NULL,'FASTING',NULL,NULL,1772577033127,NULL);
INSERT INTO health_metrics VALUES(6,1,1771113600000,1772577055393,'BLOOD_GLUCOSE',NULL,131.0,NULL,'FASTING',NULL,NULL,1772577055393,NULL);
INSERT INTO health_metrics VALUES(7,1,1770681600000,1772577074091,'BLOOD_GLUCOSE',NULL,134.0,NULL,'FASTING',NULL,NULL,1772577074091,NULL);
INSERT INTO health_metrics VALUES(8,1,1770422400000,1772577087903,'BLOOD_GLUCOSE',NULL,125.0,NULL,'FASTING',NULL,NULL,1772577087903,NULL);
INSERT INTO health_metrics VALUES(9,1,1769990400000,1772577119204,'WEIGHT',NULL,64.20000000000000284,NULL,NULL,NULL,NULL,1772577119204,NULL);
INSERT INTO health_metrics VALUES(10,1,1770681600000,1772577128830,'WEIGHT',NULL,64.59999999999999431,NULL,NULL,NULL,NULL,1772577128830,NULL);
INSERT INTO health_metrics VALUES(11,1,1772755200000,1772780487709,'BLOOD_GLUCOSE',NULL,124.0,NULL,'FASTING',NULL,NULL,1772780487709,NULL);
INSERT INTO health_metrics VALUES(12,1,1772755200000,1772780487767,'WEIGHT',NULL,64.40000000000000569,NULL,NULL,NULL,NULL,1772780487767,NULL);
INSERT INTO health_metrics VALUES(13,1,1773792000000,1773817107229,'BLOOD_GLUCOSE',NULL,116.0,NULL,'FASTING',NULL,NULL,1773817107229,NULL);
INSERT INTO health_metrics VALUES(14,1,1773792000000,1773817107275,'WEIGHT',NULL,64.40000000000000569,NULL,NULL,NULL,NULL,1773817107275,NULL);
INSERT INTO health_metrics VALUES(15,1,1774742400000,1774939687699,'BLOOD_GLUCOSE',NULL,121.0,NULL,'FASTING',NULL,NULL,1774939687699,NULL);
INSERT INTO health_metrics VALUES(16,1,1775606400000,1775631387862,'BLOOD_GLUCOSE',NULL,124.0,NULL,'FASTING',NULL,NULL,1775631387862,NULL);
INSERT INTO health_metrics VALUES(17,1,1775606400000,1775631387904,'WEIGHT',NULL,65.0,NULL,NULL,NULL,NULL,1775631387904,NULL);
CREATE TABLE IF NOT EXISTS "custom_meal_slots" (
    `id` INTEGER PRIMARY KEY AUTOINCREMENT NOT NULL,
    `userId` INTEGER NOT NULL,
    `date` INTEGER NOT NULL,
    `name` TEXT NOT NULL,
    `slotOrder` INTEGER NOT NULL
);
INSERT INTO sqlite_sequence VALUES('food_items',108);
INSERT INTO sqlite_sequence VALUES('diets',115);
INSERT INTO sqlite_sequence VALUES('tags',12);
INSERT INTO sqlite_sequence VALUES('meals',652);
INSERT INTO sqlite_sequence VALUES('custom_metric_types',0);
INSERT INTO sqlite_sequence VALUES('users',3);
INSERT INTO sqlite_sequence VALUES('grocery_items',766);
INSERT INTO sqlite_sequence VALUES('logged_foods',1116);
INSERT INTO sqlite_sequence VALUES('grocery_lists',8);
INSERT INTO sqlite_sequence VALUES('health_metrics',17);
INSERT INTO sqlite_sequence VALUES('custom_meal_slots',0);
CREATE INDEX `index_meal_food_items_mealId` ON `meal_food_items` (`mealId`);
CREATE INDEX `index_meal_food_items_foodId` ON `meal_food_items` (`foodId`);
CREATE UNIQUE INDEX index_users_email ON users(email);
CREATE UNIQUE INDEX index_tags_userId_name ON tags(userId, name);
CREATE INDEX index_diet_tags_dietId ON diet_tags(dietId);
CREATE INDEX index_diet_tags_tagId ON diet_tags(tagId);
CREATE INDEX index_diets_new_userId ON "diets"(userId);
CREATE INDEX index_meals_new_userId ON "meals"(userId);
CREATE INDEX index_custom_metric_types_new_userId ON "custom_metric_types"(userId);
CREATE INDEX index_diet_meals_dietId ON diet_meals(dietId);
CREATE INDEX index_diet_meals_mealId ON diet_meals(mealId);
CREATE INDEX index_grocery_items_listId ON grocery_items(listId);
CREATE INDEX index_grocery_items_foodId ON grocery_items(foodId);
CREATE INDEX index_food_tag_cross_refs_foodId ON food_tag_cross_refs(foodId);
CREATE INDEX index_food_tag_cross_refs_tagId ON food_tag_cross_refs(tagId);
CREATE INDEX `index_daily_logs_userId` ON `daily_logs` (`userId`);
CREATE INDEX `index_logged_foods_userId_logDate` ON `logged_foods` (`userId`, `logDate`);
CREATE INDEX `index_logged_foods_foodId` ON `logged_foods` (`foodId`);
CREATE INDEX `index_plans_userId` ON `plans` (`userId`);
CREATE INDEX `index_plans_dietId` ON `plans` (`dietId`);
CREATE UNIQUE INDEX `index_plans_userId_date` ON `plans` (`userId`, `date`);
CREATE INDEX `index_grocery_lists_userId` ON `grocery_lists` (`userId`);
CREATE INDEX `index_health_metrics_userId` ON `health_metrics` (`userId`);
CREATE INDEX `index_health_metrics_date` ON `health_metrics` (`date`);
CREATE INDEX `index_health_metrics_metricType` ON `health_metrics` (`metricType`);
CREATE INDEX `index_health_metrics_customTypeId` ON `health_metrics` (`customTypeId`);
COMMIT;
